64760.44,0.39211714
64764.19,0.60534722
64810.35,1.99628498
64746.05,0.43079471
64740.39,0.66606087
64741.22,0.94668151
64743.23,0.739811
64742.62,1.64138543
64706.72,0.6500904
64690.94,1.59604457
64665.62,0.62373816
64650.83,0.84865209
64657.27,0.17964818
64646.47,0.59953034
64650.0,1.10118783
64623.64,1.14565839
64600.0,0.01230387
64600.01,1.84232292
64541.63,0.49433931
64552.67,0.01458329
64554.42,15.36913111
64403.35,1.29534093
64490.99,5.49910597
64545.93,0.19414297
64563.76,3.38574807
64583.38,1.37734683
64559.42,1.38796843
64490.01,2.3477313
64433.65,0.38256852
64411.12,1.2828846
64415.87,0.06629448
64446.84,1.67263037
64358.78,0.66596516
64446.5,1.31136133
64440.0,0.91522582
64419.8,0.17088275
64480.36,0.89912141
64494.57,0.09505165
64503.66,0.99069737
64485.33,1.7254626
64467.21,1.32156681
64488.75,1.19481666
64430.32,1.42070832
64406.91,0.60657875
64407.27,0.68417267
64439.07,1.01455908
64397.51,0.12409203
64421.17,0.0047857
64421.18,0.175573
64427.62,0.23752543
64450.29,0.505478
64432.18,0.44633935
64450.69,0.47217354
64455.39,0.21617708
64483.38,0.59697427
64493.77,0.66911137
64487.01,1.27555056
64471.97,0.22437962
64473.49,2.30682436
64485.87,1.00340025
64570.22,0.33326686
64583.76,0.26288041
64579.03,2.82764114
64589.33,0.37835928
64600.96,0.26467415
64606.47,1.22612544
64641.32,0.79101504
64616.65,0.00811608
64616.65,0.33181868
64580.26,0.738724
64556.29,1.93840589
64566.31,1.60693503
64572.04,0.51056668
64549.7,9.04242316
64547.73,1.41043227
64521.19,0.62635907
64518.2,0.06211711
64512.69,0.2588045
64496.56,1.77899001
64460.0,0.01202433
64459.99,0.23865272
64485.3,0.53795371
64485.31,0.43264547
64474.02,0.24783354
64451.51,0.13981684
64481.03,0.05348512
64488.43,0.16603666
64500.39,2.03488822
64504.52,0.53022857
64500.23,2.29702472
64499.36,0.93255902
64459.8,0.07962084
64474.05,0.27101034
64459.8,0.4085124
64447.85,0.26239824
64496.84,0.24242351
64510.22,0.64507789
64490.65,0.78776973
64507.92,0.33856182
64484.52,1.62769932
64440.78,0.56401505
64475.1,0.80395498
64486.52,0.86864902
64538.45,1.84938641
64512.12,0.05189493
64525.85,0.47334445
64546.89,5.41085848
64524.94,1.47250368
64580.82,3.07455902
64599.99,1.30851854
64581.0,6.53546599
64506.45,1.33457544
64516.21,1.02937277
64525.09,0.32554013
64537.63,0.12114853
64577.52,0.14790636
64567.87,0.39489022
64579.32,3.88234945
64592.32,0.06763616
64553.25,0.00820027
64529.04,0.2190107
64530.96,0.02985591
64526.67,0.13000708
64537.41,0.10999558
64526.28,0.06863642
64515.92,0.19792027
64538.91,0.35954791
64517.72,0.6835513
64511.66,0.07008436
64533.5,0.11509566
64560.43,0.03327315
64568.27,0.9289266
64554.91,0.15946942
64563.55,0.03636816
64562.41,0.10540114
64540.04,0.06233881
64547.76,0.191717
64529.81,2.20822114
64535.81,0.20813308
64521.47,0.30013047
64530.96,0.24914546
64525.81,0.1174247
64558.28,8.65105267
64593.04,0.76715866
64585.46,0.33316385
64565.44,0.2017166
64552.92,0.50923437
64541.07,2.74123908
64540.16,0.15180544
64569.15,0.04527305
64579.04,0.09998231
64591.08,0.65013564
64627.83,0.33478425
64607.21,0.35075895
64584.82,0.82653889
64587.26,0.98933211
64583.84,0.74095726
64582.5,0.82311975
64582.85,1.80466507
64523.0,6.35316083
64499.36,0.00921995
64497.8,0.42653754
64494.77,3.58267195
64493.18,0.84468083
64472.5,0.75650251
64468.78,1.00148761
64494.2,0.30397715
64463.79,0.00327916
64453.77,0.41083732
64469.59,0.01471256
64469.59,0.02030684
64468.02,0.20884569
64502.56,0.00220462
64498.27,0.06184852
64501.33,0.43817422
64527.32,0.1501014
64550.93,0.42136141
64549.44,0.20575413
64546.35,0.18701067
64555.43,1.12347561
64554.01,0.82197187
64571.15,1.61698241
64591.24,0.18468193
64590.3,0.01371864
64590.3,1.29066048
64587.98,0.27663836
64620.66,0.7925498
64596.91,0.43408597
64586.45,0.21116572
64528.07,3.915356
64527.69,0.24846572
64515.09,1.62832763
64474.04,1.86450296
64489.99,0.52913339
64470.02,6.98064936
64450.97,0.02334472
64442.98,0.10325818
64438.62,1.22628488
64442.22,0.20918741
64461.82,0.86968307
64457.38,0.85776805
64457.38,0.072844
64438.35,1.15410629
64442.67,0.68684241
64422.58,2.61472672
64428.15,0.16629241
64445.79,0.11398772
64465.02,0.65454617
64443.6,0.05696716
64452.92,0.49712964
64444.88,0.03481442
64444.87,0.1988428
64441.08,1.43121955
64420.9,0.00972267
64417.48,0.04261619
64412.01,0.0219964
64408.45,0.16316095
64420.89,0.51074492
64407.49,6.43220063
64395.23,0.34770614
64396.78,0.62782738
64402.29,0.29567488
64406.99,0.00980371
64403.49,0.19927497
64406.98,0.56377142
64402.29,0.00173548
64402.29,0.01165277
64399.39,0.14196585
64384.2,0.2175513
64392.73,1.19541666
64397.56,0.00350155
64392.74,0.00457234
64383.03,0.00267276
64388.14,0.36726286
64441.54,0.03009755
64441.54,0.23454364
64457.49,0.72495553
64469.18,0.01239058
64445.1,0.13577164
64438.15,1.98820085
64423.24,0.0095488
64407.72,0.03085456
64417.68,0.00577101
64419.5,1.08202575
64472.61,2.05731817
64471.95,2.8444777
64491.99,0.0621571
64498.99,1.92922266
64544.79,0.23236239
64523.87,0.35228926
64544.0,1.74179688
64511.18,9.46556284
64481.73,0.30384739
64508.42,0.54117106
64515.54,0.71477291
64535.29,0.13594787
64528.59,0.51781976
64531.14,0.67277882
64556.78,0.59538492
64553.08,0.11453702
64565.29,0.02136461
64565.29,0.15979869
64574.87,0.2780633
64573.64,0.02275694
64573.64,0.08073844
64580.37,0.0008027
64580.37,0.35344423
64603.03,0.0162654
64593.56,0.78646489
64583.95,1.18971388
64600.61,0.05698463
64601.04,0.35617153
64580.13,0.06171093
64580.14,0.03646798
64581.79,0.18902111
64580.14,0.01072592
64580.14,0.53936148
64621.86,0.06935458
64621.86,0.02315428
64611.04,0.04048414
64616.77,2.66401635
64635.79,0.0382222
64626.44,0.25544348
64635.77,0.0753279
64635.77,0.24071105
64634.79,1.03504521
64640.49,0.00375836
64638.41,0.00054692
64634.68,1.27887054
64700.75,1.46466743
64734.25,1.58844264
64824.97,1.88883357
64737.54,2.2967832
64701.62,1.15463319
64683.29,2.36916869
64664.28,0.65090914
64670.27,0.34301032
64670.27,1.1914538
64680.79,0.04894908
64655.04,0.72079306
64655.4,0.94467054
64615.75,0.00176357
64615.74,0.15481182
64603.0,0.0036971
64603.99,0.67221723
64618.78,0.10848621
64618.78,0.29581335
64625.14,0.65061638
64619.87,0.25334308
64624.02,1.6955862
64573.3,3.45257732
64574.18,1.20846952
64561.33,0.33710218
64559.08,4.02565287
64568.28,1.52396023
64574.31,0.13163188
64577.59,0.33263869
64583.74,0.06945796
64545.26,0.03726337
64544.12,0.58058828
64520.64,0.10836503
64503.78,0.10000088
64496.05,0.10944593
64491.64,0.11261279
64491.63,0.13090526
64514.25,0.359526
64531.1,0.11270071
64555.5,0.07090026
64576.07,3.63737862
64732.22,11.78496534
64972.27,4.45824563
65019.86,0.20231882
64911.77,0.49675956
64857.37,0.95262716
64968.75,2.22984566
64888.32,1.89512398
64888.56,0.51634447
64922.37,0.581074
64927.91,0.15382356
64891.16,0.03503306
64875.84,0.08916004
64885.39,2.04290658
64869.16,3.73579135
64930.13,1.99116503
64941.28,0.07811764
64919.2,0.22669955
64920.59,0.68656305
64987.0,0.21532054
64944.0,0.63600884
64898.89,0.05525026
64900.18,0.23722108
64889.74,0.7489285
64905.78,0.0932902
64892.32,0.15213882
64873.82,0.11594322
64887.37,0.20742887
64908.77,0.02706454
64881.29,0.6625863
64880.22,0.04435163
64874.52,0.19622335
64869.71,0.44131622
64864.02,0.64882924
64862.92,0.1589802
64896.28,0.09148346
64873.24,0.02914079
64863.16,0.18701119
64869.73,0.99072086
64845.51,0.06967025
64828.21,0.03485567
64816.01,0.16720382
64834.38,1.57021412
64744.99,0.16689569
64751.0,0.47788954
64777.36,0.10936941
64790.25,0.529881
64792.53,0.00327394
64792.53,0.31667268
64815.0,0.97217171
64893.16,0.60445879
64874.0,3.02986219
64962.28,0.91830084
64968.39,1.36713122
64984.26,1.05092045
64969.55,0.05679908
64974.3,0.07542244
64917.83,0.25517578
64915.18,0.0166708
64886.81,0.12122739
64905.1,0.00952047
64894.96,0.41502162
64882.51,0.27679564
64862.76,0.05819711
64862.5,0.01062054
64859.28,0.30555298
64854.55,0.94303609
64874.0,0.02360082
64841.1,0.01393433
64847.94,0.01733357
64847.93,0.12921065
64868.92,0.00429138
64868.93,0.00370584
64868.92,0.45501927
64864.35,0.7772873
64858.32,0.02161595
64855.06,0.13035309
64896.89,0.2335065
64939.98,0.00212251
64939.07,0.01277772
64920.53,0.09747085
64934.47,1.25847343
64950.33,0.00083414
64941.83,0.12099511
64951.29,1.2624646
64964.34,0.27390197
64963.94,0.67296226
64983.07,0.32814817
64954.26,0.38406347
64976.42,0.16670231
64975.14,0.18763228
64991.01,0.03769193
64974.19,0.29977135
64964.97,0.16989508
64963.53,0.11635055
64970.89,1.45626109
64974.79,0.00588203
64972.0,0.06474022
64954.49,0.63570102
64935.72,0.157614
64965.61,0.25539038
65000.0,1.78913019
64988.36,1.10137043
65003.97,0.06061653
64992.19,0.6727943
64967.95,0.10621424
64954.27,0.03013386
64925.94,0.94259571
64947.04,0.06284171
64972.99,1.8393535
64938.14,0.45629527
64966.85,0.04107451
64965.81,0.31272105
64955.91,1.20382225
64920.31,1.51707965
64888.39,0.05292208
64877.06,0.15889772
64888.0,0.09609894
64851.85,0.09304415
64837.88,0.03267969
64827.42,0.5043073
64824.46,0.18825798
64853.8,1.14406731
64818.04,0.20815413
64804.59,0.6717073
64827.01,0.11549552
64817.76,0.07025499
64793.16,0.00085972
64791.59,0.21949583
64807.78,0.08807614
64810.07,0.17099164
64844.74,0.71408687
64808.72,0.37639987
64781.0,0.03436906
64780.84,0.25283817
64769.92,0.02250497
64769.92,0.02438724
64755.39,0.51266149
64742.51,0.22952789
64753.61,0.27552688
64757.06,0.84802115
64772.57,0.35578712
64781.02,0.00064707
64742.03,1.05403058
64730.92,0.01218557
64724.97,0.1371933
64730.15,0.49464769
64773.02,1.42497129
64789.03,2.30581906
64779.96,0.33667715
64768.26,0.03389463
64755.02,0.16600362
64765.98,0.08888747
64765.6,0.00592026
64765.61,0.21920898
64769.11,0.43856226
64784.3,0.23346325
64782.61,0.07980298
64790.98,1.0970275
64790.97,0.11998158
64792.04,1.33209646
64778.83,1.40416167
64737.88,0.39823779
64725.48,1.16233325
64701.31,0.00192763
64698.04,0.41255643
64731.43,0.06962648
64718.77,0.15564779
64731.98,0.00927581
64713.89,0.00179482
64703.25,0.0468354
64690.1,0.22694851
64672.39,0.18827308
64687.0,0.00918434
64686.99,0.47193263
64696.92,0.00072649
64694.09,2.02894266
64715.24,0.98436547
64678.7,0.00354466
64666.0,0.06067866
64655.8,0.17568005
64668.81,0.21495007
64656.93,0.23080658
64666.11,1.93805278
64704.9,0.04792076
64751.38,0.0005841
64742.5,0.13073132
64752.0,1.22739336
64790.8,0.28141604
64799.44,0.01133375
64803.38,0.11292227
64782.22,0.63548249
64771.42,0.12176708
64755.07,0.00785978
64737.23,0.66233803
64724.53,0.00269012
64713.34,0.05463851
64712.76,0.00580802
64702.77,0.01535523
64702.77,0.01983942
64670.77,0.02172362
64657.37,0.57161339
64645.01,0.42223708
64642.13,0.07365212
64630.64,0.34828943
64640.86,1.79508017
64674.4,0.50583239
64646.01,0.00370547
64639.14,0.00432446
64627.84,0.1059233
64606.96,0.15999666
64612.43,0.113173
64610.22,0.34330789
64595.72,0.14681403
64605.23,0.08322564
64604.42,0.17560775
64610.21,0.00570272
64609.02,0.03844455
64612.42,0.02840753
64612.43,0.00534051
64612.42,0.16272274
64627.29,0.07972047
64612.42,0.00032421
64612.43,0.13429127
64627.3,0.05923105
64641.01,0.01743683
64626.72,0.09262762
64641.0,0.43889705
64612.23,0.08234885
64611.63,0.2324446
64649.73,0.02253389
64655.67,0.15628625
64704.75,0.03917149
64673.49,0.05975189
64684.26,0.24820216
64661.16,0.0003891
64657.62,0.00895587
64641.04,0.00188786
64612.7,0.00051443
64604.85,0.00076944
64568.15,0.03013309
64552.17,0.01714143
64555.0,0.08039834
64554.73,0.50170407
64557.0,0.00214824
64519.83,0.22415786
64527.99,0.0177999
64527.36,0.00591483
64514.25,0.18077418
64500.38,0.0112441
64502.67,0.19169359
64473.92,0.1143209
64489.05,0.56768868
64454.63,0.06328445
64444.01,1.19036791
64438.81,0.0194533
64441.09,0.2197554
64447.12,1.45242839
64503.0,0.26243672
64502.09,0.06417715
64479.77,0.09206046
64486.5,0.28695883
64500.74,1.67559803
64502.01,0.01236825
64502.02,0.04204822
64502.02,0.26473305
64516.69,0.51316009
64513.43,0.003006
64506.32,0.00220487
64506.32,0.00097467
64506.3,0.30955709
64483.2,0.58278221
64462.34,0.1072679
64462.32,0.10354962
64457.79,0.00239536
64457.79,0.00583245
64457.78,0.11864806
64457.78,0.12331678
64462.33,0.09635881
64451.31,0.01721883
64456.18,0.0015954
64446.25,0.67824303
64476.61,0.07137303
64491.01,0.01044315
64479.35,0.06859495
64485.79,0.25113926
64499.7,0.09828126
64508.6,0.13930406
64510.57,0.16920489
64510.57,1.26146721
64565.93,0.72870303
64577.41,0.08977902
64589.56,0.4789959
64592.47,0.00387483
64592.47,0.16397
64595.17,0.11408212
64573.34,0.00725128
64573.33,0.08226013
64564.38,0.02284808
64568.96,0.00032821
64564.76,0.01100787
64564.77,0.00100022
64564.77,0.03198638
64563.59,0.05355973
64561.6,0.50584494
64544.46,0.09733376
64552.91,0.00708196
64552.92,1.03530282
64538.67,0.00046223
64538.68,2.76e-06
64538.68,0.25389688
64563.72,3.3643888
64618.37,0.19002887
64644.7,0.01927126
64629.79,1.55050787
64697.48,0.63835177
64695.82,0.78234456
64671.59,0.02602739
64668.87,0.8308301
64626.21,0.27786664
64622.02,0.0501681
64613.54,0.54522587
64623.74,0.12510251
64652.3,0.07190051
64650.41,0.44181985
64669.13,0.05312279
64650.37,0.11911428
64630.18,0.0019547
64627.02,0.30072307
64659.01,0.05199152
64689.95,0.13555407
64689.95,0.1996337
64701.86,1.41901974
64761.57,0.0667059
64778.5,0.21998905
64723.41,0.90863308
64748.02,0.66490598
64752.55,0.86529829
64762.26,0.00775317
64760.81,0.03731198
64757.98,0.95807023
64739.28,2.13792721
64737.32,0.02851635
64739.28,0.57605875
64722.83,0.00149906
64717.38,0.0216453
64717.37,0.23271694
64746.05,0.05287178
64745.01,0.17309606
64724.44,0.98706556
64725.95,0.70263009
64731.74,0.18386399
64739.64,0.492338
64807.12,1.48806139
64787.8,0.12928732
64812.09,0.0383515
64773.3,0.00153394
64764.97,0.17378058
64790.4,0.0036601
64785.91,0.47113965
64765.01,0.01162644
64739.93,0.18367521
64767.99,0.01880524
64760.64,0.02611358
64740.89,0.07495531
64752.47,0.15987796
64739.28,0.00385911
64739.27,0.40903105
64752.16,0.11928798
64744.31,0.06040945
64741.02,0.81198733
64709.45,0.09971001
64669.52,0.09387953
64680.08,0.19447093
64721.88,1.36457841
64742.11,0.37084067
64744.57,0.02753595
64733.75,0.13708191
64756.8,0.01864621
64751.48,0.50355019
64760.54,0.00452068
64758.92,0.13842444
64751.59,0.00053496
64752.73,0.12831192
64763.65,0.01132685
64751.73,0.00750714
64751.74,0.13821314
64764.12,0.11546364
64777.08,0.55363886
64803.91,0.04994741
64793.5,0.1957933
64766.78,0.01795025
64753.9,0.00048061
64745.76,0.24717913
64793.09,0.10816433
64773.27,0.06883796
64759.75,1.13579445
64740.01,0.63261113
64722.42,0.87953935
64677.7,0.38120781
64688.03,0.10312363
64690.84,7.24013064
64761.13,0.2080094
64718.58,0.07423267
64707.35,0.10263753
64704.04,0.04270696
64693.22,0.37409062
64635.38,0.01336427
64617.48,0.51291469
64622.08,11.72258162
64622.28,1.35722899
64626.9,0.54557064
64607.11,0.29935086
64569.68,0.30172272
64575.53,0.23444038
64564.46,0.06992747
64565.98,0.93091513
64579.01,0.01692952
64590.12,0.17701347
64612.42,0.00059396
64612.42,0.09043534
64622.58,0.0020915
64617.01,0.11599074
64623.99,0.10573858
64631.75,0.0685386
64647.57,0.41289602
64609.95,0.02284044
64606.0,0.11953876
64609.94,0.83662923
64615.37,2.86820297
64620.14,2.14626828
64595.01,1.77175634
64618.01,0.00372258
64618.02,0.19252327
64656.02,0.00246844
64652.9,1.23259541
64671.0,0.03231522
64658.73,0.11123755
64669.16,0.09235999
64680.31,0.15434418
64693.38,0.21329403
64656.68,0.20661671
64670.58,0.0032579
64670.57,0.08516031
64671.51,0.13199166
64661.15,0.05814251
64650.23,0.00199198
64647.03,0.27365649
64673.84,0.08929638
64690.49,0.10501081
64703.73,0.05932397
64722.02,0.00384776
64722.02,0.02868322
64716.33,0.74692818
64759.22,0.0188989
64740.05,0.83870961
64728.77,0.0340958
64732.01,0.1699771
64777.02,0.08710359
64774.31,0.62658996
64903.98,0.39068267
64888.37,0.86466433
64833.88,0.21616617
64833.23,0.18000866
64845.92,0.01754686
64825.67,0.21297744
64843.31,2.75651905
64899.23,0.05323154
64898.84,1.0268388
64923.19,0.03338273
64901.96,0.35069034
64923.45,0.04219559
64926.31,0.79430839
64913.64,0.55862432
64934.8,1.86256406
64962.41,0.23435403
64985.55,0.11218335
64940.17,0.30030864
64978.97,2.14566512
64895.37,0.44581979
64923.3,0.07877423
64953.43,0.23811197
64961.26,2.70806113
64944.14,0.34346
64982.6,0.3145972
64965.92,0.13899948
64966.22,0.00899509
64939.7,0.05045521
64939.7,0.0513213
64932.11,0.04212206
64909.58,1.09086234
64925.63,0.07107471
64928.02,0.10833829
64951.05,0.31831582
65016.04,15.95187679
65133.44,0.68602648
65199.24,3.62750771
65177.63,0.05065852
65092.01,4.39260201
64960.18,0.11259736
64962.01,4.03986277
64995.41,1.25501785
65009.9,0.71595429
65022.97,0.08955292
65006.95,0.10304371
64993.11,0.25828377
64994.31,0.13710542
65020.51,0.07841918
64994.25,0.56543162
64949.39,0.842831
64922.06,0.16177619
64916.92,0.17852199
64928.38,0.07473182
64906.86,0.06962419
64871.3,0.16462505
64871.35,1.81409361
64874.27,6.07435567
64877.29,1.49415894
64855.69,0.96753792
64776.89,1.10899642
64785.29,0.24528588
64765.24,0.68750124
64735.43,0.07341338
64734.43,0.08758842
64722.88,0.17462008
64711.24,1.31648616
64754.4,0.13381763
64748.01,1.01918993
64708.81,1.89221202
64728.67,0.03294758
64717.63,0.75881786
64767.55,0.60487421
64780.92,0.03819488
64788.69,0.03371833
64818.13,1.00597148
64835.03,0.01218262
64833.96,0.00194292
64833.96,0.00258181
64788.28,0.06216787
64770.39,0.06162729
64776.5,0.04549712
64764.6,0.56627348
64755.3,0.66439575
64669.1,1.75318743
64605.78,0.20463291
64604.18,0.97787539
64600.26,0.9609839
64567.28,0.19659146
64560.56,3.50346966
64493.25,2.56110377
64441.02,0.80974184
64487.2,0.20169599
64520.31,1.57791143
64506.52,0.03340606
64506.51,1.5914406
64541.31,1.05133144
64511.23,0.9744219
64550.91,0.37029076
64561.51,0.40966846
64538.74,0.19213959
64533.05,0.07755999
64560.08,0.38822957
64557.38,0.32780679
64581.9,0.02241124
64587.05,0.17169369
64567.6,2.03075325
64564.31,0.03719594
64544.28,0.1106101
64538.16,0.0022615
64538.16,0.05363417
64561.27,0.00941072
64556.2,0.2602575
64556.76,0.99743684
64529.85,0.03905652
64531.41,0.01307747
64533.06,0.84959901
64545.55,0.15594507
64545.54,1.75982907
64533.08,0.45935999
64509.03,0.10493284
64510.37,0.07688267
64509.06,0.04841069
64550.8,0.21309479
64574.47,0.22196949
64553.29,2.04385237
64614.49,0.69834864
64635.5,0.16008078
64597.73,0.3661795
64567.11,0.1340023
64528.89,0.05774033
64544.99,0.06351185
64519.61,1.11430215
64542.55,0.00740344
64531.35,0.49882636
64538.05,0.28317916
64530.9,0.04093057
64536.02,0.11921916
64546.46,0.02298263
64584.01,0.03038971
64575.78,0.03744861
64589.56,0.12545303
64572.72,0.03374818
64549.85,0.09969244
64554.02,0.11053388
64551.76,0.12928918
64541.04,0.22940397
64549.43,0.2111513
64558.94,0.02953837
64564.47,0.13538546
64556.83,0.07642546
64599.24,0.05646002
64599.24,0.00703551
64589.37,0.28445466
64583.48,0.11994874
64590.46,0.0548931
64615.99,0.12186419
64626.33,0.30582363
64594.93,0.02315328
64622.82,0.04755255
64635.53,0.37618802
64640.92,0.60522459
64673.6,0.13645195
64682.52,0.44708572
64667.46,0.11287117
64646.08,0.51813543
64672.51,0.05489698
64692.98,0.00939853
64700.95,0.03066032
64705.07,0.49647091
64688.48,0.0538472
64699.82,0.33625649
64692.42,0.02991743
64700.1,0.00058532
64700.11,0.15502148
64707.36,0.08702087
64713.05,1.0188496
64713.2,0.27542101
64693.49,0.02085089
64706.44,0.12372989
64732.01,0.03203883
64722.48,0.00068974
64722.49,0.14514612
64722.48,0.0289
64716.21,0.27457989
64719.26,0.4188407
64729.48,0.02927301
64742.17,0.00456815
64746.9,0.62632101
64751.39,0.00884347
64741.68,0.00061652
64741.67,0.1689558
64751.39,0.10750298
64798.47,0.19916283
64790.26,0.16815565
64798.46,0.04786899
64798.46,0.07932128
64789.87,0.071852
64787.02,0.00015597
64787.03,0.77968966
64803.26,0.11127279
64859.95,0.10642191
64829.22,0.05617172
64865.25,0.02440144
64867.64,0.00219796
64852.61,0.11752802
64809.71,0.32617055
64839.0,1.05113834
64827.57,0.02688236
64808.46,0.00260133
64797.81,0.05577019
64792.72,0.01626765
64780.54,0.01595945
64760.87,0.01236692
64750.42,0.06344056
64753.58,0.00375012
64753.2,0.00814999
64753.19,0.77787423
64746.01,0.73019905
64722.21,0.02807976
64725.98,0.06437554
64735.21,0.21179766
64733.17,0.10397096
64699.61,0.04190798
64660.0,0.05033638
64655.78,0.00324
64656.04,0.50425868
64659.32,0.62140149
64664.57,0.00919088
64661.68,0.35650485
64678.04,0.22170328
64678.05,0.00139535
64678.04,0.00356072
64675.74,0.03069383
64644.74,0.01388982
64635.27,0.18234302
64633.14,0.53362387
64633.13,0.2276841
64626.39,0.46406888
64614.31,0.00335962
64607.95,0.05373753
64604.34,0.04313598
64611.84,0.2605997
64659.61,0.41216261
64658.93,0.03121198
64676.71,0.01337623
64676.02,0.23377893
64729.96,0.47413445
64771.92,0.03942505
64781.07,0.10925778
64765.22,0.09728422
64764.34,0.13481765
64782.49,0.55261903
64769.04,0.0283568
64784.54,0.19780531
64773.43,0.00599845
64765.39,0.00261845
64740.83,0.0137952
64740.83,0.01698603
64740.83,0.11908894
64740.83,0.08278012
64717.92,0.00756386
64708.15,0.33836187
64723.99,0.01560386
64709.8,0.59964707
64689.28,0.53703128
64607.91,0.0535319
64629.25,0.00136676
64630.18,0.14901702
64599.69,0.04288837
64608.12,0.11533267
64571.57,0.04793133
64580.64,0.21420925
64607.75,0.0182494
64589.24,0.00719465
64589.23,0.00511591
64583.94,0.14497732
64588.0,0.03787814
64576.75,0.3310171
64614.41,0.01828424
64613.76,0.16025961
64634.58,0.13028881
64632.74,0.00766927
64624.06,0.08526549
64611.89,0.01311962
64611.88,0.05847492
64624.06,0.01175389
64616.77,0.35103757
64613.51,0.00457463
64596.31,0.0384951
64605.72,0.13234018
64615.93,0.0199627
64615.94,0.1307397
64606.18,0.00618937
64606.18,0.05244345
64615.63,0.02041912
64613.46,0.01854463
64611.5,0.06191342
64611.51,0.08275358
64613.15,1.05447448
64593.23,0.0388471
64600.02,0.24494739
64608.82,0.58064812
64618.48,0.04399199
64621.96,0.05638659
64641.01,0.02424144
64644.4,0.01832915
64644.04,0.06750772
64655.67,0.05281437
64668.3,0.02109095
64666.27,0.48664471
64679.43,0.87911343
64693.65,0.51503509
64672.56,1.11544516
64660.01,0.16318441
64684.21,0.83389189
64677.68,0.43102364
64676.8,0.0537849
64679.0,0.02301482
64669.9,0.04314777
64651.39,0.01418546
64650.93,2.84543697
64625.88,0.62163699
64621.4,0.73853746
64635.56,0.53104381
64623.01,0.03330577
64616.25,0.10612401
64570.09,0.05709457
64578.22,1.39150942
64587.49,0.01012204
64580.0,0.29290238
64579.97,0.00882757
64579.97,0.10505164
64597.78,0.04307086
64597.78,0.07493377
64590.67,0.04469054
64623.66,0.04196993
64631.25,0.0202043
64619.4,1.13536857
64652.68,0.01233459
64638.81,0.02294938
64638.8,0.06864942
64648.02,0.43553125
64619.41,0.03481944
64619.4,0.28934849
64629.61,0.03187931
64636.32,0.00834756
64636.32,0.28702963
64650.25,0.01687717
64650.24,0.01304751
64648.87,0.06339452
64639.53,0.00105524
64639.52,0.05585903
64656.31,0.36640138
64661.91,0.01904322
64670.26,0.01246112
64661.99,0.02003267
64670.26,0.01361184
64666.85,0.09853693
64686.05,0.01839001
64686.99,0.01661037
64686.99,0.13757891
64682.36,0.58387688
64674.66,0.03595496
64668.61,0.16172342
64671.7,0.29631935
64677.68,0.02308952
64677.01,0.05165789
64610.14,0.33247729
64575.12,0.08303324
64631.18,0.04082421
64623.39,0.03363777
64642.18,0.07198087
64595.17,0.03755358
64588.52,2.66334743
64667.17,0.39327945
64633.75,0.06931391
64670.25,0.42108056
64686.22,0.00918181
64682.44,0.02177678
64677.61,0.01428988
64660.77,0.56271283
64652.34,0.04684875
64634.42,0.23698294
64601.65,0.4501738
64589.76,0.01376072
64589.76,0.15756806
64571.35,0.04726789
64583.04,1.06145171
64598.0,0.03099923
64592.56,0.28633721
64612.26,0.20154628
64629.77,18.97029669
64837.12,2.5665632
64806.66,0.20761569
64753.67,3.96693929
64714.68,0.29397516
64725.31,1.96230927
64690.15,0.46255173
64719.47,3.21329009
64786.58,0.43509044
64763.03,0.93420353
64795.6,0.30330199
64752.5,0.98454895
64741.26,2.80544094
64832.35,0.09980114
64786.75,0.45885351
64740.01,0.2264853
64745.31,0.24140399
64756.29,0.9029216
64807.39,0.36871812
64897.17,0.87505196
64937.96,0.29234579
64950.09,1.24332452
65030.53,1.07864568
65016.78,30.13974631
65165.16,10.58222002
65152.33,2.43776783
65058.7,1.11853187
65070.91,1.09172866
65104.35,1.47187308
65115.05,0.37749863
65107.24,1.53133457
65100.74,0.54931615
65138.99,4.18308283
65301.04,14.06471691
65299.97,0.48613473
65264.38,0.61417011
65244.05,10.37673047
65300.62,21.78969954
65379.21,4.27053017
65299.7,1.61728972
65251.82,3.17236605
65299.79,1.5895199
65275.53,0.3309348
65250.67,0.46081301
65282.46,2.63637221
65325.64,1.16219219
65348.47,3.54399777
65414.92,4.62122083
65453.45,4.41911337
65424.54,0.89457822
65480.34,2.3249992
65478.09,1.05724511
65500.33,0.33946409
65466.2,2.21277338
65406.23,1.38311788
65446.63,3.57498632
65259.9,1.57798309
65256.83,0.33798926
65292.21,0.67090335
65269.47,0.86857976
65257.52,2.49876641
65297.28,2.02304506
65298.34,0.3926417
65389.4,3.11082422
65390.34,0.31617298
65394.93,0.6562593
65415.71,1.32996308
65460.03,2.5518896
65381.57,1.45767371
65344.31,2.75580412
65392.33,2.31864736
65311.74,1.16376323
65258.03,0.61819978
65221.78,2.03314216
65306.0,0.48966627
65212.95,1.07338698
65085.0,9.50484449
65109.58,2.94903275
64970.38,1.26724938
64916.53,3.83519642
64912.88,0.95024074
64860.45,5.53928061
64844.43,18.82260389
64922.88,3.43386873
64891.32,0.52574877
64964.81,0.38782435
64930.6,1.3958401
64936.18,1.94116814
64989.71,2.69888385
65050.7,2.52608472
65048.73,1.45358341
65086.27,0.30543911
65030.22,1.24998141
65112.41,0.25369815
65178.77,0.61651354
65155.24,0.79464013
65208.89,0.58347496
65276.94,0.35599301
65259.49,0.47674168
65251.96,0.56708215
65195.4,1.94010434
65259.07,0.32746702
65273.1,1.98858937
65319.33,2.323753
65262.25,1.49673224
65232.97,1.36805061
65242.25,1.68326184
65266.0,0.43708682
65230.95,1.16330802
65266.34,0.70552073
65298.02,1.01698759
65164.48,3.04500388
65350.51,1.14251558
65275.42,0.72153211
65213.12,1.19665411
65207.13,3.44357655
65054.39,1.61321504
65147.91,2.84905721
65241.89,0.47685596
65276.35,0.60160517
65266.71,1.52651352
65270.5,0.19276139
65255.16,0.21296265
65322.84,2.39828738
65384.69,0.4738306
65413.81,0.68548772
65433.45,1.38919719
65365.21,1.1751699
65326.25,1.05350312
65366.15,0.6638225
65283.18,1.04541597
65356.99,0.55003904
65368.63,1.295993
65310.74,0.24065891
65337.45,0.24946589
65307.34,1.59841073
65283.93,0.08643232
65289.0,0.88311317
65275.74,0.75300951
65367.76,0.17131716
65390.99,2.04471579
65396.0,0.10514813
65362.22,0.40536168
65382.55,0.53233207
65382.58,0.3058071
65360.29,0.20640916
65337.79,0.11885144
65330.2,1.20009445
65332.31,0.07430615
65333.6,1.10086065
65336.05,0.32760374
65285.96,0.54443059
65232.32,3.22317745
65252.92,0.29210476
65232.09,0.79530367
65245.83,1.00888217
65318.98,1.4867903
65295.67,2.20490351
65392.87,1.22144081
65415.28,0.30915989
65372.17,0.21313224
65375.33,1.5795295
65383.08,0.42410786
65337.07,0.78782191
65348.72,0.30644144
65342.99,2.65299075
65258.71,0.09850355
65268.99,4.4620356
65304.44,0.6871151
65341.56,0.18547113
65359.17,0.41779095
65306.49,0.05774673
65315.66,0.42781527
65261.81,0.27712475
65263.12,1.14595498
65265.82,15.26090437
65255.61,1.44807305
65299.05,0.24540662
65301.21,0.3337326
65346.15,0.37269655
65331.15,0.39541542
65289.79,0.21107346
65284.94,1.33466571
65360.87,3.82360654
65416.47,0.45940808
65403.05,3.70365287
65398.16,4.60041241
65410.55,1.51497256
65439.99,8.54406444
65435.99,2.18294724
65463.17,1.23604712
65451.58,0.27371361
65433.84,0.32826143
65427.6,0.39578557
65418.38,1.05182597
65421.28,1.51141849
65395.21,1.03988729
65396.27,0.16855788
65404.38,0.03258935
65404.2,0.50451455
65440.23,0.14606609
65431.48,0.14962696
65473.58,1.13767101
65454.97,1.40989409
65336.65,0.36863862
65345.93,0.68389221
65360.3,0.79899156
65323.26,1.26954876
65350.01,0.02921038
65365.75,0.01053692
65365.19,0.32089912
65337.7,0.4645611
65264.12,0.17239869
65265.5,0.85938888
65194.05,0.8169218
65244.37,0.70413728
65207.89,1.27047658
65127.47,0.98765425
65122.16,0.28905344
65124.14,0.16295691
65119.39,0.0267508
65121.94,0.80180413
65105.78,0.09889758
65104.82,0.03946811
65062.54,6.54558069
65039.69,2.07057022
65107.3,0.25952167
65103.69,0.26404662
65108.69,1.30122905
65118.56,0.41925759
65107.19,0.96356019
65033.55,13.71932832
65037.63,0.79686897
65088.56,2.35080599
65109.51,0.10967076
65066.78,1.87694571
65069.74,0.0094846
65080.96,0.31182389
65072.6,0.37150215
65100.01,0.02419003
65105.01,0.12985172
65107.02,0.26500039
65058.85,0.0538152
65056.91,0.03145421
64998.15,1.28497841
64928.19,2.67981025
64842.78,0.56913671
64768.63,2.08772908
64761.1,1.36365804
64735.7,1.18596061
64787.64,0.08257756
64784.91,0.37316197
64821.67,0.50455622
64836.72,1.46271164
64839.27,0.47995389
64874.53,2.41823503
64870.58,14.70007438
64986.88,1.65505567
64936.12,4.9857322
64950.98,0.98919024
64974.61,0.14359024
64956.65,0.04293621
64967.36,0.11717921
64987.73,2.38013345
65025.05,0.0449504
65013.85,0.55007343
64989.95,0.0409232
64973.91,0.12428747
64992.8,0.455207
65025.0,0.44624445
65055.43,0.10919962
65099.26,0.18257802
65025.22,0.03133749
65068.87,0.03812395
65078.27,0.53034655
65057.63,0.01451596
65069.57,0.34250682
65026.33,0.10577796
65023.47,0.09632952
65049.97,1.15815665
65061.74,0.15765797
65031.07,0.31405281
65031.07,1.72372216
65051.01,0.44948361
65024.37,0.9738162
64972.95,1.39627652
64985.91,0.44597919
64948.7,1.9533299
64981.21,1.25951001
64935.43,0.20766171
64955.03,0.05017006
64965.12,0.09724319
64989.17,0.06666242
65000.0,0.07603759
64994.57,3.61632152
65007.23,0.06511277
65016.81,0.46219533
64959.08,0.38425445
64953.19,0.10285861
64959.08,0.12012275
64986.28,0.04199852
65015.43,1.09409509
64991.02,1.02167291
64980.69,0.14123796
64984.49,0.15709377
64957.67,0.09927863
64939.84,0.57752459
64951.01,0.56155499
64959.49,0.2459137
64962.45,0.67229904
65012.03,0.20913548
65029.31,0.12672932
65053.25,3.52245657
64962.02,1.12743853
64978.3,1.29534846
64989.14,1.00584896
65010.67,9.65230561
65142.15,0.75432949
65137.51,8.35549388
64949.99,0.45936135
64956.01,0.0289544
64996.54,0.3096901
64971.6,1.25919693
64974.0,0.08612183
64979.17,1.25649372
64986.02,0.18365399
64983.03,1.8161926
64994.83,0.12013158
65020.03,0.0347645
65020.04,0.15799099
65007.02,0.67025981
65030.4,0.87728398
64978.15,0.356461
64953.89,0.98377738
64953.91,0.22905158
64945.0,1.82551129
64944.74,0.37835064
64931.24,0.44063219
64956.0,0.038688
64965.6,0.26722199
64993.35,0.04173215
64993.35,0.79716072
65035.07,0.21334101
65066.74,0.10967353
65069.38,1.26638276
65082.49,0.15203446
65028.72,0.91106275
65009.42,0.04905218
65061.42,0.09785532
65070.28,0.01247577
65036.46,1.04656947
65052.12,0.11270358
65051.95,0.03024077
65071.65,0.42783618
65045.93,0.02045856
65050.65,3.53408189
64983.73,2.00369913
64993.49,1.43138531
65022.33,0.20415882
65028.8,0.94716729
65018.44,0.80231731
65051.02,0.02896651
65048.53,0.0626885
65066.01,0.58020552
65048.07,0.25481459
65044.33,0.29872128
65029.76,0.12130804
65009.75,0.50774709
65009.85,0.2145862
65017.63,0.5005433
64990.77,0.09895565
64980.92,0.00031083
64980.92,0.53092683
64961.27,0.26611273
64955.14,0.28954105
64938.18,0.36611712
64960.87,2.43149728
64925.69,2.122965
64948.38,1.06327411
64943.44,0.54097935
64967.45,0.49640774
64974.52,1.1174552
64899.17,0.76412187
64910.36,1.49360516
64871.76,0.51620346
64866.98,0.50706655
64866.97,1.15283912
64836.5,0.14044128
64834.38,0.72962586
64800.0,1.03427484
64814.18,0.46552764
64821.43,0.52914839
64844.21,0.04458306
64859.34,0.03560912
64877.43,0.06406821
64899.99,0.14516484
64886.21,0.16757628
64884.34,0.05258808
64871.4,0.03492702
64860.66,0.03904102
64866.77,0.4081562
64884.62,0.00629826
64887.82,5.92724974
64892.88,1.60340423
64892.89,0.01462756
64892.57,0.07824546
64852.73,0.23858442
64846.89,0.40836742
64805.97,0.12880924
64777.46,0.17615939
64781.54,0.84186054
64713.15,0.87488752
64748.82,0.0426352
64762.1,0.07591573
64734.99,1.89071946
64767.35,0.14855675
64762.41,0.01591955
64770.5,0.22431895
64787.73,2.02840227
64799.24,0.02999986
64817.32,0.26963136
64892.28,0.36547402
64874.95,3.08659011
64817.32,1.02042298
64857.29,0.05104896
64826.96,0.52470235
64843.16,0.01510661
64851.48,0.57866843
64870.03,0.3236171
64870.04,0.1150028
64880.62,0.21799464
64921.63,0.03093072
64913.41,0.10452605
64921.63,0.26890333
64937.8,0.04503867
64946.14,1.34904012
64924.03,0.73022845
64889.15,0.36984881
64880.2,0.0554853
64881.09,0.14142493
64874.12,7.17133538
64894.68,0.01473884
64904.65,0.01656351
64902.5,0.03959763
64935.39,0.73530246
64942.16,0.08824541
64957.01,0.00122861
64957.0,0.02957686
64946.99,0.10612319
64946.01,2.16298155
64933.49,2.58797539
64906.11,1.50417188
64901.76,0.31681916
64926.65,0.81934379
64938.7,0.56038275
64910.01,0.51278018
64909.73,0.3533661
64911.81,0.12114805
64926.19,0.02613087
64926.58,9.00640646
64895.26,0.24346178
64910.63,0.01192792
64910.63,0.02193689
64923.65,0.1365601
64900.15,0.01341322
64900.15,0.14417228
64915.83,0.25333936
64952.66,0.47465163
64952.66,0.01175281
64952.66,0.13133833
64974.99,0.95328591
64985.2,0.10700596
64985.2,0.30638988
64974.18,0.22210941
64957.98,0.10043551
64953.02,0.05126101
64954.0,0.01128002
64954.0,0.55823466
64944.74,0.0181243
64949.1,0.46094946
64957.99,0.26883393
64961.1,1.785287
64995.34,0.68397137
65014.21,0.35254511
64979.27,0.1133261
64976.07,0.27810761
64964.63,1.06656587
64957.15,0.17483784
64951.34,0.10375534
64959.9,8.22239421
64970.99,2.11907987
64984.14,0.01295849
64984.15,0.09414402
64992.35,0.08207926
64961.87,0.20378107
64961.45,0.01522397
64943.16,0.01397698
64950.43,0.00880027
64950.43,0.07771716
64943.15,0.02162811
64934.96,0.00375055
64934.96,0.03157788
64934.95,0.04298647
64929.04,0.01733932
64934.96,0.00591426
64934.95,0.17815558
64931.49,0.01196382
64931.49,0.5485167
64943.15,0.02517553
64938.91,0.03915739
64931.6,0.00333749
64931.6,0.05215382
64952.88,1.41849923
64952.87,0.04261349
64974.06,3.51620206
64874.88,0.27919139
64913.76,0.26363122
64910.46,0.00321548
64910.47,0.10950389
64910.47,0.00297561
64910.47,0.68976547
64804.29,2.00983734
64825.4,0.08034583
64830.0,1.87578167
64857.04,1.00275851
64851.55,0.02447391
64857.04,0.40115109
64862.48,0.28371678
64868.61,0.62918447
64850.01,2.12894205
64847.96,0.03415537
64847.96,0.32771921
64862.26,0.25294262
64880.0,0.01687962
64888.3,0.02472771
64888.3,0.11005013
64883.94,0.69953014
64869.83,0.15093936
64869.84,0.34258845
64844.0,0.75436746
64820.74,1.18646712
64842.99,0.07712911
64842.99,0.64119118
64830.27,1.46734505
64827.93,1.45388678
64793.52,0.49516206
64772.68,0.81938951
64786.93,0.00696393
64786.0,0.01694432
64760.03,0.00271358
64760.04,0.04603475
64773.8,0.79203399
64773.8,0.0005739
64775.98,1.54536511
64762.03,1.26827806
64772.37,0.05827855
64780.35,0.01611666
64780.35,0.00612928
64787.08,0.0538927
64787.09,0.26951782
64767.31,0.00410021
64764.82,0.08055099
64781.41,0.03815509
64775.24,0.01358071
64780.56,0.01609104
64789.5,0.00488356
64781.45,0.06682874
64785.78,0.00988925
64780.56,0.12662392
64762.63,0.02620568
64786.15,0.21839637
64782.31,0.03711067
64753.33,0.40321891
64837.09,0.2099736
64810.02,0.76926725
64794.24,0.0094457
64797.04,0.02950194
64792.76,0.35342768
64773.97,0.00809466
64776.31,0.04220857
64776.57,0.03511426
64803.25,0.25847598
64809.9,0.00514896
64786.48,0.13837187
64782.6,0.03096268
64768.01,0.50364779
64766.79,0.03558274
64774.73,0.00580341
64758.45,0.14815762
64779.93,0.00050182
64783.08,0.2730753
64757.87,0.03355044
64782.94,0.03681413
64782.94,0.25419085
64788.93,0.05335209
64788.94,0.33900384
64811.78,0.01955394
64828.98,0.03332193
64842.11,0.20538544
64857.53,0.66358152
64857.53,0.35134051
64883.56,0.05541192
64899.41,0.03207983
64901.23,0.11019312
64867.63,0.08139334
64869.39,0.01802805
64869.4,0.14101132
64871.99,0.18455883
64892.16,0.39975891
64871.86,0.16228164
64871.77,0.36374283
64857.35,0.03175822
64857.36,0.84996763
64839.99,0.09088998
64840.14,0.26796139
64841.88,0.2135815
64878.62,0.48352412
64878.74,0.04387715
64892.37,0.05170122
64918.5,0.35880464
64873.04,0.14016444
64866.33,0.03718074
64866.33,0.02357119
64866.33,0.01988017
64866.33,6.53244672
64848.38,0.77400897
64834.89,0.11988946
64830.42,0.01050828
64827.68,0.04190567
64827.69,0.03770419
64822.96,1.30154741
64838.96,0.02887577
64843.73,0.23541126
64889.98,0.01654133
64871.84,0.08201595
64872.96,0.19342325
64842.87,0.03796973
64861.65,0.0348915
64878.97,0.00948971
64865.0,0.02777177
64868.22,0.07175269
64884.62,0.01448941
64887.09,0.04932593
64893.16,0.08174986
64898.28,0.0979349
64871.47,0.14534615
64875.13,0.01504688
64859.0,0.15937836
64859.0,0.02760388
64845.02,0.06955386
64888.92,0.10340701
64869.39,0.01272509
64887.17,0.85750364
64874.21,0.49673309
64842.12,0.01226242
64817.04,0.16207276
64810.52,0.02884867
64822.2,0.02128107
64822.19,0.09978434
64803.23,2.87603924
64807.85,0.39506073
64810.21,0.26169387
64805.67,0.01406163
64810.16,0.21567788
64821.38,0.01497997
64820.03,0.01355877
64820.03,0.14015893
64803.23,0.0256909
64794.44,0.0215011
64798.39,0.0166002
64757.28,0.02187227
64757.28,1.47070113
64712.02,1.58759782
64705.33,0.05301648
64688.89,0.13174577
64698.5,0.38750211
64701.32,0.25056265
64684.72,0.52027701
64681.86,0.02903053
64695.01,1.68881364
64712.21,0.37548908
64703.9,1.2742192
64728.36,0.03787149
64781.86,0.8288374
64745.14,0.09758088
64750.03,0.10399511
64750.04,0.51652075
64745.61,0.0515051
64724.02,0.06559452
64720.67,0.11402922
64713.83,0.84116118
64729.46,0.15438031
64746.0,0.01815401
64782.16,0.32021934
64769.71,0.24430709
64769.7,0.04012207
64766.54,0.25748385
64756.77,0.5027338
64746.0,0.15716392
64736.01,1.96568831
64800.97,0.38502756
64792.18,0.01839657
64795.4,0.12741289
64780.29,0.02007046
64796.99,1.48322683
64786.0,0.07914984
64760.0,0.03215657
64737.89,0.05036763
64736.15,0.27077546
64691.22,0.11400854
64686.48,1.7554671
64686.11,3.91614971
64680.69,0.13549852
64662.62,0.35487132
64647.84,1.48915725
64612.93,1.91848002
64622.51,0.28396508
64543.73,0.10732415
64542.97,0.03060807
64546.61,0.05309568
64535.95,0.35539978
64556.37,1.11242108
64557.41,0.4039365
64520.91,0.16055851
64519.52,0.21703497
64557.81,0.00643103
64547.75,0.01793685
64530.3,0.41363074
64487.39,0.05021455
64488.09,1.92643382
64473.91,0.57250557
64476.67,0.00631619
64489.47,0.19380763
64459.9,0.92981969
64473.68,0.09042385
64484.0,0.03460495
64474.7,0.09785319
64524.18,0.10842187
64507.27,0.00297691
64507.28,0.28186337
64541.1,0.50797943
64527.3,0.10792855
64536.28,0.21157459
64592.79,0.00283289
64599.46,0.33333534
64576.65,4.76671073
64548.55,0.17125472
64568.28,0.2504195
64547.02,0.18172925
64547.99,0.0008709
64548.02,0.44101595
64567.41,0.52854795
64548.04,0.148525
64518.89,0.35131301
64554.49,0.27003506
64566.82,0.08178916
64599.93,0.46302218
64584.89,0.12624728
64595.02,0.04060155
64600.29,0.44075774
64599.81,0.2545178
64583.3,0.15343099
64580.27,0.58086749
64547.35,0.01918763
64568.42,0.13648073
64563.22,0.14389596
64550.73,0.04898136
64548.71,2.58581923
64471.22,4.99220903
64356.07,0.52015118
64370.77,0.26348965
64404.05,2.14693602
64415.87,0.00416559
64425.75,0.34586862
64469.01,0.00485665
64466.71,0.55117786
64478.33,0.3684351
64523.98,0.00512591
64554.07,0.03723603
64546.82,0.45947358
64529.73,0.10517176
64543.93,0.15029267
64564.91,0.21838694
64569.09,0.03729545
64549.16,0.0166763
64580.76,0.36241733
64598.18,0.08340452
64614.82,0.09493113
64616.11,0.03048086
64616.62,0.13484899
64637.26,0.17646547
64636.65,0.33138823
64661.22,0.13191779
64604.87,0.00613722
64578.99,0.0010077
64572.99,0.37816759
64595.99,0.70752373
64633.79,0.01521449
64653.05,0.02706945
64665.72,2.39829455
64743.56,0.30546559
64789.4,0.876367
64719.52,0.01870522
64738.38,0.36845028
64717.44,0.17403011
64723.49,0.08225812
64724.17,0.0417751
64706.29,0.16182479
64688.57,0.0460001
64694.95,0.10007805
64691.28,0.00725682
64668.36,0.11723978
64678.91,0.00189774
64676.86,0.01230294
64669.25,0.03458038
64639.28,0.06439046
64639.28,0.00098887
64631.47,0.44818387
64631.48,0.85392055
64661.47,1.89241423
64633.06,0.50840352
64625.57,0.10038648
64626.44,0.06422789
64611.7,0.00601796
64599.29,0.80383934
64612.59,0.039296
64611.65,0.10912502
64590.28,0.02666028
64584.95,0.02230407
64613.17,0.0366069
64637.6,0.2407075
64634.18,0.04240063
64598.6,0.38930639
64565.97,0.11516122
64619.07,0.00146085
64627.99,0.00972182
64644.26,0.09367761
64623.99,0.00977688
64612.0,0.014541
64614.99,0.01269942
64629.4,0.00972067
64628.91,0.11796555
64575.64,0.02918468
64581.94,0.00179287
64581.94,0.00815925
64577.16,0.04090202
64632.27,0.01891113
64614.94,0.11070789
64591.43,0.00865268
64584.38,1.2349765
64554.13,0.63560435
64572.59,0.08596409
64558.0,0.00244171
64549.0,0.00584156
64554.77,0.00102473
64554.02,0.44159291
64566.98,0.41159327
64582.13,0.10476796
64568.35,0.02266427
64566.98,0.35760447
64566.54,0.45082479
64573.87,0.10058929
64555.28,0.10223802
64546.65,0.43467325
64563.83,0.01700996
64568.57,2.81933263
64590.34,0.10256446
64589.01,0.0471059
64589.01,0.00205108
64596.23,0.15671127
64600.4,0.08399414
64589.65,0.37847483
64583.62,0.19792928
64616.14,0.26440762
64594.72,0.00225525
64567.38,0.13715037
64569.27,0.01274185
64579.32,0.11805426
64560.65,0.01727998
64574.69,0.11761381
64595.09,0.00354288
64595.1,0.10946509
64647.92,0.05709098
64654.28,0.0069946
64667.16,0.25243297
64659.11,0.02267898
64624.56,0.35208777
64630.34,0.45392272
64607.98,0.73311571
64565.1,0.37719582
64557.47,0.27541419
64582.45,0.00665625
64581.01,0.00394788
64597.21,0.00884038
64585.37,0.13322523
64577.46,0.03955465
64583.22,0.37689958
64610.17,0.38949395
64607.64,0.01563455
64643.13,0.11523136
64639.7,0.07258183
64628.55,0.07098354
64652.23,0.39974776
64648.47,0.05987484
64663.2,0.91423224
64664.42,0.11590539
64686.0,0.27072912
64683.19,0.38121179
64646.76,0.03526168
64637.94,0.06330644
64637.95,0.03312303
64645.39,0.00028792
64645.38,0.1001181
64640.67,0.02531477
64627.38,0.41977716
64614.84,0.00620938
64606.56,0.02327444
64586.76,0.29578863
64574.16,0.01818347
64523.06,0.02000204
64512.38,0.04804477
64528.04,0.0019659
64528.05,0.55762234
64531.49,0.00931194
64531.49,0.24714244
64564.44,0.00336499
64556.6,0.03175741
64556.59,0.00542126
64557.31,0.00025473
64557.32,0.00280328
64561.35,0.31126561
64578.9,0.0014219
64578.67,0.20276842
64585.65,0.0002346
64585.66,0.04584199
64561.92,0.01922051
64569.03,0.01382912
64570.42,0.00173367
64570.42,0.01279664
64566.75,0.0075096
64537.67,0.23582494
64561.94,0.10663793
64602.8,0.11380496
64597.83,0.00015634
64597.83,0.20867475
64598.14,0.04558857
64578.08,0.00414014
64564.22,0.27349362
64561.07,0.18758505
64553.07,0.3296484
64523.41,0.00150652
64519.98,0.03725838
64502.51,0.00079423
64501.25,0.0104654
64499.27,1.1001723
64540.18,0.02377874
64564.61,1.05783916
64602.46,0.0599833
64592.25,0.01825451
64583.2,0.01873554
64595.34,0.25478262
64604.42,0.00661838
64642.14,0.80103965
64599.82,0.05840545
64557.43,0.40123081
64572.09,0.00625547
64572.08,0.26508283
64549.22,0.01881221
64558.05,0.00687181
64558.11,0.01206657
64549.21,0.00248268
64539.22,0.43568982
64551.15,0.37712647
64559.02,0.00816201
64556.66,0.00419567
64564.33,0.01069645
64554.37,0.0626594
64548.67,1.17766435
64534.06,0.00292654
64529.91,1.67392158
64582.37,0.50905979
64559.33,0.09017647
64554.84,0.10763587
64569.4,0.00402486
64574.39,0.00301741
64593.98,0.12973268
64575.27,0.00743459
64553.09,0.00155309
64548.18,0.0069632
64557.93,0.84448174
64591.4,0.55740272
64563.36,0.0172977
64557.99,0.24284217
64601.96,0.07572007
64601.27,0.0021672
64591.31,0.02728554
64591.89,0.19261943
64627.19,0.10938029
64627.93,0.08521454
64625.84,0.00309488
64619.62,0.20140776
64622.08,0.04409283
64637.55,0.0002344
64651.4,1.31391604
64701.19,0.01636654
64721.06,0.42051427
64775.33,0.1091487
64756.06,0.02725774
64746.08,0.00753007
64733.92,0.00444073
64730.69,0.68699098
64766.52,0.00211677
64785.68,0.05003791
64809.19,0.04580348
64845.79,0.03185447
64874.25,0.82527728
64852.62,0.00534082
64875.1,0.72686142
64896.55,0.03653533
64876.0,0.01191
64881.48,3.65410832
64901.53,1.76793523
64857.69,0.18056771
64886.99,0.16759058
64932.61,1.51211138
64874.93,0.60974831
64835.39,0.05095867
64868.97,0.0934858
64887.49,0.03663904
64859.1,0.87153913
64872.86,0.4490713
64865.1,0.17530975
64889.97,0.02596953
64871.23,2.24956684
64859.56,0.0317735
64855.89,0.47238926
64851.95,0.00015574
64851.95,0.40452986
64850.47,0.10773141
64857.01,0.12330312
64853.65,0.0317978
64867.12,0.00518185
64861.07,0.4272469
64834.64,0.05602326
64844.94,0.17385565
64839.66,0.07722418
64848.91,0.01023577
64849.98,0.0525238
64869.51,0.19037993
64865.93,0.0177947
64865.92,1.04001905
64883.74,0.38034347
64873.15,0.52392836
64853.35,0.416538
64830.21,2.50365565
64846.19,0.06826371
64838.1,0.03518259
64831.94,0.0126162
64831.94,4.35512663
64891.59,0.11569288
64886.0,0.10874408
64854.61,0.59584589
64838.36,0.9639314
64816.24,0.54017784
64800.42,0.05849118
64809.9,0.31740251
64805.0,0.13828673
64784.17,0.10257447
64788.95,0.19597709
64792.86,0.86638402
64835.63,0.13315777
64817.91,2.5179995
64816.84,0.14268138
64782.31,0.14456655
64791.12,0.00224021
64796.78,0.98673304
64799.65,0.10192477
64788.99,0.34317786
64776.84,1.40914891
64753.69,0.00800736
64766.24,0.27898878
64766.24,0.56849373
64744.42,0.02620482
64752.97,0.93089393
64752.96,0.0161608
64740.93,0.23805766
64723.44,0.12250155
64688.43,1.89933863
64582.62,0.28582366
64603.67,0.09889978
64614.34,0.27792435
64657.48,0.00642281
64653.09,0.00069249
64670.47,0.0109471
64672.28,0.00082751
64678.85,0.07942299
64644.88,0.0199374
64652.98,0.15123373
64696.32,0.65739363
64687.43,0.02778929
64723.14,0.00181383
64713.56,0.02567467
64715.22,0.00633748
64714.34,0.12386781
64742.37,0.14270732
64709.27,0.00095232
64718.5,0.03479317
64721.04,0.05078349
64711.85,0.22617795
64713.33,0.00174598
64721.85,0.03144451
64699.03,0.005829
64706.16,0.05715802
64713.95,0.09559443
64701.41,0.00603886
64712.94,0.01323505
64669.17,0.09896184
64662.18,0.46364892
64641.28,0.30145328
64627.41,0.29651261
64627.45,0.02640168
64641.4,0.02240341
64647.98,0.06755233
64649.69,0.1362002
64614.24,0.31465786
64601.73,0.26825634
64552.79,0.12889029
64554.9,0.01225556
64566.76,1.12530523
64526.13,0.12426766
64530.34,0.05112199
64547.01,0.01687501
64545.08,0.00792998
64551.6,0.01826113
64552.02,1.75908219
64519.53,0.18824063
64525.57,0.59575712
64490.09,0.73274992
64485.69,0.59751516
64470.85,0.41982717
64450.63,0.0016833
64451.5,0.29803637
64413.89,0.37416914
64408.62,0.17892328
64406.42,0.20648609
64414.55,0.77652495
64356.08,2.42442535
64271.16,0.77712649
64247.29,0.02833063
64227.61,0.44767348
64211.62,0.66922948
64172.09,1.37109485
64168.69,0.40739123
64166.99,0.35337706
64154.07,0.12601319
64180.45,0.0423917
64198.29,0.01274821
64210.83,0.01786576
64207.17,0.28220868
64206.02,0.65804896
64178.01,1.62193648
64100.68,0.12512876
64139.56,0.03904473
64117.73,2.06579982
64055.91,1.1855584
64063.38,0.11766214
64076.93,0.45613445
64128.33,0.09993788
64151.85,1.02963007
64185.63,0.01159635
64186.77,0.06864703
64195.88,0.02268462
64186.11,0.00757553
64198.99,0.97962801
64129.93,0.46632321
64142.55,0.09885477
64133.97,0.3167173
64130.67,0.17253072
64077.95,0.19487546
64079.95,0.15008285
64086.55,14.94197134
64023.84,0.98538163
64044.56,0.22774345
63985.1,0.80133927
63958.35,3.21877787
63889.76,4.88540457
63853.65,3.70925358
63881.69,1.58472112
63935.59,0.66452639
63939.39,0.55354706
63895.01,5.33539035
63925.64,0.11589816
63950.59,2.18845128
63974.85,0.68078548
63998.33,0.0297941
64001.93,0.01961755
63998.33,0.17884777
64029.82,0.33131486
64059.36,0.0723833
64094.01,2.18209329
64105.01,0.24931183
64120.22,1.01700535
64156.54,1.54873814
64122.84,0.30760842
64151.14,2.0532645
64143.69,4.13476962
64170.66,1.25675197
64219.13,2.50033902
64283.65,1.51981438
64265.55,0.46151812
64263.46,0.12481809
64262.81,0.00716908
64262.83,0.9313476
64222.41,0.10603242
64175.8,2.55413946
64079.39,1.66468992
64090.17,0.02624055
64131.87,0.03738858
64141.9,0.24772718
64150.11,0.95103982
64121.78,0.2560219
64077.35,0.02120541
64070.8,0.28652694
64061.41,0.1858523
64052.51,0.50577423
64031.97,0.49845496
64041.48,0.263612
64038.0,0.07648273
64022.39,0.13981549
64059.13,0.00415943
64070.6,0.13588076
64121.44,0.63602727
64077.71,0.03905318
64098.44,0.28517858
64105.72,3.45158748
64080.13,1.78393145
64085.07,0.02304794
64081.83,1.35857315
64052.21,0.07686836
64047.01,0.55867494
64073.53,0.026101
64094.2,0.02779986
64108.09,0.1650351
64105.03,0.04438133
64081.08,0.54186708
64054.89,0.34553811
64076.97,0.00720496
64075.97,0.06917947
64081.58,0.14150602
64061.59,3.06004085
64056.76,0.68106002
64066.47,0.28340694
64059.86,0.01890922
64044.19,0.04155415
64031.01,0.50060435
64014.36,0.00216946
64015.21,0.10188088
64040.57,0.03302489
64010.23,0.00654755
63999.45,2.13627759
63982.63,0.09393241
64019.05,0.17519956
64040.79,0.7649736
64046.92,0.09783438
64021.63,0.43261657
64031.28,0.0171436
64048.94,0.02170117
64038.69,0.00053314
64041.15,0.04785886
64038.68,0.12846063
64021.59,0.00039439
64027.36,0.04518517
64034.33,0.00629926
64038.26,0.15105446
64059.01,0.02039569
64048.01,0.01674835
64048.92,0.01666544
64030.67,10.44775667
64050.89,0.006306
64062.36,0.12332121
64042.14,0.37399796
64038.72,0.02285763
64070.42,0.02108063
64068.63,2.89780741
63974.35,0.17441314
64014.01,1.61973703
64024.02,0.02767573
64033.14,0.00130199
64033.02,0.16365328
64033.03,0.53722272
64039.62,0.13182046
64052.49,0.01554824
64024.64,0.43312149
64022.35,0.26164281
64035.66,0.2934956
64048.09,0.26439298
64058.1,0.08806369
64075.82,1.32747236
64112.57,0.08623234
64121.16,0.01500681
64127.67,0.02410983
64104.2,0.00118044
64103.99,0.92513077
64086.62,0.01302579
64087.98,0.01525675
64089.55,0.09866735
64082.47,0.00128913
64102.79,0.01110406
64120.72,0.00635512
64159.47,0.09922426
64176.41,0.00351507
64173.54,0.90793814
64144.71,0.13204562
64130.97,0.0069843
64148.11,0.00358871
64148.69,0.82397539
64141.98,0.06169497
64143.02,0.12395085
64132.28,0.00878565
64160.16,0.07474344
64166.83,0.02430921
64171.11,0.01612923
64172.99,1.33273585
64208.43,0.0985496
64198.01,2.06214454
64204.53,0.05748337
64193.2,0.00184891
64174.92,0.01374702
64140.96,0.07820148
64140.95,0.40766522
64131.1,0.03761829
64139.45,1.04159595
64140.12,0.26295914
64136.27,0.02647003
64143.22,0.01143114
64136.33,0.08707065
64136.34,0.02612639
64131.66,0.01553887
64133.9,0.20017107
64125.47,0.12064881
64132.31,0.01785193
64135.28,0.03241148
64135.28,0.00019004
64139.78,0.01829077
64142.59,0.02889294
64127.82,0.00462697
64142.62,0.04646832
64140.47,0.03826542
64142.58,0.39153437
64164.67,0.07539942
64162.81,2.19719066
64133.03,0.00713418
64147.77,0.00394675
64135.66,0.15724266
64133.35,0.1904447
64123.31,0.01525502
64096.77,0.10606246
64082.28,0.03537182
64077.04,0.00522481
64079.82,0.05458936
64093.7,0.15657466
64079.9,0.53132981
64102.77,0.02510397
64124.5,0.55827456
64119.64,0.00887127
64119.86,0.23826292
64110.13,0.74089512
64060.89,1.1097926
64072.11,0.00936615
64069.73,1.52622702
64066.97,0.73635838
64081.75,0.03869142
64098.98,0.70233264
64139.25,1.63673403
64188.9,0.08455579
64194.3,0.27413051
64171.03,0.26438124
64151.85,0.51014589
64177.26,0.01921565
64149.02,0.13230037
64128.95,1.38054485
64121.21,0.02763006
64103.53,0.03204754
64109.75,0.30850703
64108.43,0.44408343
64131.8,0.1361767
64147.24,0.00174779
64158.18,0.10341096
64152.48,0.75054471
64120.43,0.11428963
64147.78,0.02383719
64171.73,0.00400663
64170.0,0.00473162
64187.78,0.13210963
64202.95,0.10402899
64210.57,0.00560687
64206.62,0.09307562
64216.06,0.0283491
64192.79,0.12527694
64198.01,6.55721791
64071.93,2.08386415
64087.35,0.40397435
64129.55,0.00856012
64147.86,0.05883196
64147.96,0.00299492
64147.97,0.12062865
64156.37,0.17814734
64158.21,0.05342867
64162.67,0.23891643
64205.98,0.01174013
64205.97,0.49438992
64179.86,0.06112349
64184.39,0.01675213
64175.78,0.03195193
64175.78,0.10052344
64118.7,0.77494286
64095.1,0.01437299
64108.02,0.02974613
64101.67,0.31739688
64098.05,0.12671518
64117.66,0.27617449
64132.99,0.11570233
64139.43,0.54621577
64096.8,0.03550272
64097.18,0.86358943
64109.17,0.01921116
64085.98,0.00208406
64078.35,0.04290989
64087.46,0.01385576
64098.82,0.03582909
64114.4,0.43034591
64113.4,7.36356453
64084.87,0.77006901
64112.66,0.01311162
64122.82,0.70934085
64075.0,0.18390795
64066.96,0.02872475
64089.07,0.09075999
64095.52,0.02384711
64111.34,0.07095393
64140.34,1.84564005
64153.09,0.19930674
64125.67,0.76113666
64091.1,0.73524123
64119.66,0.5606311
64100.47,0.17178991
64087.01,0.34065127
64062.09,1.31986314
63937.06,0.48517235
63951.01,0.41782553
63927.66,1.26265895
63885.78,0.20669159
63863.64,0.52996586
63878.15,1.0690046
63869.12,0.92924858
63841.64,0.6336462
63822.7,0.13618586
63904.57,0.05625878
63896.44,0.80102018
63920.02,0.03480486
63905.32,0.16515566
63907.08,0.24699321
63887.03,0.65191774
63943.23,0.02568649
63960.82,4.09928918
63971.99,0.44324151
63953.8,0.00710891
63942.98,0.27180103
63932.01,0.02074817
63923.62,0.02580639
63913.38,0.27279502
63943.61,2.08717268
63959.04,0.07467834
63920.42,0.05524946
63953.44,0.18587031
63929.82,0.16906246
63954.3,0.08736737
63948.38,0.12144629
63969.34,0.52746097
63969.77,0.63529063
63972.17,0.15656649
64025.97,0.01144437
64033.34,0.06213763
64044.99,0.01863588
64051.0,1.56147159
64033.04,1.28479563
64043.18,0.01366329
64052.13,0.35928781
64027.65,0.06228436
64029.11,0.0105464
64044.96,0.11802028
64115.39,0.0091739
64136.37,0.35631302
64147.89,2.58711534
64185.87,0.06644236
64164.62,3.6898061
64135.79,0.00987234
64145.23,0.41099916
64150.45,0.010902
64155.29,0.32084332
64202.12,2.41776726
64277.57,0.18860869
64221.39,2.54952943
64244.69,0.1463755
64248.42,0.19498428
64272.51,1.11969568
64336.49,0.69092987
64405.57,1.04879138
64299.45,3.72826199
64267.86,1.01134816
64253.9,0.95486439
64269.63,0.94422727
64199.42,1.13624518
64132.56,0.14663638
64169.08,0.08181851
64105.65,0.41806336
64163.97,3.88603571
64203.22,0.76848363
64150.65,3.97399239
64100.38,2.14408235
64156.88,0.34455101
64218.33,0.50168268
64268.17,0.34642436
64278.73,1.24672239
64308.95,0.51358203
64222.0,5.39959133
64237.17,0.95762435
64258.88,0.74917821
64249.49,0.16446008
64331.38,0.06108914
64321.69,3.7351818
64387.8,0.48127662
64427.99,1.11144372
64347.38,0.17050827
64331.01,2.74476901
64298.97,0.59995514
64366.78,2.4917647
64454.61,5.46484005
64521.91,0.76779432
64564.8,2.85169513
64556.82,1.09459385
64541.3,1.38086075
64645.03,0.68296354
64550.11,0.30646866
64525.21,0.16080151
64579.05,0.93234555
64560.98,1.47409899
64637.1,1.18551935
64629.17,0.16405747
64555.96,1.12080878
64627.47,1.73298107
64540.66,0.7324239
64538.82,0.6490638
64540.74,1.64308691
64602.0,0.28283213
64554.0,0.99687312
64601.99,0.22655248
64639.48,1.72558114
64760.0,0.94529157
64740.31,0.32638287
64704.32,1.35671334
64664.0,0.26736115
64623.27,0.24540818
64677.61,0.04645034
64679.27,0.51031854
64692.3,0.03691377
64743.34,0.06296936
64673.36,1.41275995
64712.56,0.30452372
64663.61,0.11515486
64642.51,0.12212319
64659.0,0.09188319
64635.99,0.05554782
64662.54,0.25694488
64632.68,0.04517337
64685.1,5.82471298
64646.26,0.16288195
64641.93,0.94741765
64654.39,0.38736489
64664.57,0.04264201
64651.16,0.28289752
64607.83,0.39355432
64625.38,0.07987363
64577.63,0.61479391
64548.64,3.50424926
64509.77,2.49938411
64405.09,3.45466062
64414.79,0.23381293
64440.29,2.27232026
64512.15,4.22825346
64484.68,0.82313955
64466.66,0.5829771
64425.99,0.53082154
64468.94,1.0974005
64424.54,0.15614474
64451.46,0.17118905
64406.65,0.29350742
64391.62,0.05901852
64367.89,2.50711536
64347.28,0.63560259
64386.95,0.32315175
64403.01,0.04890281
64426.24,0.4010695
64359.31,0.84687417
64310.96,0.16862852
64308.98,1.10087194
64353.51,0.78201963
64334.66,0.6983769
64414.91,0.26908135
64439.69,0.1355017
64466.76,0.30487548
64476.05,0.37236693
64531.72,0.37346555
64526.28,0.11672892
64511.34,0.89349886
64615.06,0.34531175
64652.86,1.45320191
64812.22,1.74286603
64770.46,0.04864868
64742.74,0.04841485
64776.3,0.06121883
64710.64,2.41335032
64724.77,0.08006464
64716.88,0.060503
64704.92,2.06992052
64731.51,0.39634696
64709.12,0.78125887
64737.29,0.22940935
64709.29,0.09149221
64735.26,2.8701388
64761.74,0.15287192
64738.25,0.34089088
64733.99,0.41425518
64727.0,1.23708849
64653.04,5.43313975
64681.01,11.96785352
64640.74,1.14038599
64603.45,1.50759702
64614.64,0.13962754
64650.66,15.8326028
64700.0,10.1282963
64734.9,1.95860092
64668.34,1.31431613
64664.67,0.4707253
64689.46,0.0463472
64704.73,0.08915087
64648.17,0.15801882
64638.62,0.58163819
64659.3,0.01021057
64669.69,2.38178834
64657.23,0.37718287
64637.49,0.20282882
64588.0,3.10570195
64548.0,0.81451567
64593.39,0.18317408
64544.05,0.66655351
64519.16,1.66234024
64555.01,0.77902644
64493.97,0.15110863
64529.39,0.0150924
64549.94,0.43345847
64469.36,0.09288483
64463.66,0.02561533
64458.2,0.28137175
64463.94,2.09363905
64454.9,0.09470839
64445.08,0.01641927
64477.88,0.7354546
64445.37,0.44286695
64477.27,0.77085022
64432.98,0.57300755
64377.55,2.46490114
64418.3,8.1400581
64394.46,0.06042255
64389.39,0.87267373
64406.47,0.10575447
64465.74,0.3586666
64485.53,1.5802431
64508.18,0.16576318
64510.13,0.04145469
64491.7,0.20553713
64550.28,0.0672168
64556.95,0.05247665
64605.21,0.07478487
64535.67,0.12780573
64532.33,0.02470665
64478.69,1.63335442
64496.27,0.21697708
64473.44,0.061746
64451.42,0.5812624
64390.56,0.51666903
64424.24,0.01340785
64371.05,0.07726012
64391.26,0.03181413
64348.95,0.04007208
64335.61,0.84254424
64301.0,0.44217506
64335.0,0.62130505
64351.82,2.01566934
64384.22,0.40250479
64386.93,0.06303696
64417.73,0.14725677
64426.8,0.03858461
64445.09,0.56308079
64441.5,0.57262768
64424.95,0.26395271
64460.27,0.40955502
64463.98,0.56672299
64471.98,1.34522086
64460.59,0.10140488
64434.54,0.53330521
64381.91,0.2405477
64385.22,0.86756867
64333.74,0.24654122
64328.71,1.23377127
64329.09,1.84430794
64306.46,0.85848057
64267.6,1.32161759
64279.11,0.45504524
64336.51,1.3371462
64257.91,1.70025122
64207.59,0.20530801
64210.35,1.1688107
64223.53,0.63439215
64210.34,0.56340933
64126.2,0.22033654
64168.77,1.58118213
64142.94,2.93356198
64108.1,0.87152383
64140.09,0.06638445
64165.74,0.67204862
64136.96,0.19141744
64139.05,0.50557674
64182.69,0.10428917
64182.63,0.22871798
64163.36,0.55546861
64099.01,5.09417938
64136.32,0.03546542
64144.23,0.05762907
64165.64,0.13234657
64174.87,0.03077376
64205.7,0.86731958
64205.86,4.40439983
64208.94,0.054809
64210.23,0.36560419
64210.85,0.15879179
64190.35,1.03191895
64203.93,0.1924471
64172.62,4.76577222
64183.64,0.01961777
64184.07,1.50293884
64156.3,0.06925397
64174.33,1.35613286
64144.74,0.08795126
64126.91,0.46953138
64099.8,1.30455883
64083.55,0.23768398
64085.25,0.73329582
64087.39,1.19953079
64102.42,0.29715679
64090.62,3.52425079
64064.83,0.50241847
64011.74,2.51256907
64059.0,0.95464636
64086.73,0.15011289
64042.4,1.39182684
63965.99,1.53185327
63961.9,0.63118016
63980.43,0.56353629
63991.76,0.09459329
64022.38,1.35067739
64039.16,1.29277398
64089.55,0.39124106
64036.15,0.27107715
64034.77,0.62681559
64045.07,0.01410443
64042.49,0.09921821
64067.12,0.23951117
64090.69,0.0111394
64115.61,0.34972323
64129.71,0.0552587
64134.77,0.02822555
64149.5,0.36160374
64134.83,0.18730318
64160.69,0.01267078
64152.59,0.01773209
64113.94,0.44229251
64172.89,0.01928721
64175.94,0.47189661
64171.98,0.52057169
64191.67,0.10883741
64179.13,1.2106957
64273.38,0.91670081
64247.5,0.00110697
64247.16,0.01804829
64256.61,0.25097701
64235.28,0.44834818
64248.14,0.05202965
64230.62,0.02313061
64227.89,1.45702059
64172.69,1.18641725
64151.9,0.06891206
64168.13,0.18677403
64159.09,0.33744061
64128.55,0.06182947
64137.2,0.32652648
64114.94,1.13678281
64100.3,0.04222819
64064.26,0.08495613
64099.33,0.33951876
64090.64,0.2148454
64063.29,0.43034316
64072.17,0.55047156
64103.03,1.24101367
64090.57,0.11060026
64102.38,0.2804378
64135.58,0.07067122
64141.96,1.0157629
64162.19,0.12510071
64185.27,0.00959639
64185.27,0.00646457
64211.92,2.39367239
64255.12,0.33253004
64230.98,0.26662356
64225.13,0.06818818
64220.66,0.01484921
64210.33,0.01887073
64225.92,0.00274169
64227.49,0.09520247
64220.16,0.00186022
64201.57,0.49354647
64225.25,1.64170678
64240.9,0.11992961
64251.98,1.22695566
64244.0,0.07970951
64244.26,0.65319872
64248.12,0.04433636
64217.36,0.51690944
64172.04,2.29797385
64201.13,0.00067595
64194.28,0.13723097
64202.02,0.11589833
64231.32,0.02691138
64214.89,0.13604645
64202.46,2.89309509
64179.99,0.0099792
64167.86,0.43221286
64216.55,0.36842195
64163.33,0.18002504
64163.82,0.26594404
64172.78,0.11421527
64177.21,0.06825757
64195.28,0.92601456
64169.6,0.06916768
64132.18,0.00424186
64138.79,0.34992076
64144.46,0.01245215
64131.98,0.20187771
64143.55,2.91465684
64216.07,0.19564408
64219.39,0.2754118
64234.57,0.02232336
64184.24,0.14634408
64203.39,0.02364348
64200.46,0.03845217
64196.12,0.72047012
64213.25,0.03210262
64169.1,0.25844093
64189.27,0.027077
64206.03,0.4556156
64192.05,0.20864681
64175.72,0.11394044
64186.42,0.00139427
64184.89,0.33961274
64153.19,0.34281691
64148.84,1.34974365
64150.13,1.69175459
64112.41,0.03495366
64106.77,2.08806429
64114.98,0.04556542
64124.7,5.62075197
64170.6,0.05192267
64204.0,0.75264823
64196.0,1.1566079
64203.99,0.86039693
64219.25,0.05031178
64227.65,0.60334669
64217.36,0.00114177
64217.36,0.50318072
64205.17,2.5112757
64221.39,0.14904494
64229.31,1.61822671
64200.16,0.38040255
64205.17,0.03577188
64193.51,0.47622773
64178.25,0.0039887
64197.51,0.44320161
64187.16,0.9071415
64162.98,0.03585791
64153.51,0.0033213
64153.51,0.1506745
64153.49,0.00101157
64153.5,0.03113429
64148.01,0.0070921
64137.37,0.0250516
64137.34,0.1162995
64107.63,0.01071717
64120.07,0.23326298
64121.44,0.35827316
64151.75,0.31772474
64178.61,0.22474127
64182.64,0.88928952
64173.9,0.14303171
64173.9,0.01566148
64166.95,0.69081016
64146.8,0.62548395
64139.97,0.02188953
64146.79,0.01807772
64146.0,0.00748633
64144.78,0.0206271
64137.03,0.1164828
64115.68,0.07704644
64131.85,0.33367679
64137.81,0.2432006
64144.17,0.05197144
64144.17,0.71078178
64128.98,0.04003794
64111.15,0.03104659
64112.1,0.27306256
64102.4,0.00486634
64102.39,0.10530339
64088.26,1.21335926
64090.41,0.00063293
64090.4,0.00156654
64090.41,0.00118856
64099.0,0.00331623
64104.26,0.09735709
64095.99,0.06056005
64101.34,0.05190743
64107.31,0.00021161
64107.31,0.03986786
64092.85,0.0027864
64088.27,0.02045669
64077.69,0.0034193
64081.28,0.05758298
64074.63,6.36675023
64074.97,0.40846297
64102.32,0.05169801
64092.2,0.64692772
64089.59,0.05484154
64072.61,0.00274901
64075.58,0.00173064
64075.58,1.28479343
64057.05,0.01751001
64072.83,0.00983208
64084.47,0.44370718
64101.59,0.28742603
64129.35,0.10309426
64129.36,0.26386422
64115.45,0.01008314
64115.45,0.0205787
64112.75,0.00693115
64109.03,0.40215334
64146.79,0.52797199
64136.09,0.00412567
64138.04,0.00743273
64138.05,0.01658613
64143.48,0.00055306
64150.48,0.50910555
64160.94,0.00162462
64165.72,0.27062738
64155.0,0.03573608
64153.55,0.00015741
64153.54,0.09389002
64117.38,0.00078066
64117.68,0.00211294
64114.0,0.00016057
64120.93,0.00101193
64120.93,0.08392764
64137.25,0.04569929
64121.92,0.64147336
64111.96,0.0001575
64115.94,0.01119789
64115.94,0.57068334
64122.38,0.01334593
64122.39,0.24151943
64140.02,0.01324576
64140.03,0.47190602
64146.85,1.01458904
64184.52,0.22652413
64162.23,0.75668456
64171.65,0.11080406
64163.78,2.92103528
64149.92,0.00523733
64155.53,0.61590144
64164.13,0.02685331
64136.17,0.28757712
64140.14,0.44310333
64140.15,0.67826084
64142.9,0.08217836
64134.2,0.10504379
64148.72,0.0123767
64158.25,0.00485432
64158.25,0.19950026
64144.62,0.42413472
64139.06,1.05610405
64119.98,0.03618077
64101.33,0.03395309
64095.57,0.0119513
64095.57,0.01266287
64109.23,1.74635888
64179.47,0.00477134
64179.04,0.48719995
64134.71,0.2089148
64179.84,0.17667597
64146.18,0.01484726
64135.96,0.23733167
64166.59,0.02215926
64130.2,0.20384839
64167.69,0.0148994
64144.19,0.02178077
64128.16,0.05627416
64128.17,0.00660383
64150.51,3.10961432
64112.73,1.32591231
64140.0,0.22357449
64120.47,0.02064462
64099.9,0.02381248
64111.49,0.12385965
64106.13,0.0088441
64096.35,0.08066598
64082.58,0.07163485
64059.0,0.50827285
64026.42,1.22154997
64025.88,0.09374105
64012.73,0.51761897
63997.36,0.94641287
64028.77,0.01666819
64000.27,0.54727583
63987.57,0.04455823
63974.35,1.71321162
63986.4,0.63642325
64043.91,0.03596629
64029.34,0.54130194
64108.99,0.0137369
64058.83,0.02514536
64059.27,1.00057028
64053.36,1.64677165
64079.89,0.05849838
64084.48,0.01638302
64073.64,1.05875771
63985.97,0.14412152
64011.82,1.9319482
64030.63,0.00101711
64021.0,0.03445055
64026.99,0.05095102
64026.72,0.02094793
64003.54,0.06566389
64017.11,0.02836649
64004.97,0.0150817
63990.01,0.05560798
63976.19,6.91122161
63971.3,5.2022074
63952.43,3.20406898
63932.77,0.47195063
63919.19,0.91113058
63925.87,0.27197678
63905.0,0.00762306
63910.02,0.05447106
63923.58,0.02321903
63910.07,1.37766251
63926.4,0.05267713
63941.26,0.31329679
63928.78,0.02662551
63888.39,0.02222624
63887.37,0.25167884
63891.78,0.01784413
63900.2,0.00156269
63893.46,0.01374291
63895.02,0.29566453
63891.11,0.30089498
63885.99,0.03834211
63886.0,0.60921999
63878.88,0.02302311
63879.7,0.03955146
63877.44,0.40321473
63854.14,0.05106924
63851.48,0.34036466
63851.48,0.00380567
63847.2,0.07593113
63847.19,7.25832168
63807.14,0.26910631
63756.74,1.39653113
63726.46,1.28705877
63710.39,0.10102659
63711.01,0.42726894
63769.27,0.02010951
63760.42,0.02046113
63768.18,0.02648293
63774.32,0.11872034
63761.0,0.02929912
63766.71,1.25532328
63781.36,0.00983979
63732.49,0.30562764
63722.63,0.12995877
63721.01,0.49102976
63731.85,0.93813603
63713.39,0.18744544
63700.02,1.31903943
63706.05,0.1091469
63714.68,0.13514921
63728.24,0.02157332
63710.56,0.02527763
63735.24,4.86948902
63772.15,0.0089273
63792.04,0.29219469
63773.25,0.05282109
63792.62,0.78512933
63822.32,0.25575263
63780.98,0.04206757
63786.82,1.04317198
63849.95,0.79331524
63849.53,0.00493682
63829.9,0.00105726
63826.52,0.95845836
63821.14,0.38167323
63781.99,0.03153
63782.54,0.06183308
63791.64,0.00259777
63791.63,0.27088883
63782.65,1.0884516
63796.53,0.27326849
63737.2,1.38000633
63742.33,0.00428049
63768.14,0.36006237
63755.03,0.60486167
63722.3,0.16925798
63713.59,0.00375242
63704.05,1.97953623
63739.9,0.74362719
63713.55,1.27569586
63742.39,0.32730215
63769.99,1.20219913
63771.07,0.14183026
63730.29,0.22771971
63742.66,0.07118109
63782.52,1.09912615
63811.86,0.04008507
63851.27,1.55306122
63770.3,0.01145994
63789.89,0.08795268
63782.43,1.13595257
63751.25,0.02144194
63748.1,0.05992513
63768.66,0.3753214
63746.07,0.11825839
63730.84,0.24190593
63735.42,2.23218762
63720.48,0.00446963
63734.47,0.0048667
63748.14,0.03734346
63713.11,3.53931191
63670.08,2.05727933
63654.49,1.19222011
63655.39,0.05968279
63648.63,0.18465897
63636.62,0.44864718
63566.95,0.14574845
63585.6,0.02296738
63677.03,0.16858099
63623.14,0.03715831
63682.7,0.33496492
63620.3,0.34429401
63697.31,0.78237387
63686.86,2.01752038
63736.12,2.79230166
63762.02,0.19612589
63791.52,0.00335383
63778.18,0.22790295
63793.54,0.02415767
63799.38,0.19515846
63786.16,0.02937312
63783.76,3.38852731
63771.16,0.11951338
63802.74,0.01138519
63800.94,0.37431189
63803.18,0.01845932
63773.69,1.27440707
63762.97,0.41284183
63824.26,0.24511835
63827.51,0.12208238
63840.07,0.44417393
63852.16,1.24368334
63901.29,0.2229445
63894.47,0.018602
63883.01,1.17497839
63948.78,0.10159724
63963.57,0.25525346
63960.97,2.15761957
64008.24,0.01360138
63979.56,0.5265966
63951.57,0.76029719
63936.86,0.05434558
63924.05,0.62379505
63945.58,0.45529853
63933.86,0.03839057
63920.02,1.43791846
63897.36,0.01156307
63892.16,0.01155011
63846.57,0.36894908
63838.04,2.32708031
63796.3,0.07684816
63828.79,0.08614201
63850.95,0.66859052
63852.99,0.0329209
63857.96,0.31094203
63856.13,0.00082342
63854.24,0.01438783
63879.18,0.65685434
63916.64,0.4036119
63922.49,0.02372216
63886.56,0.04758239
63860.31,0.04706876
63823.86,3.04337
63819.86,0.0463443
63776.79,2.26381303
63779.75,0.04224744
63797.88,0.02107911
63829.03,0.26331548
63812.57,0.10761254
63811.8,1.03848391
63794.79,0.03528738
63752.23,0.75128408
63768.13,0.41394689
63718.64,1.99635919
63670.69,0.61298708
63629.85,0.00174586
63612.77,0.15529225
63619.08,0.69219929
63616.8,0.11647206
63570.84,0.2838842
63558.32,3.74106052
63467.09,2.25977522
63516.22,0.38281323
63484.0,0.47038244
63449.15,1.89946642
63475.8,0.05515823
63503.51,0.01988887
63506.61,0.03384793
63500.74,0.08692917
63493.01,0.58099316
63523.0,0.24741813
63436.52,0.0195134
63470.54,0.42719797
63480.35,0.05395129
63517.47,0.00854226
63538.65,0.03285193
63539.11,0.69147428
63520.35,0.03113619
63533.77,1.2739021
63403.06,1.81990151
63406.29,0.68647443
63475.45,0.26017664
63519.7,0.18591747
63557.8,0.29277003
63560.44,0.03553226
63574.69,1.41715728
63592.4,0.06634064
63587.98,0.02464181
63571.11,0.16173262
63561.84,0.18410462
63524.84,0.94851409
63480.8,0.05331692
63508.72,0.35495531
63496.21,0.12411102
63489.78,3.19042178
63524.51,0.19758564
63503.71,0.51536134
63496.99,0.0251828
63552.21,3.4392775
63475.97,0.67650629
63491.93,0.06171834
63497.11,0.48528457
63514.77,0.11891377
63468.53,0.53655191
63439.06,0.34640148
63451.07,0.27405451
63419.02,0.02027623
63402.3,0.05317977
63389.56,0.15965743
63378.88,0.06215459
63410.47,0.14634185
63418.77,0.16868958
63371.67,1.49540152
63404.14,0.13578708
63400.44,0.02627915
63428.0,0.43360763
63401.82,0.30751642
63392.58,0.05156156
63352.71,0.06854707
63379.99,0.74358514
63384.5,0.0084617
63368.15,0.12622043
63349.99,0.07299884
63353.91,0.01976443
63330.75,0.91962106
63365.96,0.27664682
63397.52,0.31926812
63432.39,0.00244005
63432.39,0.25800873
63423.54,0.1157837
63465.91,0.10144751
63426.94,0.03529839
63448.23,0.08923653
63487.31,0.26312299
63509.09,0.18232474
63579.54,0.96932561
63595.63,0.10961554
63588.9,0.88507353
63583.15,0.00191475
63577.39,4.03923511
63554.48,1.21876043
63559.44,0.00570465
63546.0,0.02006662
63564.46,0.00430739
63565.99,0.89892462
63576.84,0.10460378
63607.01,0.0557941
63614.2,0.03986928
63641.76,0.53962475
63646.59,0.0329792
63635.82,0.00035627
63626.37,0.94757268
63633.59,0.01579324
63626.95,0.20198563
63624.8,0.06859887
63629.97,0.4686717
63641.32,0.37975892
63638.3,0.32078314
63618.64,0.64828604
63628.06,0.02664376
63606.58,0.22856052
63622.46,0.04790182
63599.98,0.00129131
63597.36,3.21049334
63639.33,0.50656048
63633.39,0.0023821
63618.52,0.15782848
63613.05,0.00741472
63607.63,0.01741057
63607.64,0.14118405
63564.86,0.20867918
63554.58,0.36118563
63579.84,0.09760207
63571.9,0.09102123
63565.47,0.41119338
63541.18,0.11371513
63516.61,0.25524384
63523.28,0.01734833
63526.47,0.01299814
63506.52,0.28317188
63478.64,0.2097418
63483.98,2.20593993
63497.85,0.44997069
63504.71,0.55019618
63511.61,0.10015904
63532.32,0.33667282
63530.89,0.18372441
63522.17,0.03203669
63518.89,0.03123228
63518.89,1.03210309
63481.7,0.57488324
63475.94,0.31267799
63460.74,0.04433932
63448.34,0.00101622
63448.34,0.26418506
63451.04,0.00284237
63446.1,0.01273012
63440.01,0.31763526
63450.36,0.01016721
63454.36,0.220921
63463.94,0.23983977
63458.81,0.62185147
63474.35,0.67428766
63440.59,0.00023879
63440.6,0.82853501
63466.35,0.01580865
63464.1,0.02039047
63420.33,0.05166737
63402.6,7.12864631
63288.16,0.43277755
63283.85,1.79418553
63277.01,1.15738604
63280.09,1.19641106
63309.67,1.06864468
63334.49,0.88254511
63345.11,0.61344377
63326.54,0.90032797
63293.59,0.35699045
63308.27,0.22882371
63318.63,1.0909586
63313.96,0.01294608
63321.66,1.1483437
63332.5,0.18458119
63341.46,4.86467895
63289.13,2.29960873
63325.9,0.31352003
63316.42,2.1043677
63309.05,0.91308857
63316.93,0.35819489
63346.72,0.03731312
63328.36,0.34402751
63352.44,0.03301492
63374.76,0.28051428
63426.99,0.24105446
63416.94,3.27997286
63494.99,1.31605869
63505.25,0.04882079
63496.38,0.97119036
63517.33,0.77204303
63489.22,0.0174122
63459.32,0.00349669
63457.3,0.00285714
63469.43,0.00161495
63448.22,0.00104981
63434.65,0.02583752
63421.35,0.10229746
63436.45,0.49774742
63425.4,0.2121466
63429.84,0.00970515
63429.18,0.02338542
63384.35,0.01097484
63354.91,0.00213347
63308.88,0.71348805
63332.22,0.47300466
63362.49,0.40692558
63325.46,0.19417787
63336.3,0.11012063
63364.47,0.01831492
63353.74,0.30670284
63361.99,0.05772601
63378.2,0.24200371
63345.59,0.10974881
63354.55,0.12142932
63354.4,0.03492374
63374.15,0.04482338
63362.25,2.37793433
63354.03,0.15614251
63361.27,0.03869393
63340.45,0.17861505
63332.91,0.52576093
63305.43,0.03111785
63318.08,0.00748511
63293.48,0.00979776
63307.71,0.00096804
63295.41,0.03997608
63256.17,0.41317343
63243.65,0.08610534
63253.24,0.04558188
63241.48,3.16595483
63143.37,0.11537924
63146.73,0.5953173
63132.55,0.26677997
63162.57,0.02418473
63151.27,0.00445217
63122.4,1.08328394
63084.99,0.67099491
63052.99,2.88384302
63103.44,0.51156312
63131.16,8.64981484
63034.47,13.00315688
62978.23,0.77502505
62959.67,1.16777835
62936.11,4.39380689
62930.49,9.05250134
62910.33,6.28794909
62850.88,6.73287632
62789.72,1.28136511
62810.59,0.78295748
62830.08,1.05206301
62843.58,1.12815199
62833.3,0.04763341
62775.72,0.15844693
62763.19,0.01074033
62764.08,0.04293587
62798.28,0.89421307
62810.15,0.49892102
62778.65,0.40283317
62772.22,0.73678906
62776.13,1.16347057
62779.57,0.46953237
62767.94,0.14010678
62747.47,0.75677643
62775.87,0.38958876
62814.63,0.12567988
62810.88,1.01198706
62874.23,0.83510022
62915.53,2.26429733
62877.76,0.03943989
62865.7,1.48625925
62758.2,0.78001618
62743.06,0.37421494
62774.13,0.66545892
62741.12,1.30359007
62747.56,0.14823784
62767.53,0.21820524
62717.34,1.36040539
62675.2,1.13673466
62680.6,0.12861605
62692.26,0.58937171
62732.09,3.21895411
62698.25,0.60808707
62701.27,0.0662601
62744.8,1.00932785
62783.76,0.10286073
62767.36,0.17139539
62790.82,0.64356448
62814.71,0.83267522
62840.82,0.01627653
62861.44,0.59091839
62875.11,0.23849784
62854.65,0.41403843
62903.97,0.88776055
62841.3,0.0851818
62883.96,0.30469472
62881.29,0.02732719
62876.31,0.01471626
62884.87,0.06868603
62884.33,0.09789849
62882.52,0.25403127
62876.53,0.02594058
62862.08,0.28346025
62851.13,0.31580432
62830.02,0.0407665
62811.92,0.29016566
62823.3,0.22724408
62823.3,0.49824791
62816.61,0.00085285
62825.53,0.13758993
62852.71,0.00461841
62851.56,0.15476053
62839.81,0.21733168
62800.74,0.06693312
62813.4,0.09355638
62813.45,0.00336726
62826.79,0.20065646
62835.64,0.48553083
62838.36,0.50341476
62861.9,0.02702667
62884.23,0.00782224
62894.16,0.9949655
62850.76,0.89021782
62872.95,0.06880329
62862.5,0.04244299
62850.36,0.04125233
62844.76,0.00770424
62838.01,1.38910859
62836.17,0.34987919
62831.33,0.02813034
62826.81,0.08069647
62860.55,0.41183168
62836.8,0.1408771
62817.34,0.41383753
62847.08,0.20843562
62844.3,0.09574708
62846.25,0.11258047
62834.77,0.0705487
62801.38,0.08876393
62817.42,0.32456
62805.24,0.77562453
62781.29,0.00827022
62771.3,0.01916052
62746.22,0.15037186
62778.2,0.17364771
62814.04,0.23539347
62799.41,0.02893746
62814.91,0.85746545
62851.01,0.02140693
62874.01,0.00135227
62865.87,0.11752285
62879.22,0.52537328
62895.54,0.07491251
62905.89,0.12629121
62918.58,0.7609179
62871.23,1.00832617
62848.6,0.50498853
62845.03,0.16055956
62843.01,0.23360567
62831.72,2.57503297
62858.11,0.60829105
62874.63,0.57177261
62873.14,0.04864587
62868.06,0.32813894
62859.75,0.12580149
62905.25,1.56516708
62876.69,0.94554233
62860.92,0.25840631
62852.9,0.590126
62865.03,0.00545463
62862.73,0.08730942
62866.73,0.11292547
62873.25,0.0867968
62878.61,0.31076657
62886.86,0.00562975
62890.65,0.7280999
62859.33,5.97371313
62862.31,0.00357724
62870.26,2.78906514
62843.85,2.40295732
62786.37,0.32551695
62767.62,1.31526111
62740.92,1.17659224
62741.27,0.45684821
62776.32,3.48905943
62743.25,0.93591843
62787.57,0.17334891
62796.33,0.86212093
62800.03,0.26640666
62807.91,0.74820816
62814.18,0.3378287
62793.7,0.51795279
62799.79,2.43138192
62812.11,0.14814015
62803.99,0.17869529
62832.27,0.06102243
62828.63,0.2153227
62822.85,0.69648743
62742.3,0.49142216
62710.51,0.84443913
62716.71,0.56804174
62680.05,0.83968885
62736.18,0.30074944
62741.8,1.36390507
62762.28,0.75641701
62785.85,0.02396016
62780.89,0.01948818
62745.48,0.13922613
62745.46,0.13779956
62778.27,0.04108827
62767.45,0.01578073
62745.03,0.00646225
62730.04,0.10587376
62694.98,0.42603818
62659.97,0.01726494
62665.69,0.17135108
62670.45,0.52838397
62708.63,1.87342091
62628.09,0.08742187
62652.94,0.59369538
62638.09,0.19275929
62646.46,0.00225352
62662.59,0.28942226
62674.16,0.05911631
62671.81,0.02056037
62706.33,0.00929484
62723.87,0.9658526
62772.77,0.1603493
62770.96,0.06237471
62787.14,0.02124502
62811.37,1.43841672
62801.94,0.50926076
62818.75,0.0311403
62828.32,0.61387966
62829.01,0.38002958
62820.19,1.0311628
62810.45,0.10820069
62825.53,2.51888551
62838.88,0.06426192
62872.65,0.26969023
62859.34,1.11180215
62838.48,0.25228547
62844.0,0.42480119
62842.99,0.03637966
62834.92,0.25683718
62829.69,0.01129364
62828.25,0.04354424
62820.63,0.03363402
62839.23,2.14384578
62871.42,0.09243234
62851.8,0.4969794
62855.02,0.40931607
62836.21,0.37121886
62836.3,0.04089467
62846.99,0.00979482
62877.45,0.63296781
62900.99,0.01296915
62864.29,0.17503222
62840.99,0.19752406
62828.26,0.15992037
62827.24,0.01309477
62814.69,0.20848417
62831.79,0.01004973
62832.11,0.01759693
62835.68,0.02095795
62874.13,0.0334439
62888.17,1.17236359
62901.75,0.00208035
62900.99,0.13956993
62900.99,1.30642448
62890.86,0.02154968
62890.87,0.10271791
62872.23,4.21605942
62908.64,0.3183337
62894.72,0.10530464
62891.34,0.00463644
62891.34,1.12418925
62902.8,0.03261538
62896.85,0.02254475
62896.86,0.96658318
62930.17,0.04862426
62931.47,1.57499315
62956.19,0.25069547
62958.35,1.99250444
62993.07,0.36378914
62998.44,0.00893268
62998.44,0.48957251
62998.44,1.62766148
62997.98,0.22103584
62981.78,4.02450044
62980.87,1.84830496
62911.07,0.62120314
62956.63,0.01397173
62956.63,0.66028312
62934.41,1.14690493
62938.49,0.14850905
62941.38,0.00408113
62938.01,0.29679464
62925.29,1.04802037
62933.11,0.14134773
62923.81,0.05252265
62922.96,0.23622815
62935.74,1.18726506
62981.2,0.5670696
63001.02,1.00500577
63005.56,0.1602665
63017.46,1.11600391
63071.68,1.30464624
63039.87,0.26237693
63044.04,0.44666022
63032.28,0.25672903
63015.45,1.70806475
62977.35,0.14256582
62964.11,0.47593533
62983.54,0.78576301
63006.32,1.11394888
63026.58,1.19394273
63047.89,0.34778105
63059.37,0.53069068
63030.21,0.6774423
63060.31,0.3663153
63029.11,1.75005322
63018.27,1.2604626
62991.5,0.17301062
62994.06,3.07394808
63019.44,0.09824273
62999.19,0.57649705
62998.43,0.53473181
63016.04,0.90046094
63034.89,2.09873298
63034.91,0.04049044
63034.94,1.17320752
63025.71,0.00610762
63025.71,0.06211908
63025.71,1.3898892
63033.46,0.03714362
63033.46,2.50353561
63058.21,1.30893618
63078.95,0.03132945
63080.4,0.3795068
63080.39,0.28667642
63095.28,0.26771791
63104.06,0.1127035
63095.29,0.25508394
63102.81,0.30309258
63102.81,0.24006802
63117.85,0.53347038
63112.0,0.02356717
63112.0,0.34016175
63112.01,0.0814919
63117.0,0.13980479
63117.0,0.25551946
63114.56,2.29172227
63104.86,0.09149293
63116.63,0.03571192
63116.63,0.30658143
63131.88,0.5170422
63111.17,0.14161337
63124.15,0.91837777
63116.43,0.04211417
63116.43,0.01015292
63116.43,1.14690616
63131.55,0.27160394
63141.11,0.0064668
63133.73,2.30603079
63088.18,1.57934503
63072.0,0.61128565
63069.92,0.32864219
63069.92,0.6619751
63067.83,0.7545742
63053.53,1.01275394
63047.17,0.01228275
63047.16,0.33821812
63053.12,0.31503395
63044.8,0.06785854
63034.28,0.11788206
63029.41,0.06842411
63023.32,0.00843514
63010.0,0.39450778
63000.59,0.01335501
63007.88,2.73470886
63037.81,0.90816412
63035.94,0.00351452
63043.64,0.0676882
63028.51,0.31989807
63042.11,0.02238667
63031.28,0.05493546
63040.09,0.62767903
63064.77,0.20824772
63057.19,0.01054534
63057.19,0.07751258
63062.1,0.17555238
63047.24,0.02069834
63047.24,0.63395522
63047.25,0.17407728
63074.95,0.4128905
63086.73,3.46017417
63114.46,0.21828152
63132.77,1.36397102
63195.99,0.68607585
63201.84,0.83369771
63226.93,0.32079475
63234.82,0.03432261
63218.44,0.10950759
63209.34,0.79689817
63227.03,3.06911788
63238.0,2.91625666
63260.36,0.01913565
63254.34,0.64736137
63250.13,0.2180872
63242.18,0.19607623
63222.1,0.18922617
63221.67,0.35213592
63212.57,1.51158731
63252.29,0.45917828
63251.62,1.53586186
63287.59,0.98456012
63296.01,1.62251949
63287.62,0.03031657
63275.49,0.53930017
63275.25,0.76296479
63235.61,1.34242516
63251.5,1.0250374
63243.78,0.06236723
63245.5,0.59776387
63247.96,0.07408451
63223.99,0.35592968
63222.01,0.4833001
63222.0,0.83626625
63228.33,0.02570336
63227.36,0.4977084
63214.09,0.093999
63208.45,0.19518232
63208.46,0.5316701
63204.28,0.04461377
63174.68,0.21400892
63183.75,0.6330273
63206.02,0.52135924
63210.96,1.15661416
63228.55,1.775325
63174.16,0.52421468
63152.98,0.40035578
63152.15,0.45997524
63167.96,0.0242582
63166.84,0.46194049
63190.61,0.55724364
63184.5,0.02947816
63177.2,0.05335463
63125.64,0.24787492
63107.97,0.10777689
63119.42,0.7533971
63125.65,1.58903917
63132.57,0.52552133
63123.64,0.09239701
63123.64,1.00778574
63138.58,0.05835164
63116.97,0.02629411
63105.19,0.25492016
63113.47,0.05723343
63090.04,0.13468882
63097.33,1.02966619
63076.71,2.15734074
63076.72,4.05105943
63046.98,0.91122197
63040.08,1.68450115
63035.92,3.29824123
63056.29,1.50961828
63031.79,1.42552886
63065.0,0.67282867
63068.26,0.43640188
63041.93,1.73780174
63006.5,0.91193846
63021.29,1.90474144
63055.43,1.3515635
63060.76,0.33085672
63072.6,0.97722238
63087.06,0.39162349
63092.21,0.23218018
63080.55,0.02728774
63068.36,0.23461523
63043.09,0.44376479
63033.76,0.51023806
63018.19,0.44791037
63000.01,7.03512858
62949.29,0.30070328
62944.12,0.04076631
62934.08,1.29336923
62883.96,0.57966524
62811.66,1.48384946
62767.46,2.12663703
62799.58,1.61549586
62797.98,1.1170249
62790.13,1.1851207
62712.57,3.36498277
62723.21,1.43045036
62763.01,1.91144097
62747.75,1.58126394
62782.32,2.70759171
62800.76,1.17731763
62807.58,0.39103626
62829.51,1.15632602
62802.97,0.75444735
62873.87,2.45122767
62849.82,0.24163414
62861.01,3.22833632
62861.37,0.31374871
62788.98,6.17502372
62821.42,0.23473754
62812.21,7.98480224
62776.9,0.97905108
62805.38,1.09948621
62790.5,3.31757047
62842.55,1.06670658
62832.35,0.56867987
62864.0,3.18819607
62736.31,8.16200324
62646.0,7.38897588
62614.15,3.50639097
62556.89,1.39068016
62545.68,1.49847202
62535.59,1.71872455
62515.39,3.62763979
62628.5,3.03978518
62625.76,3.14598014
62531.85,11.34224438
62500.19,0.42457298
62501.01,2.52224975
62523.26,0.24163091
62550.0,2.04429935
62577.06,0.24199128
62619.71,2.09780436
62701.06,0.97592849
62723.41,2.35708004
62723.78,0.72388104
62783.17,0.06816864
62791.23,0.56114057
62754.53,0.21757706
62760.61,0.16178682
62806.55,4.4327457
62993.13,2.27368806
63067.73,1.45089621
63081.73,4.91832951
63216.01,0.74866337
63139.06,0.0717464
63130.72,5.69361771
63123.48,0.07257374
63116.29,0.97963852
63140.6,0.99164654
63217.26,0.62676265
63209.18,2.50089235
63318.09,0.08882216
63289.43,2.22962957
63406.15,0.74281181
63349.02,0.97489912
63354.52,0.95481811
63341.15,0.07555473
63330.22,4.27671102
63370.07,4.60427996
63382.03,1.3986747
63291.64,0.87655799
63239.66,1.10560381
63258.45,0.40502412
63222.27,1.13753577
63265.69,0.4098096
63217.23,0.09482464
63207.57,0.02651128
63243.27,1.16754383
63257.69,0.05018492
63213.97,0.37359001
63260.71,0.36922553
63201.1,0.37798776
63178.49,0.25507517
63190.75,1.48250198
63112.35,0.21277053
63064.2,2.19667678
63067.72,0.5576106
63138.16,0.05333073
63193.38,0.98338694
63216.81,0.27136325
63192.55,7.12934531
63221.18,4.96799975
63297.24,0.98753666
63268.65,0.48424734
63208.73,0.06496413
63215.32,0.37073944
63203.69,0.07257174
63215.91,0.19850563
63182.77,1.60834832
63129.12,0.4405436
63212.61,5.63042792
63174.92,11.57676501
63123.77,18.06167172
63131.53,8.99109558
63068.55,12.46830009
63140.37,21.38942927
63136.25,0.04925736
63103.84,2.10871565
63194.33,0.69436915
63153.37,0.16374255
63166.49,0.34738585
63150.01,1.41264169
63127.5,3.35086255
63062.64,0.62524529
63091.55,0.18587302
63121.96,0.22501535
63089.24,2.98137867
63074.01,1.0025845
63041.95,1.94433413
62932.32,0.13435984
62994.07,0.91713323
62968.45,0.04787137
62999.99,0.0856828
62941.48,0.30746479
62928.83,0.24293186
62883.14,3.49804318
62809.33,0.77054402
62870.42,0.10915554
62901.8,0.66555258
62906.63,0.04394917
62907.92,0.43843757
62955.88,2.12143412
62934.41,2.31497525
62961.31,4.43101476
62975.59,2.73605183
63055.9,2.05803136
63054.17,1.10256846
63075.8,6.00046231
63095.59,5.70257953
63111.8,1.02717351
63164.78,0.11770016
63160.85,0.78160557
63217.03,4.63642332
63216.76,0.12031454
63174.52,13.00363832
63143.15,1.60135078
63187.37,0.04022675
63158.23,0.23068943
63184.81,0.74467198
63199.27,0.25132127
63218.31,0.28683344
63225.71,0.09044752
63222.66,1.31850639
63189.73,0.01748782
63143.81,0.12626124
63137.86,0.09421171
63143.82,0.12828592
63161.11,0.48007939
63123.29,0.00195749
63107.88,0.54312504
63115.1,0.85644717
63099.99,0.02806635
63131.73,0.33215882
63128.54,0.21375126
63161.35,0.59834944
63159.84,0.35412709
63174.94,2.23638398
63227.83,0.37654275
63286.46,2.80360599
63331.9,0.04638256
63350.12,0.15936397
63325.73,1.65693705
63403.74,0.3064754
63382.43,9.51644569
63376.2,0.72354805
63372.77,0.23113781
63371.82,0.00786933
63369.77,0.0297406
63345.17,0.48181351
63373.96,0.0163979
63339.77,0.02478371
63342.2,1.58766278
63416.05,2.46337254
63479.0,0.83629118
63422.91,0.06567877
63424.61,0.16736474
63435.03,0.81553098
63409.55,0.04365082
63377.63,0.55867311
63370.77,0.85319226
63439.27,0.84545871
63429.29,0.11958936
63472.8,0.72155145
63437.64,0.75055375
63410.95,0.71833565
63300.24,0.9273501
63291.23,0.30614963
63291.22,0.01305454
63342.97,0.14332746
63358.78,0.52731208
63415.97,0.08068139
63426.44,2.56734969
63417.13,0.61221849
63402.72,0.52461702
63365.97,0.04868602
63363.13,0.64633447
63340.15,0.01090652
63314.73,0.15486384
63334.43,2.15852245
63381.01,1.10228188
63401.52,0.04392793
63399.98,0.12938268
63403.0,0.24079318
63366.56,0.18425088
63402.96,1.48388366
63428.63,1.55590844
63465.16,0.48622785
63476.2,0.70349771
63506.62,2.55795364
63446.6,1.23701496
63567.85,0.41104582
63582.1,1.0946662
63584.36,0.68957493
63589.13,0.19673723
63626.02,3.92847302
63613.24,0.46500382
63587.59,2.69509215
63599.97,2.72795077
63564.76,0.53857578
63557.21,2.79048459
63551.98,0.60439706
63545.96,1.30577891
63547.98,0.79304871
63597.59,2.62586091
63624.13,0.44657497
63589.58,0.68403267
63603.1,1.71225824
63635.36,0.21777111
63644.11,1.70971784
63733.77,1.18887128
63764.82,5.35961663
63845.8,3.48950491
63936.06,1.70147885
63926.28,7.6153603
64068.5,6.41260994
63960.65,0.44250681
63981.98,2.68413113
63918.51,2.35629092
63888.13,0.10044
63944.54,1.47619547
63939.75,0.37635067
63919.76,0.3259382
63875.35,1.20115569
63919.02,0.45913695
63931.39,0.93384194
63980.48,0.07914724
63942.24,6.2170024
63965.69,0.09916953
64024.05,2.73558297
63976.22,2.53013343
64040.95,0.25848861
63997.32,1.59264722
63979.55,0.6304432
64026.13,0.56121671
64039.2,0.39641467
64039.87,0.25188491
64050.04,1.70160436
64042.19,0.32364493
63952.7,1.10579923
63939.7,0.43582527
63988.57,0.37052009
63997.89,0.4998033
64006.0,0.82458474
63953.39,0.0197981
64002.77,0.01768503
64005.68,0.87517294
64006.8,0.31931801
63989.68,0.1275341
64038.52,0.9841701
64040.8,5.13015408
64144.95,0.85311692
64145.75,2.0164028
64126.65,1.01057496
64076.68,0.32496893
64050.46,1.4840791
64069.8,1.04253093
64009.18,0.2698653
63993.2,1.86387888
63984.01,0.11359619
63985.87,0.42947329
64022.23,0.49010867
64047.97,0.43444819
64009.15,4.00002262
63949.98,0.71389983
63974.38,0.92032036
64009.26,3.46787005
64023.13,1.43317496
63987.26,0.59669487
64015.19,1.23255982
63957.02,0.35827226
63946.42,3.1807282
63984.83,0.19063477
64002.26,2.62203847
64029.03,1.4132757
64004.0,1.0539378
64001.16,0.33612466
64039.74,0.76962083
64056.03,0.7902582
64004.63,1.76183442
63997.86,1.57447291
63932.42,0.32212836
63942.0,0.86995085
63936.86,0.21586368
63887.44,0.6956762
63868.0,0.62592451
63882.66,0.17991759
63915.11,0.51351737
63891.93,0.04327464
63881.65,0.05529851
63886.01,0.21208421
63857.4,0.1603806
63882.93,0.38739431
63916.9,2.36699979
63952.12,1.06699388
63926.07,0.347331
63933.01,0.12316374
63924.88,0.03303615
63959.12,0.01180214
63988.55,0.29232867
64001.56,0.72984659
63985.52,0.32400591
64023.2,0.00251516
64023.48,0.01199122
64015.98,0.09498103
64067.19,2.43058697
64016.96,0.22637103
64054.9,0.64605971
64112.27,2.44440997
64158.83,0.46525561
64188.06,0.70139959
64265.38,0.21228434
64253.7,3.6923384
64292.63,2.52134402
64275.55,1.04260737
64263.91,1.54369811
64263.76,0.62888563
64309.67,1.21294947
64295.16,0.73752025
64240.2,0.15254822
64183.93,0.16255898
64209.97,1.33014888
64210.99,2.22937119
64217.08,0.12213592
64196.45,0.00729597
64176.28,0.27259134
64155.26,0.40715023
64195.24,0.43000586
64189.38,0.30069738
64165.99,0.66616724
64144.18,0.403829
64144.99,1.05122054
64117.89,1.03405475
64057.53,0.11135992
64065.38,0.16781543
64029.25,0.42557057
64023.13,0.13393141
64034.0,0.0401734
64039.12,0.04184129
64051.48,0.03695727
64042.46,0.83054433
64033.65,0.17062197
64025.55,0.7353672
64027.1,1.2199126
63989.63,0.33169396
63991.06,1.03401164
63978.91,0.14006286
63998.29,0.12721809
63977.97,1.45131776
63983.61,0.34058424
64003.13,0.06340343
64013.88,0.10775064
64026.11,1.78665442
64039.68,8.93511681
64063.86,0.72861309
64076.28,1.11332549
64063.98,0.45523234
64054.39,0.72592078
64056.54,4.34186294
64050.14,0.17966057
64060.93,1.65296329
64125.88,0.30042782
64110.55,0.9218802
64094.34,0.2934762
64105.9,0.28028311
64127.56,0.18976331
64130.31,0.68337043
64133.61,1.29627006
64146.15,4.54875333
64160.0,2.00898535
64109.96,0.12723536
64118.75,0.08379455
64114.81,0.00981404
64128.75,2.48883904
64141.33,0.10353357
64156.93,0.17315612
64159.12,1.72542745
64129.85,2.21672592
64136.43,0.83379816
64116.6,0.37905368
64132.45,1.00343058
64116.16,0.01947912
64110.33,2.86078794
64114.5,6.27736292
64018.93,0.46744282
64004.25,0.64353834
64017.12,1.17521768
64030.55,0.29732463
64021.61,1.36648751
64009.75,0.94876001
64001.38,1.39107841
63984.23,0.01460798
63993.89,0.11082871
63964.6,0.62746222
63987.26,0.02388227
63987.27,0.01500642
63983.24,0.0150651
63983.25,0.01494655
63973.27,0.24280675
63968.66,0.09809666
63961.99,0.09425185
63948.8,0.31971632
63960.65,0.48281852
63979.45,0.35091531
64002.8,0.00589059
64000.02,0.09609594
63975.2,0.16205501
63990.32,0.10154725
64000.73,0.15291708
64027.22,0.01918266
64020.63,0.82573247
64011.08,0.33474195
64015.77,0.66139973
63989.85,0.20190327
64005.05,1.22844686
63980.41,0.59428208
63971.97,0.12409023
64000.02,0.00978179
63981.52,0.01867397
63962.55,0.01374821
63966.43,0.01303148
63966.42,0.64273744
63955.27,0.1061141
63950.05,0.46313167
63929.84,0.28020262
63930.31,0.43955338
63983.48,0.37982214
63997.95,0.81076806
64077.17,0.99710906
64096.01,2.07990818
64023.57,0.02252996
64011.11,0.00400969
64016.23,0.02031407
64004.87,0.00883849
64014.76,0.01877985
64022.47,2.16264299
64071.7,0.67439087
64096.33,0.00233508
64099.98,0.60085159
64122.97,2.55311202
64147.67,2.18102347
64092.74,1.81982013
64084.85,0.00240752
64070.25,0.62317642
64090.3,0.37659992
64112.01,0.62231708
64125.75,0.26903075
64125.58,0.01543875
64136.27,1.26937478
64106.9,2.0108784
64121.85,0.03203907
64124.89,0.00103048
64131.96,0.38558582
64131.96,0.65661094
64120.2,0.00089251
64120.19,0.01596346
64119.99,0.26865442
64141.1,0.08792521
64126.28,2.63378133
64132.13,0.15570436
64140.99,0.45312017
64140.03,0.02424813
64115.49,0.39366558
64110.09,0.02859778
64107.86,0.18327251
64092.79,0.01353307
64100.43,0.01233904
64133.76,0.01812935
64138.99,0.03667116
64135.99,0.01148727
64145.03,0.27351129
64163.01,0.04342225
64163.13,1.00450387
64110.11,0.83787513
64105.45,0.01041939
64096.02,0.00426798
64076.12,0.01334463
64065.95,0.0151318
64066.14,0.00319146
64066.14,0.52501493
64058.23,0.01975669
64074.9,0.001048
64074.41,0.00278267
64067.28,0.01294937
64067.28,0.36538692
64061.83,0.0022958
64046.39,6.87964619
64050.34,0.00381914
64067.05,1.96439798
64070.7,0.09511616
64030.0,0.01384316
64049.7,0.02340086
64064.16,0.53533586
64077.36,0.60303845
64050.64,0.0077987
64044.54,0.25384275
64037.93,0.000266
64045.96,0.00139712
64059.63,0.10518355
64053.34,0.15307595
64062.54,0.00055532
64062.53,0.16972476
64038.82,1.66432786
64066.36,1.27765367
64101.88,0.13345556
64084.45,0.93354382
64063.0,0.51174403
64034.4,0.15717464
64034.6,0.0620952
64040.53,0.04012454
64034.4,0.07740999
64042.65,0.07756189
64039.07,0.13719938
64022.67,0.04389819
64032.26,0.10107072
64041.5,0.04118213
64038.59,0.04459144
64044.65,0.04699564
64044.64,0.25109448
64025.41,0.03548981
64006.88,0.34901264
63979.07,0.69088064
63970.92,0.01445603
63972.67,0.0455344
63972.28,0.05235435
63959.87,0.06772225
63966.99,0.04727228
63971.99,0.02338718
63975.23,0.42172342
63979.23,0.13982662
63935.63,0.02330605
63935.63,0.02475903
63926.75,0.06777126
63926.76,0.12124812
63931.17,0.46892977
63921.61,0.02407612
63914.94,0.03710051
63916.94,1.11615938
63911.47,0.85625651
63900.0,0.05160175
63900.01,0.01274291
63897.02,0.0241849
63892.3,0.33605028
63888.0,1.56125862
63899.74,0.0712494
63912.98,0.10751194
63920.22,0.0190108
63912.28,0.00243964
63912.29,0.04768507
63922.93,0.1833846
63923.04,0.0064804
63923.04,0.00183631
63923.03,0.06771499
63936.92,0.01736273
63955.54,0.05585469
63948.98,0.02526311
63949.31,0.26513478
63948.4,0.30596087
63951.89,0.00172164
63951.87,0.00024288
63951.88,0.00194334
63951.87,0.66732602
63936.38,0.01137063
63946.89,0.32055906
63918.98,0.02650883
63908.65,0.03796127
63895.0,0.02805525
63907.37,0.02502246
63894.99,0.0884716
63880.01,0.00579467
63880.0,0.01677769
63875.22,0.00638462
63865.99,0.00867701
63867.78,0.00588083
63862.27,0.0033314
63853.94,0.03567976
63847.24,0.02475778
63860.21,0.38739681
63860.21,1.28493159
63859.67,0.11811363
63860.03,0.02328469
63867.69,0.29680325
63878.34,0.05761679
63878.35,0.21555227
63878.92,0.31405796
63885.76,0.353567
63900.37,0.00239971
63899.01,0.0051541
63912.33,0.00720196
63912.28,0.02027702
63912.28,0.0854145
63912.29,0.00608861
63917.33,0.07575798
63927.26,0.07215901
63928.16,0.81514296
63944.64,0.01597964
63958.94,0.00311754
63963.63,0.00911816
63971.63,0.10966371
63972.0,0.00054707
63970.18,0.02650216
63970.19,0.0045326
63964.15,0.01178817
63948.7,1.05161883
63934.69,0.00124584
63934.68,0.03333095
63931.14,0.00286939
63934.68,0.03727232
63934.89,0.44810427
63938.04,0.23361193
63938.06,0.00031596
63943.12,0.68165871
63908.68,0.00828448
63908.69,0.00266029
63908.69,0.04882878
63908.68,0.02161478
63917.54,0.00111377
63932.6,0.77312334
63910.47,0.001022
63922.43,0.44312996
63914.81,0.02022696
63899.29,0.00610966
63888.8,0.01084805
63891.98,0.06126859
63905.43,0.04375925
63905.37,0.0306527
63918.04,0.71825819
63902.37,0.13100558
63892.39,0.01353185
63891.71,0.49826658
63877.1,0.03238867
63867.99,0.00115682
63867.99,0.00917237
63858.0,0.02611991
63862.36,0.02630969
63862.37,0.00079221
63862.36,1.3794237
63879.9,0.62312282
63925.59,0.08282069
63940.08,0.44412653
63943.4,0.01018305
63947.89,0.38820504
63968.97,0.42969811
63970.72,0.08698513
63940.1,0.00202115
63960.03,0.01840286
63941.19,0.01141331
63945.29,0.9358448
63937.02,0.00250064
63940.47,0.15212608
63955.49,0.07931431
63955.5,0.2210494
63950.93,0.06025611
63950.6,0.00690826
63929.15,0.00984815
63920.57,0.07083755
63919.46,0.0042602
63919.44,0.22960218
63904.72,0.32873305
63899.64,0.05403877
63907.76,0.02773368
63888.36,0.0095352
63873.81,0.2432203
63873.23,0.10132948
63875.38,0.04454716
63876.99,0.25889365
63881.52,0.00637931
63881.52,0.00457936
63882.85,0.02286313
63882.85,0.008392
63882.85,0.01004862
63878.74,0.05206906
63888.12,0.16847339
63911.56,0.0098846
63891.9,0.01099432
63885.76,0.05644577
63869.12,0.25376384
63865.43,0.07648992
63860.95,0.0027114
63860.96,0.07086755
63855.38,0.0031242
63855.39,0.02959121
63855.39,0.05627567
63867.84,0.03025917
63855.39,0.01243639
63853.09,0.17540899
63855.88,0.20370386
63849.78,0.14100241
63866.38,0.00584209
63866.18,0.0024002
63856.66,0.00102016
63856.67,0.00093358
63866.66,0.28165463
63875.78,0.01557138
63882.01,0.01778841
63861.99,0.00365791
63874.04,0.00253413
63874.08,0.00919359
63875.15,0.00015814
63875.14,0.13433276
63894.0,1.34727325
63888.44,0.00587334
63888.44,0.3456608
63884.26,0.00379542
63884.25,0.00096504
63884.25,0.11416131
63912.75,0.11897852
63932.08,0.05943373
63948.08,0.01509687
63948.09,0.10138768
63947.56,0.00086322
63948.08,0.0028228
63955.72,0.00339188
63955.72,0.00878016
63934.02,0.33963545
63930.63,0.05953721
63907.45,0.31820007
63894.62,0.00653883
63892.56,0.06493819
63881.48,0.34462287
63891.52,0.07081271
63902.12,0.09294161
63896.94,0.54498488
63896.94,0.01001798
63896.95,0.00418688
63896.94,0.00726298
63896.06,0.00091565
63897.0,0.00048662
63896.97,0.01799135
63896.98,0.17348085
63918.86,0.16615224
63927.27,0.00160322
63921.99,2.12501702
63910.29,0.00047266
63910.29,0.1282968
63918.41,0.00171082
63921.95,0.03139396
63935.74,0.00242654
63935.71,0.00111469
63935.7,0.07973116
63933.86,0.00427858
63933.87,0.01387541
63933.86,0.11796576
63918.41,0.00135502
63918.4,0.07451372
63924.98,0.04825328
63924.98,0.00879699
63909.74,0.16066703
63909.73,0.07968081
63895.28,0.00748361
63889.54,0.0010252
63889.55,0.0005601
63889.55,0.53428182
63913.93,0.0109805
63894.03,0.03805197
63924.99,0.19629515
63922.79,0.00168106
63920.11,0.05767942
63926.71,0.05553931
63937.72,0.00045228
63949.63,0.02100977
63940.07,0.02337059
63945.7,0.07901233
63940.31,0.00669802
63952.68,0.00364593
63956.81,0.00281573
63956.8,0.08218011
63940.31,0.0013549
63946.62,0.00471195
63955.68,0.12413995
63949.0,0.00984449
63949.01,0.00113581
63949.01,0.01147262
63949.01,0.03880444
63957.94,0.00149278
63957.94,0.15495865
63960.65,0.10214317
63974.99,0.00175879
63966.5,0.00421102
63966.51,0.19513533
63959.99,0.01085177
63932.63,0.06366259
63939.43,1.29815808
63965.44,0.01901595
63921.88,0.0103726
63921.87,0.00101404
63921.87,0.2230988
63928.01,0.03815847
63923.7,0.00109636
63923.7,0.0028619
63927.06,0.08003891
63927.05,0.00297248
63927.05,0.09909935
63928.23,0.00707122
63921.88,0.00042297
63921.87,0.00607629
63917.84,0.00937744
63913.29,0.06439056
63929.05,0.11046478
63917.4,0.00648364
63917.4,0.09404658
63916.88,0.00171067
63916.88,0.05107741
63917.4,0.17923378
63917.39,0.00351042
63917.39,0.18795389
63917.94,0.07849364
63917.88,0.00112935
63916.91,0.01197769
63922.91,0.01864336
63932.87,0.00217584
63933.61,0.08541366
63939.87,0.00039499
63940.5,0.00133893
63940.49,0.02304708
63910.99,0.00305603
63906.17,0.00567625
63912.96,0.0392639
63936.72,0.00504599
63933.05,0.54301014
63941.52,0.02855137
63943.91,0.00051046
63943.9,0.0321402
63933.06,0.00065143
63933.06,0.00023695
63933.06,0.06549012
63928.49,0.15907311
63924.0,0.00267315
63923.99,0.34376403
63913.38,0.00256618
63913.38,0.35987083
63913.38,0.01133531
63913.89,0.01018757
63913.9,0.09264808
63913.9,0.00035248
63921.07,0.00933002
63910.65,0.14935506
63911.8,0.00460896
63910.01,0.00267998
63910.0,0.0197309
63905.48,0.00123872
63905.48,0.00661583
63905.48,0.04567983
63902.9,0.0018075
63902.89,0.07378888
63912.89,0.01453948
63915.98,0.01350898
63902.89,0.07135541
63901.09,0.01601221
63901.74,0.13266994
63894.46,0.00624227
63894.45,0.45157486
63897.01,0.4108805
63913.89,0.0019488
63902.96,0.00023715
63902.96,0.01212847
63902.97,0.00096495
63902.96,0.03881838
63922.56,0.00103491
63922.56,0.10740093
63948.37,0.01914693
63963.16,0.41630658
63971.5,0.05429998
63977.02,0.06077488
63963.17,0.01572304
63940.4,0.10562875
63943.34,0.32562759
63954.55,0.00068064
63954.55,0.00349069
63954.56,0.01604913
63954.56,0.00094806
63954.55,0.00064838
63954.56,0.00829208
63954.55,0.00201666
63952.62,0.06925482
63952.61,0.05349602
63953.02,0.01163332
63953.01,0.09949289
63953.01,0.00774204
63943.05,0.00729351
63943.05,0.00283544
63943.05,0.01957483
63943.05,0.18408717
63951.5,0.01377856
63930.42,0.00169212
63930.43,0.00066787
63930.42,0.02035407
63929.17,0.00737917
63917.92,0.00192593
63921.51,0.00681746
63917.92,0.09035839
63917.92,0.07077522
63930.43,0.20400116
63934.9,0.04768449
63934.9,0.16242617
63910.79,0.01661945
63906.6,0.08648127
63924.22,0.09443123
63924.22,0.00917883
63909.29,0.00015805
63909.3,0.01907374
63902.77,0.0063068
63902.78,0.00556691
63902.77,0.62591875
63907.46,0.00044668
63907.47,0.06348513
63916.3,0.25768357
63906.41,0.00372569
63906.41,0.00325803
63906.41,0.0059229
63906.41,0.00053714
63906.42,0.11620177
63906.41,0.00139895
63906.41,0.0005336
63906.42,0.00896788
63906.42,0.00103805
63906.42,0.00063221
63908.76,0.77047047
63924.1,0.01768417
63922.28,0.00079198
63922.27,0.00289515
63922.28,0.00504004
63922.28,0.07470605
63922.28,0.05841674
63926.12,0.10376438
63913.24,0.00558425
63908.22,0.01507705
63908.22,0.00186706
63908.21,0.10540229
63918.17,0.00561294
63922.88,0.07919096
63924.18,0.00023694
63922.89,0.02859309
63908.46,0.07771053
63908.23,0.33733376
63896.22,0.00114528
63895.3,0.0314334
63892.62,0.00549044
63892.62,0.09514426
63890.01,0.14085596
63892.34,0.00790099
63892.33,0.10240496
63892.34,0.00537876
63889.53,0.00109379
63889.53,0.20494991
63915.56,0.00312245
63915.57,0.00599164
63909.3,0.05534813
63926.17,0.00150002
63926.17,0.12510057
63929.15,0.00544253
63920.63,0.00100081
63920.63,0.01175864
63920.64,0.20346973
63929.14,0.35859469
63931.44,0.00455145
63931.44,0.00067621
63931.44,0.50575808
63934.65,0.00023696
63934.65,0.02838708
63934.64,0.00023696
63930.38,0.17606548
63944.46,0.02725988
63916.86,0.00077514
63916.01,0.00640445
63916.01,0.00490172
63914.73,0.02442037
63914.74,0.0832345
63914.74,0.10207346
63929.61,0.1700553
63945.6,0.14389449
63935.56,0.00015794
63935.56,0.60211405
63925.57,0.05755474
63925.58,0.00186142
63925.58,0.1072635
63909.28,0.05215499
63922.56,0.00165028
63911.46,0.00125184
63900.9,0.0004351
63900.9,0.00073266
63900.9,0.07946085
63906.83,0.00509947
63913.3,0.00111235
63916.44,0.06943997
63909.87,0.00133509
63909.87,0.05058131
63916.82,0.09440745
63917.09,0.00195559
63917.09,0.01611608
63917.09,0.45748702
63926.94,0.00215552
63925.81,0.01626612
63925.5,0.08402142
63925.49,0.00479606
63925.49,0.0030739
63925.49,0.00055053
63925.49,0.0039168
63925.5,0.00039499
63925.5,0.00023691
63925.5,0.6010254
63919.49,0.38020968
63949.99,0.12945709
63954.7,0.00449425
63954.13,0.0007959
63954.13,0.00646806
63954.14,0.00228989
63954.13,0.00049403
63954.13,0.01447819
63950.0,0.01274501
63949.99,0.00199369
63950.0,0.00115893
63950.0,0.00015789
63949.99,0.15059368
63943.8,0.79342694
63926.44,0.01797636
63916.45,0.01448194
63911.48,0.05177729
63911.48,0.00012553
63911.49,0.0039019
63911.49,0.05789897
63907.78,0.00494503
63907.71,0.00179254
63907.71,0.06053082
63914.41,0.00303605
63914.41,0.48106448
63924.23,0.02428654
63924.23,0.01001782
63924.23,0.28725719
63924.22,0.00861966
63923.22,0.00865878
63923.22,1.06284324
63925.21,0.16916318
63927.99,0.00111796
63927.98,0.01954062
63927.99,0.00092501
63927.99,0.07901335
63927.99,0.00773821
63927.98,0.03372384
63927.98,0.3451969
63930.8,0.07587547
63930.79,0.08744135
63930.8,0.01098937
63930.81,0.15731766
63941.24,0.00377365
63941.25,0.00051796
63951.75,0.01003919
63953.28,0.27548441
63941.81,0.0235918
63932.92,0.00178724
63936.24,0.00358841
63936.35,0.00144057
63935.93,0.05305625
63944.02,0.0529008
63951.44,0.39953241
63961.25,0.05913967
63970.7,0.01057771
63965.84,0.25998564
63951.99,0.01075664
63951.98,0.00110589
63951.99,0.00135867
63951.98,0.00065954
63951.98,0.04371206
63955.11,0.00015795
63955.11,0.0766404
63960.12,0.04008908
63962.24,0.00114577
63974.59,0.25595699
63976.12,0.00051585
63974.6,0.00049465
63974.6,0.29922106
63970.09,0.03914612
63970.09,0.00211612
63970.09,0.03317417
63970.08,0.01312858
63970.06,0.00374726
63970.06,0.00662738
63970.06,0.05881773
63970.07,2.17241419
63971.2,0.00273025
63971.19,0.01342139
63970.07,0.00360563
63970.07,0.00873148
63970.07,0.06937068
63959.09,0.00358799
63959.1,0.0564657
63960.32,0.05133685
63967.21,0.05488214
63973.51,0.06668554
63979.99,0.00809058
63979.98,0.00076999
63979.98,0.00049314
63979.99,0.0949475
63973.51,0.00246163
63967.49,0.60141427
63972.35,0.00154125
63970.04,0.02737931
63966.31,0.03124227
63966.3,0.19996109
63966.31,0.35260198
63966.31,0.00132888
63966.3,0.00968199
63966.3,0.4183776
63961.61,0.04018424
63961.6,0.00548342
63924.69,0.16167518
63932.02,0.16144939
63936.62,0.03326873
63936.61,0.49956812
63923.17,0.00345286
63923.18,0.05460132
63928.98,0.00119901
63928.98,0.3039508
63930.43,0.15540464
63939.29,0.00687369
63931.36,0.00099451
63931.37,0.00808695
63931.36,0.51036718
63937.44,0.00138182
63937.44,0.00165095
63937.45,0.00866204
63937.44,0.00680095
63937.45,0.00129231
63937.45,0.062524
63937.44,0.00276318
63937.45,0.00720899
63937.44,0.00076269
63937.44,0.23320749
63944.72,0.01339718
63944.72,0.00543623
63944.72,0.001011
63944.73,0.09781768
63959.03,0.05858121
63969.25,0.01141974
63969.25,0.12405172
63974.6,0.01194484
63974.59,0.01088824
63974.59,0.00015791
63974.6,0.08791944
63963.48,0.0141319
63957.29,0.00716786
63957.29,0.01374728
63957.29,0.00557014
63957.28,0.00172674
63957.28,0.00581163
63939.25,0.04254579
63939.18,0.02022191
63939.17,0.01410839
63939.18,0.01023698
63939.17,0.10254471
63941.75,0.06580508
63943.65,0.01202669
63943.66,0.13016261
63955.4,0.14086557
63956.42,0.00532788
63956.42,0.00218265
63956.42,0.00099303
63956.41,0.00521204
63956.41,0.00122252
63956.42,0.01980063
63956.42,0.00984707
63956.41,0.02924112
63949.11,0.17534739
63958.0,0.24043377
63965.85,0.02259433
63961.85,0.01302912
63961.86,0.14882936
63945.12,0.09066658
63945.12,0.05671553
63945.12,0.02031457
63945.11,0.0028376
63945.11,0.19454053
63937.37,0.13891832
63928.36,0.05870563
63930.27,0.04542923
63933.58,0.01079616
63930.16,0.00432134
63930.17,0.00915098
63930.17,0.01569981
63929.83,0.01470362
63929.82,0.06864906
63921.6,0.01479671
63921.6,0.01252536
63921.6,0.12416731
63912.2,0.00827906
63910.09,0.00789441
63898.68,0.22083999
63918.89,0.00439928
63918.89,0.00818726
63918.88,0.03712406
63918.89,0.00490635
63908.46,0.00234236
63912.67,1.31171958
63900.96,0.00530826
63900.96,0.05402263
63910.77,0.03236907
63910.33,0.00164582
63910.33,0.03319923
63910.34,1.81415024
63914.49,0.50926479
63914.5,0.00833651
63914.49,0.01180531
63914.5,0.00653805
63915.99,0.03411372
63916.0,0.00314254
63915.99,0.01296922
63916.0,0.00304295
63916.0,1.03374829
63917.59,1.06627321
63921.74,0.02610029
63921.74,0.00094709
63921.65,0.000158
63921.66,0.04274789
63921.66,0.11000848
63921.66,0.02098642
63921.65,0.77207697
63925.62,0.91582218
63928.4,0.10565669
63933.07,0.00055454
63933.08,0.00673172
63933.08,0.05801741
63933.08,0.00035997
63933.08,0.00965977
63933.08,0.00464948
63933.08,0.01011654
63933.07,0.01761699
63933.08,0.01324383
63933.08,0.05098303
63938.13,0.31697675
63939.09,0.00341669
63939.08,0.05060698
63941.07,0.01521103
63941.08,0.00871748
63941.08,0.09742065
63942.48,0.00236552
63942.47,0.00023701
63942.47,0.001049
63942.48,0.18070182
63951.14,0.77437939
63951.14,0.00602642
63951.14,0.00212473
63951.13,0.00249058
63951.14,0.00749832
63951.14,0.02425398
63951.13,0.01765648
63951.14,0.00815355
63951.14,0.0010328
63951.13,0.01061842
63951.13,0.00066576
63951.14,0.01986915
63951.14,0.01385305
63951.14,0.00684408
63951.13,0.19643689
63958.97,0.01487869
63958.96,0.00561607
63958.96,0.00413683
63958.96,0.05259773
63958.97,0.00906562
63958.97,0.80672722
63965.86,0.02051395
63965.86,0.76180445
63959.0,0.01340082
63959.0,0.00282068
63958.99,0.01887753
63959.0,0.11864536
63956.33,0.00352292
63956.33,0.01266451
63956.33,0.16507856
63960.19,0.01292659
63960.19,0.03297719
63960.18,0.0159217
63960.19,0.01440741
63960.19,0.0222934
63960.18,0.04426899
63960.18,0.05901388
63960.19,0.00664022
63960.19,0.01066776
63960.19,0.00141585
63960.18,0.00173875
63960.18,0.01379421
63960.19,0.01683402
63960.19,0.01273472
63960.18,0.00087984
63960.18,0.02831582
63960.18,0.11203925
63960.18,0.00293112
63960.19,0.00060583
63960.19,0.0607718
63960.18,0.04882473
63960.19,0.12937039
63960.19,0.02638409
63960.19,0.36323763
63962.41,0.0032638
63963.59,0.01639572
63963.58,0.0005404
63963.59,0.01023507
63963.58,0.06023325
63963.59,0.02099656
63963.59,0.0493555
63963.59,0.0354233
63964.62,0.113808
63964.61,0.01422575
63964.61,0.00505577
63964.62,0.01684983
63964.61,0.0383474
63964.62,0.009109
63964.61,0.05432981
63965.56,0.01463088
63965.57,0.00438548
63967.34,0.00080213
63967.34,0.00706684
63967.33,0.01164311
63967.33,0.02505393
63967.33,0.00023689
63967.33,0.00337795
63967.34,0.02784792
63967.34,0.00377076
63967.34,0.0049337
63967.34,0.01153792
63967.33,0.03929887
63968.78,0.00127815
63968.78,0.8464949
63973.04,0.07962318
63974.36,0.03218621
63974.35,0.01507692
63974.35,0.0025958
63974.36,0.01851417
63974.36,0.00389784
63974.35,0.00961982
63974.35,0.020856
63974.36,0.0178321
63974.36,0.0017518
63974.36,0.03502044
63974.77,0.00108876
63974.78,0.1807168
63974.78,0.00222263
63974.77,0.00456274
63974.78,0.01955593
63974.01,0.01760147
63974.02,0.01009877
63974.02,0.02439974
63974.01,1.74074589
64021.04,1.08658759
64017.39,0.24735928
64056.29,1.05221629
64082.62,0.01361639
64077.34,1.22660036
64074.29,0.02023115
64079.79,0.06286434
64101.79,1.97601184
64134.14,0.36737229
64100.83,0.02768177
64101.03,1.53536399
64076.59,0.00363653
64085.15,0.47459546
64085.14,0.0104616
64100.25,0.18470828
64099.54,1.79527335
64094.57,0.37820471
64092.55,0.00473057
64097.59,0.03780599
64054.76,0.00493459
64054.76,0.0935096
64065.38,0.10940952
64074.1,0.03182999
64074.1,0.48881249
64028.09,0.01333453
64020.7,0.60060309
64030.29,1.86921655
64058.2,0.03799693
64055.09,0.04564413
64055.1,0.04989363
64070.45,2.89907273
64056.71,0.91025707
64076.77,0.26514086
64071.48,0.52645694
64040.9,0.57374896
64067.01,0.02924661
64087.89,0.0005878
64085.29,0.02527797
64085.14,0.55660858
64113.28,0.46772942
64118.92,2.61584682
64154.79,0.39845387
64130.0,0.09780158
64137.99,0.00411408
64132.04,0.00334863
64136.16,0.01163235
64136.15,0.00072653
64141.67,0.92137409
64170.99,0.7884208
64200.01,0.15553111
64169.53,0.01733048
64166.75,0.01111856
64175.34,0.47264907
64166.74,0.0739373
64166.74,0.00406067
64166.75,1.00535094
64165.3,0.02709062
64159.03,0.00483054
64174.75,0.52392781
64184.73,0.05393272
64184.73,0.06291998
64171.59,1.24552229
64154.67,0.01132718
64154.67,0.01870519
64125.95,0.05441926
64128.96,0.00985559
64120.97,0.02273842
64110.1,0.0067193
64096.0,0.0095405
64095.99,0.11374349
64082.59,0.876216
64064.47,0.49202563
64035.0,0.01271767
64035.0,0.07417827
63980.16,0.57703798
63966.33,0.2525071
63971.47,0.01998326
63980.77,0.37535723
64002.28,0.21850115
63981.18,0.00913704
63981.59,0.01248243
63955.71,2.79182203
63934.04,0.11348403
63932.79,0.0753084
63961.86,0.01853884
63946.69,0.30947063
63928.06,0.02419315
63950.29,0.16232058
63973.1,0.02779578
63973.09,0.3680242
64009.76,0.00884891
64008.99,0.0085242
64036.12,0.66081187
64020.32,0.00905022
64020.33,1.16128994
64027.91,0.00301441
64025.09,0.29989292
63993.22,0.01683791
63988.98,0.03994077
63991.71,0.00497394
64009.76,0.01304846
64022.4,0.00776886
64022.39,0.01229876
64025.81,0.06309099
64025.8,0.027475
63998.44,0.00753596
64010.16,0.05549136
64010.16,0.00968879
64010.3,0.01526838
64010.31,0.05149087
64010.31,0.00869104
63997.53,0.44232803
63997.55,0.01706504
63997.54,0.02609506
64000.47,0.75646867
64018.43,0.00149561
64018.42,0.15794249
64052.46,0.02031633
64052.45,0.01059689
64053.27,0.00647361
64053.27,0.02015598
64060.0,0.46062616
64075.79,1.86828855
64090.0,2.96055649
64065.09,0.39572062
64074.22,0.04039614
64084.03,0.10748678
64059.54,0.01908931
64079.12,0.43398317
64070.4,0.0172543
64064.82,0.53916452
64085.7,0.01419742
64096.15,0.11859938
64120.81,0.01672778
64119.95,0.09011709
64119.0,0.00230649
64118.99,0.01355306
64111.95,0.04264468
64101.23,0.26943585
64083.57,0.00359008
64083.57,0.11247013
64090.43,0.25334167
64091.43,0.00100673
64099.82,0.02134036
64106.9,1.02389243
64096.71,0.00914108
64096.72,0.00498078
64098.39,0.00289078
64098.39,0.02127071
64106.38,0.14059731
64126.58,0.01338171
64126.93,0.01569142
64143.7,0.29719282
64138.77,0.10460914
64148.15,0.9949685
64141.07,0.38175413
64139.87,0.33315049
64132.31,0.06735252
64132.3,1.48219343
64114.33,0.00640936
64114.33,0.47232459
64127.99,0.30244236
64123.95,0.00081018
64123.94,0.76522237
64120.16,0.00362289
64120.15,0.50959575
64131.39,0.02385605
64122.83,0.00615783
64122.84,0.00688409
64122.83,0.11641399
64125.6,0.00380286
64125.61,0.01101753
64125.61,0.00255059
64124.0,0.02849942
64119.01,0.01162353
64115.44,0.09667551
64115.01,0.14015135
64110.73,0.01458633
64080.02,0.01283902
64072.58,0.02610264
64079.89,0.03557581
64079.89,0.00316219
64079.89,0.00528577
64079.89,0.0107794
64079.88,0.43479016
64071.18,0.10873556
64075.67,0.00785783
64079.51,0.20167103
64086.57,0.00140763
64086.58,0.00425192
64086.58,0.15785357
64061.78,0.01483705
64061.77,0.01041807
64040.53,0.11206927
64054.21,0.00337605
64054.2,0.00658197
64054.2,0.0057005
64054.12,0.02393796
64054.2,0.86115588
64068.48,0.02842836
64072.02,0.11684706
64043.72,0.25113852
64061.03,0.00442392
64045.01,0.00886784
64059.99,0.19319641
64059.99,0.00484497
64059.99,0.10228432
64059.98,0.01917859
64039.89,0.0060561
64044.61,0.00433845
64044.61,0.05242773
64033.09,0.01290537
64039.9,0.01149964
64039.9,0.00535122
64033.11,0.00680227
64028.24,0.2709745
64028.28,0.34005109
64035.18,0.01504949
64035.19,0.01108961
64028.69,0.17784142
64024.74,0.00346006
64024.73,0.0331748
64024.74,1.90912089
64028.94,0.00495554
64026.8,0.00905907
64022.35,0.00530384
63999.26,0.22591568
64014.66,0.32097003
64031.67,0.00894427
64067.53,0.30064066
64089.46,0.00822451
64096.62,0.01672531
64112.54,0.01263437
64109.29,0.69683026
64087.62,0.03588328
64071.78,0.06803931
64071.78,0.00284528
64071.79,0.00248364
64079.56,0.03431297
64079.55,0.00632117
64074.0,0.03694973
64074.01,0.03742169
64072.51,0.05531573
64054.0,0.00487514
64070.62,1.24918522
64052.68,0.00394192
64057.0,0.01200801
64060.99,0.01061166
64052.68,0.56020479
64059.15,0.07469467
64059.46,0.0067096
64064.13,0.08931681
64074.28,0.01847641
64074.29,0.03535394
64092.0,0.67626327
64097.43,0.03925466
64097.43,0.0204087
64097.44,0.01024904
64097.44,0.25432151
64101.24,0.01237718
64101.25,0.01958007
64091.06,0.01969855
64066.58,0.04086192
64089.6,0.01081717
64089.59,0.02369777
64089.59,0.01087825
64086.12,0.00134638
64086.21,0.01226287
64086.57,0.15233051
64091.66,0.01149027
64089.1,0.0195321
64100.75,0.01984363
64100.75,0.16349702
64116.16,0.00229978
64116.17,0.01436429
64125.98,0.11751314
64102.24,0.01893642
64106.81,0.26911959
64117.83,0.0096978
64117.83,0.03492398
64106.8,0.41584237
64091.46,0.01834731
64091.47,0.00948645
64091.47,0.06923821
64094.11,9.51295421
64094.06,0.05003396
64094.06,0.03436533
64106.05,0.01191796
64098.55,0.01690836
64098.54,0.25783853
64105.79,0.46800458
64113.81,0.02654433
64113.82,0.06273085
64115.15,10.80640943
64258.46,0.15398821
64231.47,0.05455877
64244.66,0.68585026
64242.07,0.03206587
64242.38,0.21098805
64234.14,0.09247777
64236.23,0.8498601
64255.97,0.65855838
64245.62,0.43734628
64236.42,0.21112844
64249.46,0.06393513
64237.33,0.15595354
64256.18,0.01187928
64245.25,0.14514306
64240.7,0.01535738
64240.7,0.0158298
64240.71,0.01069391
64240.71,0.1953348
64249.25,0.00501823
64251.96,0.20525372
64256.94,0.15598043
64256.93,1.6702925
64272.99,1.06712525
64289.44,0.41073329
64310.08,2.14751633
64313.23,0.76478128
64314.36,0.202344
64323.18,1.55755314
64277.65,0.09932506
64276.96,0.17993862
64257.92,1.08374013
64248.93,1.77080525
64255.36,0.17030167
64255.36,2.15432571
64248.2,0.01435582
64248.21,0.02204818
64248.2,1.54664523
64251.96,0.658445
64255.67,0.0042001
64255.66,0.27765916
64272.16,0.02518594
64280.44,0.50820812
64261.22,0.03196116
64281.78,2.11464449
64313.07,0.33806726
64314.08,0.05745995
64354.86,0.0089251
64368.18,0.13989217
64382.98,0.70104386
64380.77,0.08364418
64377.4,0.03513664
64377.41,0.01914098
64399.76,0.2403916
64425.6,0.37330254
64428.33,1.0145831
64435.4,0.04859753
64400.21,5.05320377
64402.74,0.39416942
64371.56,0.57005011
64403.21,0.13226967
64419.74,1.31738831
64423.35,0.24487765
64419.63,0.35568537
64417.24,0.29820503
64422.52,1.06388361
64438.17,0.02180902
64445.65,0.00396665
64442.27,0.09285889
64443.61,0.31772663
64438.34,0.20118058
64437.13,0.16727382
64433.01,0.33848701
64440.0,0.38206737
64430.88,1.46312356
64426.33,0.06529822
64430.43,0.2293222
64425.42,0.00928798
64425.42,0.2697787
64433.04,1.70966554
64425.45,0.45216351
64424.56,0.25509036
64424.55,0.0489186
64425.45,0.27398449
64434.23,0.37405693
64439.99,0.00477082
64439.99,0.59680891
64436.01,2.272424
64465.54,0.21398522
64484.99,1.27637385
64457.39,0.20950937
64467.15,2.23349855
64497.22,2.23819236
64567.13,14.08745553
64491.53,0.06550298
64509.43,0.06273818
64501.3,0.04618138
64511.36,0.42051929
64525.33,0.09955545
64499.6,0.06551789
64476.52,0.70128823
64447.31,0.0739302
64473.01,0.01637106
64460.1,0.60736645
64463.23,0.01201326
64476.79,0.01203933
64476.79,0.44177978
64487.14,0.19012502
64449.42,0.00300362
64449.42,0.04566878
64438.07,0.00846855
64446.64,0.04775981
64438.08,0.05389155
64438.09,0.91887094
64456.58,1.06794265
64464.22,0.00044789
64470.76,0.18295602
64456.32,1.02094185
64456.31,0.49196561
64483.65,1.81004148
64484.47,1.01552748
64467.84,0.04497136
64467.83,1.51923428
64458.11,0.41727635
64455.91,1.24010355
64449.7,0.12875961
64462.4,0.51116532
64468.92,0.0098303
64472.28,0.00639099
64481.97,0.41968176
64467.29,0.00799049
64487.32,0.00444505
64483.43,0.10321272
64470.84,0.00101051
64483.43,0.001885
64495.46,0.15190906
64502.24,0.45530381
64495.45,0.04508218
64489.71,0.7443549
64482.52,0.00137377
64485.31,0.00111135
64485.32,3.02845685
64486.72,3.36044553
64504.97,4.02717348
64530.68,7.14917335
64543.64,1.90199831
64560.56,3.1059726
64520.49,0.11331089
64530.37,0.0128493
64537.93,0.00681106
64531.98,0.00108653
64531.36,0.00072521
64531.36,0.51642243
64473.95,0.01757412
64473.95,0.00288001
64473.95,0.90946357
64441.17,0.00692931
64441.27,0.01786572
64441.28,0.0182654
64453.2,0.00085444
64455.01,0.17664486
64470.14,0.21955319
64449.77,0.07001651
64471.03,0.04704147
64486.01,0.00259484
64488.57,0.00370715
64493.39,0.00255813
64493.41,2.00157098
64490.62,0.00907157
64477.78,0.02375109
64477.78,0.80571098
64488.83,0.28392946
64488.83,0.16915856
64481.24,0.10088052
64488.83,0.20495205
64488.83,0.00115387
64496.48,0.1167012
64507.89,0.01407934
64500.3,0.01994626
64488.68,0.16665476
64488.69,0.01399082
64495.14,0.21478411
64501.84,0.62640119
64513.08,0.02030567
64517.93,0.00150629
64521.25,0.0270819
64521.24,0.01215297
64528.93,0.00662172
64527.25,0.45476736
64499.57,0.73235243
64509.43,0.01501874
64513.0,0.26779749
64499.43,0.09901948
64509.41,0.01274084
64506.09,0.21348976
64503.59,0.26959603
64491.63,0.63232344
64520.91,0.05777409
64527.51,0.02010887
64554.78,0.19714664
64578.99,0.2259105
64591.05,0.6281026
64582.54,0.11622255
64579.01,0.08066067
64575.55,0.6989719
64572.73,0.01849233
64586.65,0.08270434
64579.2,0.00840649
64585.64,0.88873167
64650.99,1.37675095
64670.43,0.42378399
64680.73,0.64905027
64651.75,1.40269455
64635.19,0.25780665
64637.56,0.1277025
64612.64,1.09732001
64600.84,0.01198598
64605.35,0.0035413
64609.78,0.3387298
64576.98,0.00182222
64576.99,0.00060968
64576.99,0.00109033
64576.99,0.25626042
64576.99,1.13233216
64571.27,0.09707256
64555.19,0.00215078
64551.38,0.33072606
64555.19,0.01579728
64561.38,0.04825733
64568.8,0.04743155
64573.66,0.23508386
64578.6,0.07501974
64573.88,0.0124464
64578.61,0.34081626
64575.86,0.01001126
64575.86,0.53889434
64553.24,0.22215247
64551.03,1.28824643
64542.83,0.01531316
64540.17,0.90987202
64541.23,0.00872013
64541.94,2.74288783
64611.92,0.44924144
64629.71,0.8476979
64643.68,0.1899584
64670.09,2.8013018
64663.14,0.04673237
64662.43,0.00185907
64662.43,0.28332522
64658.37,0.01063482
64658.37,0.2332896
64651.58,0.05291095
64651.58,0.02889612
64657.46,0.16040117
64673.09,0.00023425
64673.78,0.42086419
64656.19,1.29714982
64604.83,0.09251701
64627.93,0.11305704
64640.72,0.11032616
64648.83,0.09267061
64646.67,0.72704055
64696.17,0.34062528
64729.53,1.42318371
64768.75,0.77719222
64795.18,0.44001989
64799.68,0.19213867
64761.02,0.00146072
64761.03,3.6694169
64788.6,0.24467707
64759.6,0.08517768
64743.25,0.01372424
64711.94,0.29045948
64697.71,0.1588983
64700.72,0.2527876
64700.12,0.06121622
64700.13,0.16133341
64689.38,0.01612519
64689.39,0.58659517
64675.99,0.0016108
64674.24,0.00824539
64673.92,0.00044827
64673.92,0.36459793
64673.92,0.47579206
64664.77,0.45699267
64634.3,0.00031248
64641.92,1.4697471
64654.53,1.1888188
64641.94,0.00058126
64641.92,0.32381083
64641.91,0.1319341
64648.06,0.10785264
64648.06,1.19208594
64609.99,0.16003581
64587.09,0.51153144
64593.64,0.33511528
64587.8,0.45251422
64621.96,0.1381672
64627.76,0.5886117
64657.88,0.85272741
64682.87,0.49654903
64730.4,0.2702022
64763.26,0.11304313
64736.97,0.01318348
64712.02,1.00195604
64725.1,0.02009185
64721.18,0.01257863
64716.14,0.28851177
64697.19,0.52099949
64695.74,0.00096004
64691.05,0.3594779
64741.61,0.02378851
64728.11,0.12395313
64754.34,0.01579921
64739.08,0.00829954
64746.03,0.2764884
64723.15,0.16696798
64714.18,0.08491568
64728.25,2.59152009
64777.95,0.81350582
64818.78,0.69690258
64806.01,0.69543868
64774.02,0.31874844
64763.52,0.25480715
64762.99,0.26399306
64759.2,0.31301409
64750.01,0.27170216
64743.99,0.01619708
64743.18,0.45775759
64788.3,0.25080381
64777.03,0.345252
64756.05,1.04784175
64738.27,0.47418896
64720.19,1.66362078
64712.83,0.19257999
64704.12,0.19225163
64700.66,0.00629255
64700.66,0.31943768
64699.93,0.39964902
64694.6,2.87673146
64683.82,3.64367663
64684.93,0.8431819
64701.95,0.54972314
64715.0,0.27326938
64701.94,0.45042706
64695.02,0.31816359
64681.99,0.03058512
64692.83,0.06840929
64699.99,0.72067013
64745.69,0.00871443
64745.68,0.79248966
64743.31,0.47925393
64731.32,0.32110261
64742.46,0.44594421
64729.43,0.05189508
64729.43,0.24698756
64719.23,0.32266499
64716.35,0.02386861
64737.65,0.11127878
64751.71,0.7071328
64768.04,1.69182188
64777.77,1.3689247
64758.68,0.46775864
64718.0,4.51478626
64751.7,0.05493068
64791.09,0.01285562
64786.43,0.00612445
64776.22,0.04331
64773.48,0.00278068
64769.94,0.00408789
64769.93,0.01944398
64762.92,0.00790373
64778.62,0.07403242
64763.22,0.04512204
64763.21,1.05479426
64739.52,0.81207643
64713.56,0.0034269
64707.79,0.03219899
64707.8,7.62075642
64695.98,0.0778096
64691.55,0.1262152
64683.16,0.40644763
64685.31,0.1047451
64698.54,0.00943956
64702.24,2.45710428
64757.82,0.92026977
64752.48,3.17427217
64748.49,2.73006342
64761.38,1.40800115
64798.71,0.14398481
64781.01,0.40809913
64757.78,0.37807906
64757.78,0.09102732
64757.79,0.92061617
64766.4,0.3416436
64792.07,0.02076043
64778.46,0.00489154
64801.8,0.01047321
64792.06,0.13101951
64792.92,0.0177363
64790.37,1.04899984
64772.91,0.00409986
64779.87,0.00068564
64781.54,0.12368545
64772.93,0.00115985
64772.93,0.02223533
64788.99,6.90025996
64788.0,0.00804329
64787.68,0.32756555
64759.47,0.10015597
64762.01,0.42052375
64768.14,0.64087227
64779.76,0.3875182
64781.93,0.00211761
64787.68,0.01151567
64782.02,1.09465828
64787.99,1.92474749
64788.0,0.00167075
64787.99,1.08431086
64782.01,0.96658039
64778.39,0.30810971
64777.42,0.01895166
64777.41,0.20210885
64791.18,0.19389888
64791.43,0.23334857
64787.0,0.02012681
64799.73,0.0008559
64799.73,0.04272061
64792.57,0.08009409
64805.19,0.27121091
64807.04,0.49900535
64809.41,0.05634057
64796.27,0.0005456
64796.28,0.00192165
64796.27,0.11446301
64801.75,0.00290893
64801.75,0.69632489
64781.71,0.07211176
64801.72,1.5449683
64801.1,0.07854084
64801.11,0.28967474
64808.93,0.30395611
64808.93,0.00046463
64802.87,0.00415407
64802.87,0.00818772
64804.75,1.00765232
64808.92,0.0006209
64808.93,0.29574209
64808.93,0.05635389
64808.93,0.01557044
64808.93,0.05175786
64806.6,2.02689033
64785.63,5.20584422
64805.57,1.53913638
64822.97,10.9722689
64844.58,1.34075733
64781.07,6.64025728
64749.54,4.07424997
64750.91,0.21063887
64750.91,0.02286912
64770.88,0.00880783
64760.89,0.03328934
64755.79,0.00049508
64755.78,0.20621988
64742.24,0.04763901
64742.24,0.00250426
64742.24,0.01540604
64742.23,0.17966122
64742.23,0.06740856
64742.23,0.02439801
64740.03,0.01300519
64737.8,0.00215698
64733.94,0.45203712
64730.97,0.00227049
64730.97,0.42528765
64727.01,0.66748236
64738.34,1.07789342
64749.22,0.02168377
64735.93,0.10411392
64745.79,0.00542809
64745.8,0.30766617
64758.04,0.01922581
64745.77,0.00211246
64745.76,0.30170555
64737.37,0.0152753
64737.38,0.00115959
64737.37,0.00078922
64737.38,0.0193847
64737.38,0.17434894
64745.85,0.10401767
64739.04,0.00098294
64739.03,0.00156168
64739.04,0.00453953
64739.03,0.01008602
64739.03,0.36191541
64737.38,0.33027568
64736.24,0.55826136
64735.66,0.00023407
64735.66,0.02620303
64735.66,0.0101956
64735.66,0.29193529
64734.18,0.00822205
64734.18,0.00327579
64734.18,0.12658112
64732.29,0.00142237
64732.29,0.00207224
64732.3,1.24878966
64724.87,0.2538685
64724.88,0.00046806
64724.87,0.00458319
64724.87,0.10151881
64734.15,2.13131568
64724.6,0.01077174
64726.37,0.66132073
64731.4,0.00160904
64730.35,0.0010091
64730.36,0.00215505
64730.36,0.03590591
64729.75,0.00118315
64729.76,0.00155172
64729.76,0.00171851
64729.75,0.02958714
64729.76,0.00031204
64729.76,0.00874518
64729.75,0.00096529
64730.79,0.00023406
64730.78,0.00065415
64730.79,0.00809965
64730.79,0.92810712
64726.81,0.08133438
64726.81,0.00711441
64726.81,0.00398155
64726.81,0.00295603
64726.81,0.00030908
64726.81,0.00833885
64726.8,0.00822677
64726.8,0.00303411
64726.81,0.00451296
64726.81,0.01713347
64726.8,0.00120652
64726.8,0.00767772
64726.81,0.0126987
64734.18,0.13768303
64727.02,0.0067674
64727.02,0.07874927
64727.01,0.00917129
64727.02,0.00660661
64727.01,0.07903425
64727.02,0.00173802
64727.02,3.89185955
64689.6,0.05880563
64733.76,0.44154554
64768.85,0.03610467
64782.37,0.00097611
64790.33,0.4052328
64850.01,2.85640569
64847.55,0.13736311
64811.23,0.05015588
64800.09,0.06066418
64831.67,0.1547889
64829.61,0.00775187
64848.21,0.02565434
64862.99,0.18996641
64852.33,0.05216184
64871.97,0.00336213
64859.38,0.03320625
64801.72,0.00647992
64801.73,0.78805289
64773.5,0.06062604
64757.55,0.00015888
64762.55,0.16567899
64775.2,0.00406954
64792.0,0.01808703
64785.08,0.00023392
64785.08,0.01745623
64785.08,0.00330729
64787.62,0.00087569
64787.61,0.10286638
64781.39,0.03290538
64798.43,0.51609606
64799.52,0.00913805
64799.53,0.11994591
64882.97,0.03255721
64851.03,0.12580452
64870.4,0.37015782
64892.44,0.30319853
64883.47,0.00422841
64867.43,0.02898306
64846.96,0.00802662
64811.37,0.04772825
64810.02,0.72329059
64796.29,0.01571918
64798.23,0.00422805
64798.22,0.30388304
64799.76,0.10287654
64799.39,0.783781
64787.0,0.00532051
64783.49,0.67617147
64803.05,0.02673827
64797.94,0.0003271
64787.8,0.0290835
64804.37,0.00651975
64802.02,0.00107613
64802.02,0.00170534
64802.03,0.33463856
64788.4,0.0005382
64788.39,0.00028401
64788.39,0.00575964
64788.39,0.62549476
64772.95,0.15659638
64765.61,0.01923143
64750.26,0.00255399
64750.26,0.00144958
64750.25,0.80241078
64747.47,0.01113394
64700.25,0.05824977
64702.46,0.0012537
64692.93,0.00269183
64687.24,0.25988767
64692.93,0.08325719
64687.45,0.36412405
64685.42,0.00478826
64685.85,0.00032533
64685.85,0.13328119
64654.56,0.16337935
64647.23,0.04533024
64643.7,0.0115809
64630.94,0.01039622
64630.95,0.0036304
64628.96,0.05465303
64603.83,0.02339324
64612.04,0.01312422
64603.13,0.53105895
64603.82,0.25034931
64605.53,0.75746832
64628.39,0.01775413
64624.63,0.00619049
64627.88,0.00057687
64627.89,0.00185612
64627.88,0.00155247
64627.88,0.51811722
64650.03,0.00132575
64643.7,0.46542464
64618.88,0.00210161
64631.63,0.64023433
64622.92,0.18067431
64618.89,0.02955574
64619.38,0.01498047
64619.37,0.00859523
64629.06,0.02837189
64637.62,0.06146445
64637.62,0.03670689
64614.45,0.13811489
64622.45,0.00023291
64622.45,0.00185705
64618.91,0.01451266
64635.09,0.00023437
64641.23,2.2567089
64649.31,0.02741242
64649.31,0.00296323
64649.32,0.0001792
64649.32,1.0413492
64648.95,0.07912745
64648.95,0.01066383
64647.42,0.10235274
64660.0,0.02441767
64660.0,0.00031247
64660.0,0.10865425
64667.19,0.83296879
64652.15,0.00131393
64652.15,0.78417868
64655.33,0.01881755
64641.9,0.00401979
64622.12,0.00962331
64622.72,0.54459402
64601.56,1.30287427
64591.88,0.00024986
64593.53,0.00023462
64593.54,0.00278531
64593.54,0.00023459
64593.54,0.4890252
64575.0,0.01954173
64575.0,0.53232703
64600.77,0.16074398
64612.08,0.00023441
64614.6,0.0012026
64622.34,0.00269174
64622.35,0.00130956
64622.35,0.00253829
64629.68,0.00208265
64645.54,0.08397901
64629.69,0.01691493
64622.52,0.25762397
64631.71,0.00190771
64631.19,0.00141931
64649.02,0.41982201
64658.0,0.00097277
64665.12,0.00212935
64665.13,0.01056849
64665.13,0.00211138
64658.23,0.00315627
64658.23,0.0178198
64658.23,0.00825427
64660.12,0.01005447
64688.13,0.00538577
64711.55,0.13649796
64702.18,0.12339142
64749.99,0.02125397
64740.33,0.01601618
64722.42,0.000343
64722.9,0.09379712
64722.91,0.01213198
64722.91,0.03335485
64722.9,0.00313302
64722.9,0.01950948
64734.77,0.00762541
64715.84,0.0065184
64718.68,0.00958906
64718.67,0.00037675
64718.67,0.00524026
64697.09,1.6437851
64682.9,0.00261067
64676.02,0.0916487
64670.71,0.00544646
64670.71,0.00159948
64670.7,0.02787472
64676.25,0.01627383
64676.24,0.00023641
64676.24,0.01309536
64691.68,0.00015607
64697.14,0.18210017
64708.99,0.01052574
64717.94,0.00099171
64717.94,0.57507286
64701.9,0.00483297
64701.9,0.00614615
64701.9,0.00682062
64701.9,0.07078725
64701.9,0.00315615
64701.91,0.64151187
64718.32,0.06044389
64718.33,0.00126604
64727.01,0.29007801
64743.16,0.20996057
64764.02,0.03896763
64753.81,0.03292868
64739.91,0.01384437
64739.91,0.32762625
64736.62,0.10054744
64730.97,0.01109018
64731.27,0.09615667
64720.7,0.00453124
64720.69,0.0013472
64720.69,0.48649973
64708.02,0.00223262
64708.01,0.27712413
64698.54,1.68225952
64694.45,0.94757997
64668.47,0.0086766
64668.47,0.00112632
64668.47,0.33879159
64658.6,0.13551108
64655.93,0.001027
64648.48,0.22545709
64642.43,0.0021062
64640.91,0.00075992
64640.72,4.63979813
64645.22,0.01359998
64655.95,0.00612314
64655.95,0.00110564
64655.96,0.00867135
64655.96,0.55850953
64659.85,0.00071137
64659.86,0.00092169
64674.24,0.00031235
64674.24,0.00568149
64677.66,0.00023422
64677.66,0.00023425
64677.66,0.56433759
64706.52,0.07660139
64706.52,0.0026432
64706.51,0.00143081
64706.52,0.25821601
64699.31,0.33079936
64686.0,0.00064964
64686.56,0.00141214
64687.1,1.09231157
64687.09,0.01222944
64677.34,0.00147949
64677.35,0.11962803
64667.21,0.01871707
64667.21,0.00293609
64667.22,0.00259205
64667.37,0.45977359
64665.54,0.00416806
64667.34,0.79394156
64665.11,0.89074385
64656.31,0.00047824
64656.3,0.00109105
64656.3,0.29995687
64668.28,0.00277615
64668.27,1.98325517
64678.41,0.0004143
64678.42,0.01057522
64678.42,0.00948634
64683.5,0.00023416
64688.65,0.00376943
64679.85,0.0004751
64679.86,0.00413281
64689.84,0.06318009
64694.51,0.10566497
64699.99,0.01572841
64708.06,0.00565402
64708.07,0.02000318
64702.02,0.00820363
64685.59,0.01902504
64702.38,0.18325809
64681.26,0.00024969
64684.01,0.00866018
64683.04,0.14226584
64681.28,0.0026341
64681.27,0.02386825
64709.99,0.00081893
64706.93,0.00632316
64692.99,0.01250117
64691.29,0.00155497
64691.3,0.02114711
64687.21,0.00130416
64687.21,0.00396066
64684.57,0.00461075
64684.57,0.00343418
64684.56,0.04205818
64684.56,0.81067667
64684.1,0.29305031
64685.02,0.20212312
64679.13,0.17780109
64676.02,0.00994775
64661.52,0.06893733
64661.52,0.01981684
64664.66,0.19166696
64670.0,0.00023421
64670.0,0.00374771
64669.99,0.01093736
64669.99,0.01172647
64669.99,0.00389046
64670.0,0.02066076
64670.0,0.04825896
64667.77,0.00304057
64667.76,0.26256361
64667.76,0.50858152
64678.73,0.00317774
64678.73,0.00208013
64678.72,0.17363215
64661.54,0.03008254
64661.54,0.00793592
64661.54,0.02033439
64661.54,0.05020127
64661.53,0.26262796
64652.51,0.00085911
64650.55,0.00103828
64650.56,0.0092485
64650.55,0.03290365
64650.56,0.00259071
64650.56,0.06838988
64650.56,0.00764701
64650.55,0.00023439
64650.55,0.01094982
64656.05,0.00872596
64656.06,0.22728362
64660.84,0.00145024
64665.63,1.19031416
64665.79,0.01062956
64665.79,0.03600093
64670.43,0.00215922
64670.43,0.59649423
64670.11,0.02362195
64670.11,0.24526001
64674.81,0.00319105
64674.81,0.02824015
64674.15,0.26366585
64666.19,0.00487624
64666.19,0.00479189
64666.19,0.37665227
64674.79,0.1103642
64669.78,0.00264333
64669.79,0.00112802
64669.78,0.01588504
64687.54,0.16697629
64697.06,0.00147124
64697.06,0.00456103
64735.77,0.14608863
64719.81,0.25596533
64719.82,0.05039348
64719.81,0.1160506
64711.1,0.25168675
64717.43,0.01502894
64708.85,0.00190682
64708.85,0.00565625
64679.16,0.00746963
64685.78,0.0086321
64685.78,0.00935472
64669.69,0.01383207
64684.97,0.29751533
64672.73,0.01866815
64671.56,3.61703169
64645.04,0.18039498
64648.77,1.59608684
64629.83,1.43211809
64671.07,0.65518747
64663.64,1.2748274
64638.21,0.11445817
64631.67,0.11275765
64646.64,0.20531897
64650.2,0.01242818
64650.21,0.00462851
64650.21,0.00407475
64650.2,0.0145552
64650.2,0.63982406
64650.36,0.84900037
64647.49,0.06499679
64647.48,0.14226517
64666.83,0.13760531
64678.49,2.56141657
64656.72,0.0144067
64651.55,0.00939926
64651.39,0.0259335
64651.39,0.40240219
64619.64,0.02047641
64619.64,0.16433184
64611.25,0.21657922
64603.07,0.08887301
64603.08,0.38798957
64591.77,0.04225786
64617.14,0.12012069
64623.35,0.00023455
64633.41,0.00281847
64631.58,0.10329799
64630.02,0.02690112
64623.35,0.01169543
64623.35,0.00256537
64623.36,0.00061771
64623.35,0.00663779
64623.36,0.27639246
64623.36,0.06550544
64598.34,0.00312602
64598.35,0.01902265
64598.35,0.00342416
64598.35,0.0577275
64616.73,0.00395563
64611.05,0.00265268
64620.28,0.01873324
64620.28,0.00483306
64620.27,0.01129804
64611.88,0.00188925
64613.0,0.05251401
64620.18,0.00108255
64620.18,0.84152338
64642.25,0.01583535
64657.96,0.01959683
64690.5,0.0285939
64685.67,0.30242757
64665.33,0.25960354
64656.07,0.00892795
64656.08,0.25590311
64650.82,0.0060753
64650.81,0.06691636
64650.81,0.23736118
64665.72,0.48935509
64664.3,0.20679531
64668.85,0.00115244
64668.86,0.04555086
64668.85,0.44068919
64663.43,0.10126396
64666.85,0.17140986
64652.46,0.02355431
64642.36,0.00690023
64642.37,0.11832891
64642.36,0.00791222
64634.89,0.0573725
64613.12,0.00531107
64623.74,0.10190963
64618.15,0.0112619
64608.41,0.06317129
64608.41,0.0021066
64594.48,0.00241035
64594.48,0.15573077
64579.99,0.15312892
64577.44,0.41500835
64539.32,0.58202394
64530.56,0.12371454
64520.58,0.1230595
64520.59,0.01472044
64528.42,0.46039486
64525.9,0.008986
64525.91,0.00083645
64531.0,0.12615688
64531.0,0.05476804
64531.0,0.01249047
64531.01,0.03435973
64531.0,0.00427428
64540.71,0.10640735
64548.06,0.00333215
64548.06,0.4656157
64534.37,0.03752046
64549.74,0.2140103
64522.0,0.20140862
64510.3,0.19000492
64499.86,0.68310851
64464.02,0.04696345
64456.6,0.19824141
64484.87,0.0019446
64478.98,0.00795151
64478.97,0.06599728
64478.98,0.00031328
64478.97,0.37371553
64473.45,0.00060498
64478.96,0.01148903
64489.39,0.00179663
64494.21,0.06319158
64494.22,0.00571575
64497.47,0.15728616
64483.99,0.00185282
64478.97,0.00538929
64472.74,0.00929329
64467.98,0.0218523
64467.97,0.00889369
64467.98,0.17280361
64472.66,0.39976159
64469.68,0.39601707
64456.63,0.0035624
64438.49,0.00601361
64446.0,0.06547107
64485.16,0.80185256
64511.17,0.00473984
64496.88,0.14123164
64500.62,0.02257459
64490.33,0.00276592
64490.32,0.0015266
64490.34,0.13142754
64504.0,0.11579555
64517.58,0.08732033
64527.99,0.18215008
64539.03,0.03461105
64529.0,0.00104002
64531.19,0.12381684
64531.2,0.00082029
64537.92,0.01226073
64543.12,0.07840209
64546.1,0.00339655
64546.1,0.06786878
64546.55,0.01312273
64551.25,0.00061688
64557.82,0.00685863
64551.27,0.05909671
64546.54,0.02463661
64546.54,0.01156189
64561.87,0.03331487
64566.16,0.13944964
64576.29,0.03886303
64576.28,0.05873929
64568.9,0.00453157
64568.89,0.001005
64568.89,0.03710403
64582.21,0.00525939
64582.22,0.00194461
64593.71,0.25912151
64599.43,0.02869191
64580.56,0.27777393
64589.34,0.03350585
64599.16,0.03630359
64604.47,0.1974906
64617.96,0.00030809
64620.23,0.27907616
64624.1,0.11993398
64635.12,0.29619646
64622.37,0.01726654
64618.69,0.45094002
64625.61,0.48694342
64594.05,0.71762891
64588.07,1.13097104
64560.98,0.02309455
64578.6,0.01345208
64563.94,0.00182051
64548.77,0.01132083
64548.79,0.00262759
64548.78,0.69440494
64543.03,0.23051502
64536.39,0.29258093
64541.85,0.09310493
64510.25,0.39247708
64476.29,0.59563957
64491.42,0.00771711
64498.01,0.00023497
64506.22,0.08907865
64525.01,1.2200574
64535.33,0.47479276
64534.47,0.0301258
64565.73,0.03792875
64560.76,0.00467327
64560.95,0.00031289
64565.09,0.01176851
64554.85,0.72117972
64538.6,0.43841123
64537.38,0.23409447
64557.21,0.59055227
64544.23,0.32820406
64532.33,0.03635464
64546.05,0.30774825
64566.23,0.00378102
64584.77,1.5179413
64587.54,0.03469456
64562.21,0.0062901
64555.07,0.4415003
64548.38,1.36655204
64531.3,0.83462164
64501.31,0.00867174
64501.31,0.40352231
64494.62,0.20963516
64511.78,0.04908976
64510.29,0.01292144
64507.9,0.15909696
64497.42,0.01412885
64498.44,0.51303856
64503.22,0.00230072
64511.49,0.15185011
64503.24,0.02339439
64496.0,0.36069712
64476.8,0.00091101
64479.0,0.01502246
64476.8,0.12671533
64471.43,0.02923527
64478.99,0.00271618
64476.3,0.054775
64488.61,0.38932218
64492.94,0.05969383
64486.99,0.05294079
64480.35,0.22832623
64467.71,0.10378171
64451.4,0.96449683
64437.58,0.13628527
64427.93,4.44288181
64438.05,2.48722676
64435.95,0.01550068
64435.94,1.53356714
64434.01,1.08615807
64418.49,0.01243966
64435.95,0.01586099
64427.99,0.00102717
64428.0,0.38586203
64415.24,0.00096708
64404.23,0.04186335
64400.02,0.0047301
64400.0,0.19626624
64394.6,1.44469273
64371.99,0.93787465
64369.33,0.26101455
64371.13,0.09433201
64359.57,6.68722581
64332.53,3.63734175
64325.18,0.00924745
64325.17,0.59325411
64317.94,0.0041224
64316.27,0.56372734
64303.86,0.30358572
64337.0,0.01786033
64349.61,0.01651288
64332.81,0.01039346
64327.35,0.79070349
64317.2,2.775107
64340.07,0.00316787
64313.84,0.01788663
64331.99,0.13714604
64364.74,0.00401867
64389.22,0.52636976
64359.87,0.29919085
64300.0,0.01055782
64300.01,1.52158866
64262.53,1.29923146
64269.97,3.58926367
64282.44,0.11210678
64301.98,0.13901442
64302.71,0.76015438
64316.0,0.01784747
64319.56,0.12786646
64338.54,0.01367881
64336.16,0.34677503
64371.45,0.12919712
64362.88,0.17910374
64374.17,0.01108836
64361.4,0.02219936
64342.11,0.01761657
64329.25,1.65450917
64358.36,0.00695387
64368.21,0.70611413
64347.05,1.13386118
64337.21,3.82896412
64332.54,0.05565091
64328.6,0.10735528
64323.94,0.02481444
64343.99,0.45221168
64384.49,0.15694903
64391.79,0.03626332
64406.58,0.21716998
64391.45,0.00925781
64398.44,0.00859356
64411.0,0.00570914
64410.99,0.26693802
64399.68,0.00080208
64402.31,1.20027852
64365.23,0.00376609
64365.99,0.10605764
64353.5,1.57543468
64348.3,0.85359646
64348.3,0.40213991
64351.97,0.1621631
64320.51,0.00254382
64320.76,0.75823185
64337.08,0.00125253
64337.09,0.24464426
64320.14,0.42018082
64308.55,0.01325119
64311.65,0.02166105
64311.66,0.02118154
64311.65,0.17142028
64303.94,1.4320004
64337.16,0.10600308
64311.16,0.0539903
64304.25,1.1488557
64291.16,0.16658758
64302.1,0.44249343
64297.81,0.02508816
64326.3,0.26029948
64318.35,0.4006028
64316.63,0.03592863
64316.64,0.65166245
64344.86,0.349047
64360.0,0.20438874
64367.04,0.00123062
64370.92,0.00292365
64389.99,0.11585504
64400.15,0.02252796
64410.0,0.25757391
64392.04,0.22420474
64399.96,0.00544599
64399.96,0.01113576
64408.24,0.20941921
64380.88,0.60977704
64372.29,0.58968892
64385.78,0.53070204
64373.02,0.00620221
64373.01,0.00634046
64373.01,0.33323889
64382.78,0.00042784
64382.77,0.20279372
64393.4,0.637083
64408.95,0.0578256
64403.47,0.02113873
64417.47,0.01078889
64429.99,0.00424972
64436.86,1.159288
64469.55,0.35764759
64457.22,0.4987899
64464.87,0.37463057
64457.98,0.20171034
64446.99,0.00076299
64446.99,0.05944548
64437.37,0.02134047
64439.68,0.05995107
64436.75,2.37430199
64437.58,0.07700794
64437.58,0.1261961
64471.01,0.18787037
64452.72,0.35020231
64486.39,0.42521601
64469.83,0.00198597
64474.47,0.18202786
64460.37,0.20130447
64460.17,0.41268695
64459.6,0.04155916
64459.6,0.00438221
64472.76,0.16456161
64480.8,0.31110265
64494.64,0.1105578
64499.55,0.35630525
64485.32,0.51349042
64464.7,1.54321304
64431.01,11.54946315
64465.08,0.05959201
64459.62,0.3046149
64433.99,0.00114526
64434.0,1.71362847
64411.64,1.18356167
64396.53,0.02949028
64400.05,0.00052983
64400.06,1.16300298
64384.52,0.24766824
64393.12,0.76315473
64437.07,0.20932958
64424.27,0.63476546
64408.28,1.18901429
64439.43,0.63590797
64439.44,0.77699973
64448.11,1.35347556
64469.67,2.25834063
64431.14,1.59730577
64482.47,0.7137151
64472.88,0.67854292
64478.46,0.06237572
64460.43,0.01298979
64460.43,0.22668094
64444.07,0.01663096
64444.06,0.01222492
64457.67,0.57019379
64473.59,0.82203672
64491.08,0.40735629
64497.52,1.15321767
64559.99,0.63582983
64552.97,0.21636401
64570.0,1.27285974
64569.36,0.11380388
64584.15,0.31391693
64545.68,0.41276933
64538.5,0.21807265
64562.82,0.40873854
64558.35,0.00205158
64558.35,0.61863153
64529.99,0.00597894
64538.07,0.25023541
64551.03,0.5233373
64574.9,0.37359715
64562.07,0.44661179
64557.37,0.05137961
64553.49,0.58636433
64533.75,1.14957631
64521.67,0.05599333
64530.74,0.05847695
64525.7,0.23878205
64517.97,0.24838151
64493.39,0.09235553
64508.37,0.03256339
64519.13,0.01349447
64519.14,0.56288589
64527.54,0.21439466
64527.55,0.92704726
64544.15,0.78645775
64509.9,0.11245635
64505.83,0.00299161
64514.87,0.00672314
64514.88,0.75507135
64493.99,0.3464529
64493.99,0.50908659
64486.92,0.18400059
64482.42,0.62629576
64482.42,0.05545496
64482.42,0.30848633
64490.52,0.43747824
64482.44,0.36969552
64466.91,0.00444123
64466.9,0.08940845
64458.23,0.67545073
64479.42,0.11522073
64467.52,0.21388018
64463.74,0.00031623
64463.74,0.37251435
64480.28,0.42801594
64499.99,0.28683917
64512.79,0.10123941
64520.73,0.15166458
64518.77,0.30787742
64531.98,1.00521921
64530.04,0.22590491
64530.06,0.00031301
64530.94,0.57737693
64519.98,0.01013154
64526.74,1.47575889
64509.23,0.00527323
64509.23,0.01172054
64509.23,0.00341489
64517.46,0.00714027
64517.46,0.37804269
64505.01,0.07408148
64513.67,0.33866799
64528.94,0.06607909
64536.5,0.05796005
64535.19,0.48793059
64518.61,0.10725072
64518.61,0.16824902
64525.62,0.02253037
64532.53,0.07377031
64532.52,0.60459051
64486.64,0.07462177
64512.77,0.2651817
64539.02,0.01192187
64568.03,0.05583977
64590.59,0.64782874
64505.83,0.84027685
64475.29,0.67214345
64478.02,0.04267065
64490.54,0.25270883
64495.07,0.15754909
64490.54,0.00110604
64498.74,0.00917492
64506.88,0.0020387
64506.87,0.45018339
64474.79,0.05547951
64481.38,0.25939345
64503.99,0.01384914
64522.46,0.05103452
64526.74,0.02048715
64537.05,0.009748
64537.05,0.11802249
64571.71,0.25051358
64577.33,0.05264376
64571.72,0.15777465
64552.23,0.00340435
64552.22,0.03324767
64552.22,0.02096049
64552.23,1.17806445
64564.25,0.10875892
64548.36,0.12547445
64525.0,1.44040161
64496.19,0.28719445
64514.26,0.25082071
64496.8,0.12953586
64497.01,0.17303109
64490.46,0.00436349
64518.15,0.05538467
64516.86,0.05615047
64505.23,0.01266537
64518.75,0.08591082
64518.74,0.02369245
64527.0,0.95377513
64556.09,0.41177641
64552.47,0.30477026
64546.05,0.06075241
64546.07,0.00198087
64546.06,0.18512434
64549.87,0.0058639
64549.88,1.10087097
64541.83,0.31234497
64536.6,0.81959237
64515.07,0.18222647
64510.25,0.21068122
64493.76,0.03050814
64493.76,0.2664566
64485.0,0.23457541
64489.91,0.00482709
64489.92,0.02737884
64500.01,0.04942605
64500.0,3.04605641
64370.0,0.80515216
64452.95,0.65797278
64452.57,1.52959907
64501.86,0.07825319
64537.7,0.12813277
64560.35,0.21014983
64585.89,0.21478942
64554.76,0.12199177
64542.02,0.32125253
64556.94,2.03722826
64638.96,0.13563452
64624.19,1.28555222
64621.86,0.42442187
64649.99,2.29550087
64682.06,1.31417553
64609.67,0.85984494
64583.46,0.10667415
64601.03,0.00498702
64616.48,0.02106761
64623.51,0.03886428
64657.25,0.03166279
64627.61,0.10096242
64632.47,1.24430228
64631.96,0.15261294
64621.71,0.0020499
64619.12,0.01944973
64611.66,0.04710811
64611.67,0.6581542
64606.13,0.25639468
64611.65,0.06628792
64635.0,0.11061644
64665.06,0.49612688
64624.86,0.48521382
64627.89,0.15280657
64641.83,0.10520855
64650.37,0.07122203
64635.01,0.15584984
64639.21,0.16658133
64635.01,0.63074737
64617.96,0.00936401
64592.61,0.38798563
64579.0,0.13408979
64576.13,0.37522522
64576.13,0.10237931
64562.1,0.01429348
64562.09,0.06103907
64549.82,0.0108807
64549.82,0.00756043
64541.88,0.00199792
64539.94,0.02631192
64528.73,1.13683966
64549.4,0.49499285
64532.04,0.39212373
64523.14,0.0063087
64529.14,0.00522554
64517.96,0.24187228
64514.17,0.26090714
64502.22,0.02196975
64502.22,0.05271716
64498.89,0.03599032
64495.44,0.15081099
64454.61,2.28939683
64425.04,0.58059964
64426.59,0.40178991
64414.54,0.09974967
64417.81,1.98589893
64332.41,7.72065917
64409.06,1.22873977
64396.28,0.2231038
64418.69,0.34009025
64415.88,0.18255288
64421.29,0.11464978
64448.52,0.05551039
64426.18,0.24400328
64395.01,0.11019466
64405.41,0.09258275
64397.03,0.16514743
64429.46,0.00069149
64429.47,0.0055779
64429.46,0.00384427
64417.92,0.3138696
64412.87,0.01635628
64399.44,0.75902743
64443.98,0.01461064
64432.37,0.48019001
64425.76,0.57618746
64369.53,0.20609198
64392.33,0.22175815
64354.94,0.39461274
64318.31,1.277031
64325.85,0.30414718
64340.9,0.52170085
64376.28,0.55443779
64386.59,0.00040693
64386.6,0.01066801
64386.59,0.00292323
64386.59,0.01017075
64386.6,1.19961123
64390.0,1.94848454
64395.22,0.00779026
64395.21,0.01119958
64395.22,0.02084834
64379.01,0.00023533
64379.0,0.01378564
64388.87,0.71015263
64362.56,0.03241365
64335.38,0.42699121
64356.76,0.15007059
64390.66,0.09095566
64360.91,0.00418467
64342.81,0.17139012
64353.66,0.29242903
64325.66,0.05510967
64327.77,0.01077036
64327.76,0.00641109
64315.14,0.12122035
64327.0,0.47445046
64351.71,1.24819993
64370.29,0.21962569
64357.89,0.15077309
64346.45,0.0530021
64346.44,0.83006958
64303.5,0.47147529
64346.59,0.06405989
64350.29,0.12043412
64364.62,0.30597684
64371.63,0.18248795
64396.62,0.3269151
64408.59,0.0228486
64400.01,0.19413252
64405.64,0.31689088
64385.3,0.03071801
64385.29,0.15165771
64393.07,1.21820131
64401.63,0.08448962
64410.83,0.1873262
64401.64,0.03688173
64392.69,0.05240386
64392.69,0.05437488
64400.37,0.15876534
64383.94,0.6997383
64377.64,0.00502022
64377.65,0.01565067
64377.66,0.00360811
64377.65,0.56168204
64373.67,0.05438488
64383.9,0.07421491
64394.75,0.0127095
64394.74,1.8393159
64380.49,0.63867282
64381.63,0.10796374
64370.11,0.07965491
64370.12,0.00623232
64370.12,0.15559016
64379.52,0.87743146
64404.68,0.02481478
64384.85,0.17171671
64390.59,0.05619388
64375.83,0.08095824
64368.91,0.05393701
64375.82,0.00100537
64375.81,0.02374009
64375.82,0.00424321
64366.52,0.02771243
64353.9,0.10805033
64353.91,0.0284585
64353.91,0.01979803
64353.9,0.00653557
64353.9,1.33551257
64343.05,0.00047307
64343.05,0.01046868
64343.05,0.0061452
64343.04,0.17635289
64345.16,1.48299763
64345.15,1.48471628
64372.05,0.18918484
64389.91,0.56034141
64401.94,0.06170699
64414.26,0.32721476
64461.26,0.26257267
64472.36,0.30839674
64465.45,0.30877944
64454.73,0.61420941
64451.26,0.05766051
64452.02,0.00385124
64461.99,0.18721647
64446.19,0.01396623
64446.18,0.22624605
64463.7,0.41612859
64472.69,0.00067462
64472.69,0.00031332
64472.68,0.00130222
64472.69,0.60600397
64454.11,0.02281799
64454.11,0.31795732
64420.03,0.06222109
64420.02,0.01551545
64421.0,0.06609577
64430.43,0.37526115
64429.27,1.1427122
64451.65,0.007712
64451.64,0.01093458
64451.64,0.27982614
64472.84,0.02340467
64455.31,0.00212537
64455.3,0.4084059
64445.33,0.011214
64445.33,0.03146485
64445.33,0.0027088
64445.33,0.05182509
64455.3,0.03184266
64455.3,0.36472726
64464.29,0.01237001
64464.29,0.06017836
64473.9,0.06203368
64453.04,1.0153695
64436.53,0.00056785
64436.54,0.10184978
64445.98,0.05523626
64436.97,0.00303099
64436.96,0.03192518
64441.33,0.00475494
64443.4,0.00376011
64443.4,0.83409919
64452.37,0.05405545
64454.18,0.06129112
64446.71,0.0062639
64446.71,0.00082419
64446.71,0.15061998
64454.17,0.09504162
64447.38,0.00651028
64447.39,0.00730506
64447.38,0.00826289
64447.89,0.3697595
64454.16,0.28025853
64455.78,1.43838485
64449.5,0.05436881
64461.92,0.052514
64489.06,0.0827339
64482.8,0.01367517
64498.23,0.33130724
64501.39,0.00083381
64501.4,0.26175147
64495.85,1.00812339
64475.98,0.00266222
64475.98,0.00193726
64472.55,0.01349032
64472.55,0.00392281
64472.54,0.00778717
64464.42,0.00760538
64447.87,0.18378202
64453.44,0.48057246
64498.47,0.72722525
64490.38,0.00075663
64490.37,0.00236029
64474.3,0.00280056
64458.66,0.03165224
64458.65,0.00330804
64445.94,0.03406532
64438.17,0.00471065
64438.18,0.00384578
64438.17,0.11385886
64424.35,0.01072822
64424.34,0.00503763
64420.43,0.00500962
64416.44,0.0322355
64418.89,0.00871782
64418.89,0.00379051
64418.89,0.01204957
64418.89,1.74887819
64406.45,1.13682088
64390.01,1.14236039
64389.93,1.74775501
64382.96,0.15187793
64387.99,0.00348701
64387.99,0.01416146
64387.99,5.76643891
64385.5,0.42406953
64380.66,0.26375163
64316.17,2.06560659
64326.96,0.15352488
64327.7,0.3041721
64301.45,2.05658867
64303.17,1.45206653
64328.65,0.44532588
64344.23,0.91674631
64331.87,0.62371671
64338.82,0.07475893
64351.67,0.08061495
64349.8,0.66162443
64346.74,0.00097543
64346.74,1.33570305
64375.0,0.050973
64357.61,1.35553156
64326.97,1.22328497
64310.99,0.76471094
64343.96,0.70683743
64329.61,0.32806068
64367.15,0.97878595
64390.0,1.74231278
64490.38,4.52986787
64482.07,1.47716523
64470.41,0.70861218
64418.43,0.09542623
64367.2,0.20794773
64314.08,2.30305263
64410.0,0.52112017
64438.37,0.33159774
64504.76,0.07361924
64492.05,0.4252094
64484.3,0.79810708
64549.58,0.6907836
64603.79,1.33485575
64619.89,2.26576916
64757.09,0.08907158
64673.86,0.89248936
64715.75,0.23584885
64776.67,0.20148093
64765.41,0.5448427
64796.97,0.80291255
64819.43,1.20105242
64755.39,0.41014912
64702.04,0.20628824
64709.83,0.2044139
64703.5,0.2290014
64715.16,0.09183163
64714.68,0.13288245
64744.86,2.159306
64707.93,0.10529977
64718.24,0.0568086
64688.48,0.57457991
64662.71,6.7768749
64705.05,0.09919632
64705.12,0.71967846
64680.79,0.86949634
64684.0,0.41159781
64649.16,0.04124317
64697.65,0.39931251
64736.4,0.19006576
64706.47,0.27628442
64708.01,0.54387766
64713.59,0.47616824
64730.67,0.02431966
64769.72,0.25508072
64700.97,2.96274345
64748.21,0.77758238
64701.37,0.64286769
64708.08,0.64992153
64691.72,1.25149644
64667.53,0.55184417
64660.4,0.12171771
64664.23,0.06680538
64653.66,0.00613218
64661.43,0.01180029
64646.81,0.00267691
64640.85,0.00947169
64652.0,0.02267127
64626.96,1.17990389
64629.74,0.71489493
64552.82,0.16934044
64558.99,0.01224372
64568.53,0.2645421
64532.21,0.02820139
64565.15,0.05401692
64585.04,0.04885149
64598.12,0.02472436
64562.34,0.42200877
64595.0,0.01776806
64622.84,0.81691493
64636.13,0.02714859
64667.48,0.24820876
64655.22,0.01478674
64646.59,0.2767083
64654.63,0.03841368
64616.52,9.93909732
64604.52,0.75855054
64595.76,0.74337388
64641.67,0.00301859
64648.94,0.63097837
64625.96,0.36454325
64617.24,0.63432354
64617.37,0.02261308
64622.49,0.00422028
64642.01,0.11950653
64664.3,0.08055244
64612.68,0.17465604
64629.68,0.07472683
64612.01,0.0109902
64625.84,0.8899806
64623.09,0.43750376
64701.54,0.45417616
64702.75,0.16069215
64705.0,0.09213779
64702.91,0.71855901
64696.25,0.58386958
64634.51,1.67403888
64644.45,0.06359559
64639.57,1.88091994
64602.22,0.09308238
64614.83,0.12495981
64622.97,0.48599829
64654.71,0.03436237
64676.31,0.02038189
64723.68,0.64924226
64677.37,0.01480052
64660.87,0.05528682
64653.06,0.1194693
64656.91,0.47121819
64619.47,0.02688918
64629.69,0.01333136
64662.56,0.02903468
64649.52,0.02537864
64664.53,0.00831271
64640.82,0.01818928
64649.99,0.3388481
64656.41,0.03677534
64677.85,1.39921059
64687.06,0.07051758
64688.7,3.24274033
64616.0,0.73996486
64533.67,0.30013386
64561.91,0.87962403
64550.17,0.04067051
64586.94,1.11468099
64669.81,1.16732088
64745.89,0.85609865
64757.4,0.54338247
64793.2,0.02390221
64774.54,0.88946633
64856.16,1.65898884
64892.04,1.40846666
64883.04,1.76630384
64980.63,6.93812954
64959.75,0.41128696
64993.88,19.74718841
64997.65,0.84729776
65008.01,0.21467343
64955.58,0.22846073
64989.82,10.81941296
64871.99,0.72256141
64837.83,0.52938418
64763.55,0.40877666
64832.0,1.16806203
64871.29,1.28810931
64822.17,0.34544931
64800.96,0.82982852
64845.18,0.41491831
64862.14,0.22742685
64827.25,1.02786964
64787.91,0.50661966
64775.69,0.34541754
64778.53,0.0363796
64750.01,0.84120595
64750.02,0.79592776
64783.78,0.37798749
64811.36,0.48616098
64795.02,0.03027813
64873.14,1.22202824
64847.24,1.35972168
64832.71,1.5436876
64856.52,1.1393806
64832.74,2.58446602
64808.0,0.51078373
64763.0,0.85615828
64729.39,0.35770674
64737.15,0.41652982
64709.9,0.12918927
64682.85,1.35295677
64616.73,1.61487732
64567.37,0.52904785
64486.36,1.67765062
64446.75,0.66648019
64487.11,0.91122896
64537.03,0.12080698
64518.0,0.03032187
64518.34,0.64481331
64528.09,1.30303617
64509.65,0.01574986
64502.63,0.63156633
64517.27,0.85340318
64498.08,0.44922097
64492.53,0.25180857
64533.14,0.11681111
64558.87,0.18037716
64623.6,0.77512397
64637.21,0.51887892
64728.1,2.1841402
64771.75,0.56807546
64951.79,1.57232714
64887.5,0.16385157
64810.01,1.18406815
64783.5,0.02301471
64767.14,0.02285748
64752.42,11.40804176
64770.59,1.3588546
64760.48,0.52006133
64740.72,6.45570407
64692.83,16.00942019
64668.06,0.56091463
64674.21,1.32056245
64665.06,0.23206347
64705.97,0.15837285
64766.91,0.49679959
64810.47,0.08747587
64845.73,0.00884416
64868.97,0.15803541
64871.56,0.47582155
64821.0,0.00434677
64798.5,0.9428284
64824.59,0.89541919
64828.45,0.40059412
64817.5,0.02449443
64802.19,0.78317072
64827.28,0.48713351
64792.4,0.32768549
64810.02,0.13550544
64848.72,0.20986826
64851.48,0.81075119
64836.23,0.02677255
64830.91,0.36555164
64818.13,0.07514085
64723.55,1.08885876
64667.59,0.26640764
64722.98,0.75913655
64696.76,0.25340312
64682.65,0.16245271
64688.68,0.01384702
64718.15,0.08048663
64725.33,0.1469434
64656.16,0.03620521
64566.32,0.05677144
64525.58,0.03552581
64524.12,0.12588368
64479.19,2.46152138
64467.57,0.2882704
64494.75,1.0251007
64540.12,0.00874951
64565.97,0.03546308
64587.39,0.59914797
64670.98,2.94092062
64710.09,0.26246524
64852.31,1.48556054
64778.63,0.79156936
64868.39,0.32240123
64850.45,0.03715185
64847.91,0.06249014
64851.01,0.2326764
64812.75,0.03399108
64871.56,0.13828012
64842.74,0.10189808
64815.5,0.03764316
64844.48,0.2345779
64817.16,0.37358746
64777.68,0.3822024
64746.11,0.14835215
64766.6,0.1377429
64729.1,0.09085805
64694.93,0.88460026
64604.92,0.13540153
64581.89,0.12020055
64591.64,0.0257785
64636.47,0.04194077
64610.69,0.01062346
64629.46,0.40401651
64634.99,2.48691205
64619.0,1.62305461
64629.03,0.61071298
64650.52,0.01028961
64620.34,0.41211662
64678.81,0.20854416
64677.5,0.15029668
64767.98,1.57859458
64743.12,0.17814494
64732.37,0.06514275
64733.69,0.24805375
64764.24,0.79127266
64692.24,0.06143368
64701.99,0.13466535
64702.71,0.12514744
64735.54,0.02571109
64750.55,0.47819288
64828.49,1.27073442
64815.35,0.02443139
64790.51,0.48141238
64828.55,0.03350402
64834.08,0.02838467
64847.06,1.77888069
64906.78,0.82792743
64864.8,0.05895279
64824.11,0.01548281
64816.71,0.00107118
64836.39,0.01864167
64842.67,0.42070562
64823.92,0.14307487
64797.01,0.01244503
64830.63,0.40716536
64782.78,0.00113373
64782.79,0.00023384
64782.78,0.32931451
64815.94,0.09968878
64814.61,0.02864615
64798.48,0.07866494
64836.04,0.16151551
64828.5,0.11834076
64780.4,0.02189627
64760.97,2.71595497
64759.18,0.32947949
64755.9,0.36042725
64781.83,0.15798254
64772.95,2.09918639
64739.13,0.02463441
64755.73,0.1874938
64792.39,0.78340326
64793.51,0.30995932
64809.26,0.1525587
64828.94,0.02531653
64799.27,0.03265584
64762.43,0.14298175
64749.19,0.12191359
64718.22,0.00483823
64710.5,0.13402967
64698.0,0.08150126
64620.51,0.11082505
64681.27,0.33687226
64661.71,0.03081403
64631.31,0.11168091
64618.29,0.11595057
64639.05,0.19524326
64639.0,0.32209528
64656.95,0.1092909
64682.46,0.00050334
64692.37,0.05081013
64688.79,0.06617149
64682.13,0.2158218
64673.71,0.07917907
64717.41,0.00704327
64791.56,0.53744053
64753.27,0.05403195
64766.77,0.05036438
64750.4,0.09107709
64773.74,0.09277151
64826.64,0.5038713
64849.29,0.13157186
64859.27,0.05846601
64829.11,0.64082923
64819.99,0.07465579
64814.6,0.04426373
64822.67,0.03742953
64830.94,0.11227534
64840.08,0.03281544
64837.55,0.01332723
64853.93,0.26067479
64824.51,0.01461499
64809.41,1.04034903
64790.72,0.1031855
64745.43,0.09231586
64746.98,0.07090556
64765.52,1.09135396
64817.31,0.17304117
64787.85,1.69965711
64769.8,0.14154647
64761.53,0.05918946
64758.97,0.07028026
64758.96,0.08954993
64705.77,0.13772925
64700.24,0.04315611
64693.82,0.12942975
64693.82,0.13491251
64700.13,0.09522128
64725.11,0.13431245
64730.67,0.03742594
64688.54,2.08239552
64678.87,0.08351998
64661.85,0.00382725
64656.32,0.00469008
64645.31,0.71462437
64590.56,0.21863691
64609.19,0.04487728
64632.15,0.28467239
64655.9,0.04378077
64625.89,0.58046342
64623.31,0.26622872
64656.91,0.38241705
64668.21,0.11190764
64668.45,0.01837796
64691.58,0.02659457
64728.73,0.46800436
64707.13,0.42972617
64715.73,0.05521284
64677.57,0.2156824
64675.83,0.35762324
64690.43,0.56424984
64711.5,0.33108871
64699.44,0.15234682
64737.07,0.06768154
64727.47,0.43462231
64702.8,0.02592054
64709.41,0.09845682
64716.34,0.01115608
64677.78,0.47178634
64685.3,0.09977476
64711.84,0.10356093
64676.91,0.53009813
64682.52,6.68780102
64638.97,0.1573192
64653.97,0.2637774
64665.58,0.53843285
64669.97,5.14136494
64599.74,2.91113581
64569.24,0.87177177
64561.97,0.02947009
64540.93,0.14834469
64501.15,0.02829829
64489.39,0.05096401
64504.78,1.645498
64530.53,0.51993413
64514.27,0.0014181
64519.46,0.20160666
64492.03,0.24064531
64506.32,0.33651828
64463.32,0.11848949
64445.27,0.18556353
64424.44,0.02951192
64401.35,1.51680132
64390.16,0.0410559
64427.97,0.02439855
64427.62,0.11394943
64406.67,0.18785958
64365.94,0.15468066
64324.0,1.81454691
64279.62,5.22097443
64103.52,2.09171666
64187.83,0.0640222
64194.99,1.87588509
64221.46,1.98757655
64211.31,0.4442928
64226.57,0.01474906
64296.26,0.29007833
64320.14,0.31738442
64310.85,0.17188025
64263.22,4.04035015
64146.81,5.75767677
64122.88,0.3541991
64147.24,0.08953872
64163.56,0.11977841
64166.9,0.71190775
64142.28,0.7305632
64144.09,0.89144119
64135.69,0.56256122
64106.12,0.17690672
64131.58,2.36897045
64168.66,0.92236007
64123.49,0.12094372
64115.84,1.12457287
64095.99,0.8423266
64082.11,0.05226103
64107.05,0.06374149
64153.87,0.26307662
64140.86,0.63504087
64177.06,0.15201378
64141.43,0.1762598
64159.01,0.5785099
64182.24,0.03725214
64158.11,0.3370129
64141.9,0.1665372
64133.54,0.12479489
64150.49,0.07917302
64121.55,0.07876198
64128.98,0.04570078
64107.09,0.0754597
64099.76,0.12963595
64067.1,0.03123185
64080.04,0.10353033
64062.54,0.85871691
64059.13,0.12005216
64078.29,0.33515951
64103.71,0.17807659
64103.71,0.11642588
64078.97,0.16651836
64098.09,0.16783083
64089.24,0.07310893
64055.59,0.00539145
64095.34,0.35186143
64087.98,0.39938488
64035.47,0.20872623
64080.52,0.07021561
64101.2,0.0158169
64118.67,0.01178051
64087.19,0.37356084
64082.63,0.00417414
64087.8,0.00420389
64130.06,0.38032299
64135.44,0.00883172
64136.59,0.48889383
64151.9,0.04105824
64114.25,0.13911682
64123.9,0.01885802
64102.35,0.01375042
64134.09,0.24649591
64153.22,0.1695317
64131.26,0.24814557
64137.63,0.00074728
64133.98,0.45463492
64051.29,0.17494801
64060.79,0.01158193
64068.62,1.21702362
64085.87,0.00750119
64093.97,0.31376297
64081.64,0.14137967
64076.79,0.00493597
64091.11,0.40703787
64056.29,7.02198418
63948.34,1.15273421
63949.19,1.74961997
63919.24,1.40035958
63827.09,4.47569635
63810.16,2.26114922
63891.55,1.10873582
63888.65,3.22104936
63835.67,7.12580631
63819.7,4.231953
63777.95,0.03415389
63749.29,6.93568107
63770.49,1.06769027
63767.34,2.3598868
63778.76,0.61658435
63760.92,2.43795567
63707.86,4.11365472
63812.14,1.99325748
63832.22,0.26719227
63865.98,0.1225869
63843.43,0.05236526
63843.51,0.6827664
63856.87,1.84646552
63873.79,0.02935758
63879.81,0.32975441
63844.45,0.00388704
63833.48,0.12552811
63857.39,0.17771196
63876.28,1.33564964
63927.85,0.00274902
63876.88,1.48417412
63896.61,0.08764794
63922.44,0.20845554
63918.92,0.47535094
63921.46,0.08768765
63939.46,0.10745007
63943.8,0.10900119
63921.12,0.13740558
63911.14,0.05946554
63900.01,0.46601692
63900.02,0.95825143
63914.28,0.23721327
63912.03,0.08840136
63919.51,0.081403
63911.38,0.18635923
63845.06,0.44315056
63866.04,20.4826254
63904.16,0.75076405
63893.3,0.89418842
63869.98,1.40887457
63983.05,0.1880694
63990.37,2.73469424
64025.37,0.22652811
64034.0,0.25775371
64024.33,0.22010122
64057.69,0.26833069
64067.16,0.30543791
64075.2,0.29352818
64080.35,2.91113947
64076.95,0.1374293
64076.81,0.41171869
64106.7,0.57374588
64127.31,0.21818911
64086.95,0.26904441
64080.39,0.14823907
64077.68,0.22615416
64079.87,0.11907662
64059.98,0.69392639
64081.83,0.51187316
64069.77,0.31140227
64091.8,0.22748969
64118.24,1.48745864
64148.36,1.89172445
64187.59,0.25093265
64155.5,1.07234441
64139.53,0.00094424
64139.52,0.518196
64155.5,0.04801253
64155.47,1.47791524
64155.47,0.23396933
64185.38,0.92892412
64236.81,0.26185193
64212.92,0.52051361
64185.8,0.21089014
64196.78,0.03458809
64194.28,0.47882082
64197.34,13.70685822
64223.8,0.05527439
64218.48,0.53516573
64238.15,0.77249689
64239.96,1.879075
64286.63,1.03254942
64241.25,0.55790039
64190.35,0.1888486
64182.9,0.18717086
64177.47,0.28005493
64194.7,0.00074943
64194.71,0.01574327
64182.25,0.0203978
64184.96,0.2051695
64194.71,0.08384671
64235.28,0.86723837
64236.65,1.43321626
64249.23,0.07779147
64288.9,0.26662145
64226.21,0.19919053
64241.7,0.23289491
64233.9,0.01419313
64195.23,0.18379038
64189.58,0.28554175
64186.43,0.64546349
64174.04,0.26274602
64192.63,0.07563436
64182.92,0.38024161
64172.53,0.48126967
64174.9,0.18149308
64174.89,0.93366577
64180.25,0.20634292
64187.54,0.02084647
64177.06,0.03701841
64179.79,0.35064835
64177.06,14.85093269
64143.17,2.63332079
64149.71,23.05761491
64023.3,12.30903547
63843.07,19.54029128
63905.96,0.14526677
63918.0,0.00926303
63918.01,2.95298017
63917.86,1.41044566
63927.54,0.46060047
63909.62,0.60267793
63867.31,1.64090546
63927.26,0.05355701
63942.45,1.24568331
63978.22,0.06139135
63977.48,0.3717254
63997.33,0.79501124
64021.81,0.33498103
64010.69,6.14942252
63992.49,16.78256588
63967.88,0.3833225
63957.02,0.0823267
63970.45,0.87867691
63963.98,0.74020261
63949.78,0.7133707
63963.12,0.32124506
63990.51,0.12304942
63999.62,0.09932588
63990.49,1.77786456
64000.25,0.05296123
63977.88,0.00872282
63977.89,0.01586301
63959.55,0.0349219
63964.0,1.7736679
63963.98,0.14554276
63987.66,0.84083876
63964.8,0.06463755
63996.5,0.27584615
64011.22,0.08813002
64034.47,0.61316077
64034.47,0.53807849
64040.89,0.38551464
64065.14,0.25267209
64107.27,0.0296516
64098.61,0.00671394
64073.41,0.0357017
64027.13,0.27157451
64050.8,0.11234309
64087.64,0.28842933
64095.08,0.25008002
64103.76,0.36061698
64094.44,0.11700195
64120.59,0.16416115
64128.39,0.14608545
64128.39,0.03586954
64128.39,0.02055055
64128.39,0.11906741
64145.43,0.00282162
64145.44,0.8180436
64156.2,0.07077594
64185.45,0.06912155
64178.88,0.08583383
64189.08,0.07477962
64183.91,0.0780988
64160.24,0.04711156
64145.44,0.08065243
64161.43,0.56841805
64164.27,0.06762554
64176.05,0.11003517
64181.1,0.04438955
64172.95,0.00387699
64172.96,0.16420011
64181.06,0.01980646
64190.42,0.0091529
64190.42,0.16297415
64202.22,0.05321248
64180.26,1.16482234
64183.91,0.24763862
64213.37,4.52770172
64194.6,0.00206807
64192.98,1.83048534
64180.36,0.17418814
64160.67,0.5718101
64160.66,0.019806
64149.51,0.00844858
64154.82,0.01753772
64135.82,0.34716465
64134.34,1.36909045
64113.33,0.28963146
64155.96,0.34546396
64144.79,0.13521553
64153.04,0.1550736
64153.04,0.12579177
64138.64,0.37619954
64135.91,0.16089703
64153.08,0.0802811
64157.39,0.75888036
64187.65,0.01950914
64179.68,0.32823834
64191.35,0.17601708
64217.02,0.02086746
64217.02,0.13509855
64199.02,0.20777755
64214.16,0.21912718
64200.36,0.02185219
64203.17,0.54837661
64201.64,0.28518699
64236.13,0.33633953
64219.19,2.35599897
64287.22,0.29663405
64287.23,1.28559349
64333.51,0.87543178
64288.01,0.92293433
64304.35,0.24895173
64296.2,0.07963089
64293.1,0.00215979
64290.15,1.28603919
64257.79,2.78211568
64218.2,0.27042428
64221.74,0.19134991
64234.46,0.31492448
64220.36,0.03320453
64208.18,0.44617292
64241.84,0.65342019
64228.19,0.09930526
64214.14,0.01409167
64214.14,0.01736306
64200.38,0.1613965
64226.65,0.07865244
64236.74,0.05885758
64217.32,0.28888223
64259.87,0.0846998
64248.66,0.37296713
64259.92,0.01931027
64259.91,0.79654307
64277.07,0.04592161
64275.1,0.04001672
64271.93,0.21139393
64247.95,0.37170637
64254.31,0.3499721
64279.45,0.0572429
64279.45,0.28504135
64277.05,0.04101496
64268.74,0.69054389
64256.65,0.1966146
64235.52,0.30033828
64239.39,0.24334932
64261.31,0.30361409
64263.51,0.09831448
64236.49,1.59900375
64237.97,4.0057038
64267.15,1.00012476
64338.76,0.05768425
64357.95,1.62803875
64329.86,0.09006504
64370.44,0.03288295
64372.19,0.11299607
64354.91,1.26230381
64357.91,0.2026502
64349.97,0.05289232
64337.79,0.16920987
64322.74,0.19901997
64293.12,0.05564665
64295.89,0.10922684
64290.35,0.00819652
64280.6,0.0314512
64282.54,0.00179377
64280.62,2.2641811
64271.48,0.00403755
64263.24,0.04813632
64265.08,0.23035304
64250.94,0.27153907
64282.19,0.1818177
64274.54,0.09031305
64282.14,0.22339927
64293.57,0.01864382
64284.01,8.39237259
64388.49,0.32593161
64434.84,5.2460403
64696.49,1.55685305
64605.67,1.20084498
64746.04,1.07310909
64741.1,0.83959524
64781.65,0.10490955
64822.67,0.39461938
64836.2,1.45191787
64806.62,1.06143638
64833.13,3.19560167
64781.23,1.23302897
64834.88,1.96484791
64793.51,1.45905995
64766.9,0.7082392
64775.51,0.65436878
64882.63,1.58574467
64908.87,0.74306368
64868.69,1.0401587
64889.87,10.57492451
64853.13,2.27065802
64880.78,1.95913899
64901.3,0.81293598
64905.37,1.149016
64903.71,0.09195242
64889.09,6.18763416
64896.96,1.90522105
64977.03,0.12135753
64974.44,0.50984242
64940.03,1.0447089
64899.94,2.3941229
64906.42,7.17205841
64751.81,4.83220341
64664.76,0.44849659
64738.94,5.73277398
64776.88,1.45617296
64774.4,0.1441982
64782.35,0.48366171
64786.2,0.246065
64801.36,3.45252507
64748.99,0.63843827
64713.76,0.04757701
64685.77,0.17152076
64671.66,0.12671795
64687.02,0.58051051
64734.68,0.4647002
64734.67,0.20501676
64693.51,0.08526973
64660.69,0.37731753
64630.52,2.04027626
64644.56,0.11463539
64664.07,0.04100773
64660.06,0.08296231
64660.06,0.15851211
64643.54,0.15475255
64622.31,0.60038172
64638.24,0.88938863
64653.99,0.09352204
64664.1,0.09342732
64640.77,2.64373679
64634.6,0.91056369
64651.81,0.16181232
64609.75,0.61551467
64592.99,2.30262221
64646.98,0.1624868
64677.47,0.10311747
64651.12,0.9371205
64655.78,0.92358321
64655.81,0.04976762
64620.25,0.02363383
64616.16,0.11820735
64629.74,0.03029213
64599.8,0.16595938
64598.02,0.48565913
64546.05,4.65993523
64633.35,0.06075249
64635.59,0.25892253
64610.22,0.1528625
64635.53,1.36047917
64659.97,0.07388328
64661.43,0.03105159
64653.12,0.12218056
64634.41,0.53444287
64604.4,0.09085853
64598.3,0.11126279
64597.03,2.2821751
64576.74,0.31667921
64581.9,0.07012898
64568.86,0.29469441
64586.16,0.15176851
64614.25,0.12060683
64599.94,0.55798588
64566.13,0.16606978
64589.16,0.00212746
64581.16,0.14823841
64599.47,0.00957464
64599.47,0.15661086
64621.77,1.22917972
64647.46,0.23674388
64671.0,0.05404347
64640.5,0.11474559
64676.64,5.05494654
64662.86,0.06708398
64641.25,0.05535015
64629.04,0.37043481
64641.41,0.10693232
64637.86,0.35469828
64649.74,0.02462016
64659.17,4.82271284
64649.56,0.27862027
64648.82,0.06743442
64646.83,0.71938612
64627.14,2.0779441
64590.33,0.11496632
64572.64,2.08300414
64507.24,1.10917477
64513.44,0.31660913
64484.38,0.21479226
64494.19,1.25460719
64494.26,1.62554971
64550.65,0.76674105
64450.84,2.00242852
64492.46,0.41170113
64611.99,0.32099437
64625.25,1.86357303
64624.1,3.20791027
64574.36,3.271817
64632.58,0.23206774
64595.84,0.29266488
64606.61,0.99731874
64539.3,0.78856653
64585.98,1.38757878
64611.07,1.53638458
64599.8,0.6044098
64588.44,0.24706873
64500.49,1.23005602
64460.46,3.39245745
64514.9,0.63046681
64553.99,0.18805824
64660.92,0.29140494
64569.58,3.93081912
64597.09,16.32266304
64480.7,18.86971928
64333.74,9.12487866
64275.63,2.74887945
64225.62,1.73202943
64251.73,5.24692759
64179.01,0.429282
64202.43,0.20886459
64274.21,1.1816017
64264.4,0.18071234
64296.59,1.08032459
64353.68,0.16394428
64390.69,0.15880179
64363.46,2.46186423
64377.58,0.33638461
64371.41,1.63952616
64366.26,0.76849096
64319.11,2.25879709
64399.89,2.11085829
64337.39,0.10453498
64328.31,0.41675418
64273.51,5.17156469
64322.13,1.72064075
64257.02,0.81774677
64273.64,0.46044258
64203.41,4.31830729
64129.56,0.98621321
64160.32,7.42676267
64183.16,1.35563721
64169.54,1.72584374
64070.34,0.95169234
64123.21,0.92339744
64202.7,0.74984811
64276.05,0.2244871
64298.96,0.16829748
64322.39,2.60354417
64343.11,4.70799676
64348.88,0.22516816
64403.57,1.01371726
64456.59,2.1465955
64457.26,0.13636472
64407.2,0.22746239
64364.64,0.11092589
64382.09,0.16247972
64371.88,0.16875628
64324.36,3.41094104
64293.96,0.27325114
64307.31,0.22178032
64343.92,0.19598706
64390.69,0.12216136
64354.81,0.27779587
64383.02,0.14982449
64337.89,0.84730036
64360.96,1.1885825
64410.39,3.19684154
64448.87,0.28820734
64390.0,0.97653866
64330.39,0.12244411
64265.29,0.2137768
64293.94,1.66537684
64299.93,0.10254104
64293.03,0.67076903
64250.37,1.62227965
64278.81,0.09061928
64331.43,3.86481806
64310.14,0.18266601
64284.99,0.91157085
64312.72,4.72288461
64365.4,4.69093582
64380.12,1.49241302
64431.19,0.41590952
64453.4,0.61125748
64476.53,1.04931713
64538.68,2.71688314
64472.25,0.1936449
64551.37,0.31387632
64595.05,2.07501578
64690.86,0.30231989
64739.67,1.44949153
64748.3,1.19168814
64775.87,0.77540304
64847.79,0.52556326
64890.47,6.80895155
64902.91,0.398337
64885.17,2.35246335
64900.79,0.28611258
64869.67,2.04096684
64902.84,4.25112018
64927.4,6.04620703
64898.62,0.11445084
64886.95,0.13621045
64868.95,1.2954684
64848.28,0.4721622
64889.1,1.52598356
64870.17,0.3779569
64882.79,1.05499941
64859.89,0.54041156
64845.91,0.62776722
64888.53,3.49567534
64915.02,1.00382994
64874.0,0.23921052
64824.47,5.50334656
64780.95,13.11385284
64790.08,1.80418749
64757.78,0.29065525
64764.36,2.20667144
64766.53,0.39206545
64799.86,2.27731427
64813.92,3.12269079
64900.46,4.0469364
64910.61,3.87290116
64972.85,14.96294555
65150.0,12.90178065
65189.92,4.8284555
65236.16,2.63350934
65356.7,1.90606038
65299.48,0.65972739
65279.51,1.44849287
65269.4,1.09424032
65263.22,6.36205133
65293.35,8.73079506
65417.87,3.47082088
65404.57,10.97433082
65473.99,3.59380531
65517.4,2.2456267
65527.54,1.37761239
65551.0,5.94262456
65484.18,0.35278201
65544.59,3.36569995
65512.82,0.16673611
65464.95,1.22907954
65461.13,2.63413436
65555.28,0.33846097
65486.99,3.36485588
65418.16,1.27283588
65382.5,0.11147003
65396.29,0.87825213
65389.89,0.04928258
65444.07,0.48811118
65487.59,0.58684373
65507.62,0.08984126
65508.15,0.36523631
65516.81,0.20192366
65504.97,1.6239585
65445.79,0.9628678
65478.02,0.7867177
65438.06,0.04545367
65390.23,0.99391344
65393.16,0.31426362
65435.4,0.09410125
65413.59,0.12442109
65389.54,0.09151458
65405.05,1.07217705
65427.42,0.94820238
65363.48,1.02632551
65364.01,0.10909536
65344.68,1.14600994
65344.69,0.60569563
65390.87,0.70838516
65418.51,0.39070756
65403.21,0.06863462
65381.89,1.82063329
65347.03,0.31294083
65389.8,0.12878145
65400.47,1.55270424
65373.29,0.09618899
65404.97,0.10050882
65396.74,0.02456568
65415.76,3.73804557
65472.64,23.45536595
65355.32,0.83454259
65356.82,0.4506955
65385.39,2.84890239
65331.25,1.55832516
65381.9,0.70824426
65457.09,0.47716908
65399.17,0.38306237
65392.45,0.07527085
65402.79,2.60361969
65388.21,0.50683236
65373.85,5.05771444
65412.46,0.07697607
65423.27,3.14543546
65362.2,0.71435173
65344.63,0.574082
65320.91,1.74694391
65395.87,3.47616779
65427.45,0.21654272
65441.55,0.06814456
65463.28,0.49715436
65454.01,0.28683188
65423.44,0.11171664
65404.56,0.96965909
65397.98,0.05630736
65415.46,1.70589659
65460.94,0.58121923
65469.98,0.07662927
65421.46,2.94887603
65476.65,0.06621345
65415.94,0.5957357
65446.8,0.02967433
65434.61,3.57445273
65490.19,0.59518403
65433.04,4.59903881
65393.46,0.23302435
65403.06,0.81496546
65442.21,0.10979907
65431.69,0.12620895
65438.88,0.10821194
65429.34,0.20071393
65455.82,0.14725789
65440.58,1.17356435
65432.65,0.48503567
65420.22,6.79703173
65430.16,0.09596319
65462.15,0.3189439
65422.11,0.75693049
65434.17,0.07313368
65456.67,1.75715184
65420.88,0.90652213
65416.29,0.90276172
65413.55,0.21031648
65400.03,0.83015932
65359.03,0.39853247
65368.62,0.15839452
65366.23,0.41934498
65385.99,2.16163501
65374.4,0.037112
65351.57,0.33503552
65328.74,1.1273701
65338.29,1.32655344
65338.31,0.78005379
65323.51,1.55224075
65305.44,1.20099337
65368.95,0.00970781
65349.77,0.15836951
65365.86,0.12026815
65393.92,0.19284866
65423.5,0.0226414
65415.14,0.28973859
65463.45,1.43998031
65458.66,1.03425521
65472.07,2.8255451
65524.0,0.00471049
65503.23,1.54631103
65502.45,2.60707858
65551.89,10.0110432
65544.9,0.01780012
65532.84,3.06907109
65572.51,4.29277025
65632.04,1.65319351
65637.08,0.26926505
65577.63,0.05778421
65573.74,0.28286668
65556.63,0.07877042
65552.13,0.29660459
65549.29,0.0375997
65541.81,1.14835555
65541.42,0.20137918
65541.9,0.11018351
65551.75,8.42912484
65708.78,0.87154689
65747.46,0.0431968
65694.47,1.48570055
65683.56,0.28691996
65698.99,1.63529617
65693.63,0.27103138
65631.51,0.09341105
65619.46,0.4461723
65603.82,4.73997017
65604.84,0.14540054
65571.73,0.20313646
65532.47,1.0424386
65532.47,19.10753958
65555.92,0.73880911
65558.37,0.33840853
65535.42,0.21713577
65527.64,0.46137645
65537.98,0.37434149
65441.1,0.22604894
65463.34,0.37994338
65465.07,0.21656727
65432.15,0.76444199
65444.64,0.05737136
65444.29,0.12935967
65477.21,0.00870009
65465.7,1.24968373
65430.73,0.27352915
65432.76,0.05060209
65393.34,2.30675454
65374.21,1.04599279
65381.02,0.15478853
65322.35,0.39179529
65294.89,0.21004647
65230.02,0.19791406
65259.15,1.29561639
65245.74,0.24472346
65252.32,2.26668419
65238.09,2.77328245
65236.92,14.06188183
65222.4,0.78847729
65249.2,20.63652546
65201.12,13.86051873
65177.58,1.38471833
65181.35,2.07082541
65187.81,0.84167313
65170.91,0.94081062
65168.42,0.41790223
65197.02,0.77687765
65207.32,1.77610678
65218.29,0.29124162
65155.0,0.3162519
65121.17,1.108219
65135.94,1.75307499
65142.81,0.89898079
65181.59,0.57985643
65170.06,0.50205287
65174.92,0.5009002
65176.89,0.31338281
65180.36,0.35328141
65143.58,0.19523865
65108.17,0.1621338
65098.03,1.41403256
65056.12,4.28563813
65117.16,0.82177814
65122.12,0.46581008
65132.11,0.03289228
65143.19,0.22066864
65113.02,0.40379519
65093.54,0.25535275
65077.98,0.73727201
65093.17,0.59147696
65100.73,0.72050488
65087.48,0.27924006
65051.96,0.16241562
65046.69,0.34906624
65022.95,0.93594304
65045.5,9.91689517
65114.27,0.53121472
65047.74,0.98211953
65051.7,0.09506193
65064.08,1.18030523
65013.64,0.70053434
65036.84,0.12056299
65021.29,0.48612045
65013.23,1.09368079
65013.23,7.72698008
65076.43,4.13943738
65073.33,2.7987414
65103.91,0.94134011
65101.32,3.20984307
65063.46,0.8560617
65061.07,0.2834698
65060.83,4.27927383
65069.27,2.39320068
65059.46,0.10996559
65046.66,1.69814603
65087.34,0.29635326
65097.72,6.02342961
65062.58,0.40775242
65054.89,6.53605538
65082.37,0.66032296
65104.01,0.73385526
65127.2,0.86296541
65110.01,0.23685507
65114.55,0.11038666
65103.05,0.42594136
65097.16,3.04602847
65095.79,1.51260574
65095.45,1.02853816
65056.11,0.45707752
65038.22,0.13058216
65009.2,0.73040774
65033.88,2.37645848
65066.58,2.07901729
65088.13,6.76694129
65103.21,0.29204302
65088.58,1.35353431
65094.42,0.15289198
65080.51,0.20491423
65110.44,1.29945451
65176.66,0.99830564
65176.66,0.20031739
65176.33,0.60165494
65164.08,1.46602236
65193.37,0.18580366
65181.58,0.2480512
65187.92,0.08133468
65216.43,2.60964581
65267.25,0.33927103
65240.15,0.17403781
65268.07,1.46678501
65252.96,0.00723903
65252.97,0.6740245
65267.21,1.82855787
65206.79,0.18443438
65218.1,0.98060605
65241.15,0.12843498
65237.76,0.04213056
65230.75,0.12918257
65274.3,0.43672451
65334.03,0.1129932
65363.0,0.38523708
65368.29,0.87678454
65348.2,0.04652135
65348.2,0.11883304
65348.21,1.76865813
65342.6,0.43364496
65299.58,0.33216373
65293.95,0.4016931
65266.2,0.06909637
65266.2,0.30812007
65244.78,0.32392215
65264.11,0.06488842
65275.47,0.04976149
65277.78,0.63987402
65281.9,1.23557415
65306.0,1.36066334
65306.02,0.86331508
65306.01,8.32091812
65273.28,0.78283341
65276.12,4.69645935
65278.3,0.53795489
65321.66,0.29863103
65317.97,0.34828857
65313.61,0.35660774
65312.96,0.36642457
65314.9,0.24778181
65318.33,1.71723844
65279.79,0.05815677
65284.91,0.25898861
65283.5,0.00448801
65281.5,0.10598531
65293.47,0.3108169
65301.37,0.07346277
65282.38,0.00025479
65267.3,2.64703028
65258.52,0.19153967
65277.92,1.0691781
65300.74,2.61025484
65301.35,0.44002593
65291.24,2.61995511
65282.24,0.00177096
65274.96,0.02486447
65282.24,0.43393264
65292.81,0.00043469
65292.81,0.11931358
65269.11,0.07364561
65274.73,0.09831126
65292.56,0.05268255
65301.96,0.00327139
65295.12,0.39148101
65285.76,0.00056005
65284.6,1.37179893
65279.01,0.06519136
65277.75,0.00141693
65277.75,0.01668413
65260.83,0.00769067
65260.83,2.48200698
65292.01,0.40564915
65305.22,1.12442647
65367.63,0.03412726
65362.3,0.19290817
65386.43,0.0938817
65396.16,1.18209586
65388.82,0.03266177
65396.71,0.6463091
65363.56,0.34084079
65338.41,0.09429205
65332.06,0.07694604
65325.0,0.15683772
65327.92,1.1225906
65317.85,0.03412389
65314.37,0.65661868
65303.06,0.06931868
65311.72,0.17103079
65300.67,0.01502178
65280.56,0.02980701
65275.48,0.00516395
65265.0,0.32553685
65261.11,0.02094988
65261.1,0.05146922
65257.0,0.02303123
65260.47,0.02492153
65260.78,0.20316305
65244.83,0.00954992
65237.0,0.36359784
65251.14,1.81300815
65244.41,3.36551574
65178.42,0.86098923
65154.72,1.2528871
65143.37,0.13977907
65136.72,0.39692053
65125.28,0.26506036
65114.62,0.06799728
65129.25,0.08022871
65144.38,0.09849369
65147.11,0.1295606
65165.13,0.44148249
65159.72,1.40891701
65150.02,0.08612943
65154.0,1.94944308
65154.0,0.14128758
65154.9,0.34497645
65149.67,0.31524404
65141.07,0.43082515
65121.26,1.1617007
65131.99,0.11807746
65154.99,0.2483597
65169.44,0.08823872
65174.99,0.56675595
65167.38,0.1488448
65167.57,0.06879563
65175.0,0.08524614
65183.0,1.07173231
65208.31,0.28442397
65186.66,0.02291329
65177.09,0.11437254
65173.27,0.12640858
65186.65,0.25160255
65177.37,0.19682843
65163.64,0.01459451
65151.43,1.77578847
65069.01,1.02724107
65080.04,0.06445608
65101.92,0.06990443
65085.58,0.07388316
65085.58,0.13347587
65094.45,0.63761123
65063.79,0.47817937
65053.59,0.07114592
65074.95,0.06051809
65074.94,0.0958621
65083.11,0.43830797
65097.48,0.08014349
65088.21,0.08834506
65095.51,0.0418016
65097.46,0.01049244
65097.48,0.01501116
65097.47,0.02572807
65087.76,0.71284832
65094.68,0.10917709
65083.53,0.06219406
65083.52,0.2566602
65083.09,0.14588313
65109.6,0.13338026
65099.79,0.04209696
65099.78,0.06015162
65099.79,0.00972062
65090.86,0.02212718
65098.55,0.08813106
65108.44,0.54473033
65119.67,0.07160915
65126.61,0.14904352
65141.7,0.08227944
65146.3,0.18716868
65156.33,0.03776983
65167.61,0.00983303
65167.62,0.79308873
65147.86,3.4035259
65137.7,0.21462597
65112.88,0.00202246
65101.79,0.93081739
65116.48,0.23017587
65154.17,0.2970344
65185.6,0.34825903
65202.86,0.07545062
65211.1,0.14782672
65206.85,0.02735374
65185.02,0.16495535
65162.67,0.22282096
65186.58,0.04119963
65186.57,0.60483542
65179.53,0.37900755
65170.72,0.20269343
65165.14,1.42566738
65173.91,0.08961219
65183.48,0.05126613
65196.72,0.40396788
65201.72,0.00227196
65212.19,0.01707574
65212.18,0.10558132
65212.19,0.00345962
65212.17,0.16052756
65212.18,0.4567429
65197.91,0.00590052
65197.9,0.107965
65193.99,0.18617923
65177.82,0.53154781
65169.62,0.00451852
65167.38,0.10732827
65180.74,0.36159973
65180.48,0.00658995
65180.47,0.19735131
65183.69,0.08998498
65193.14,0.08654758
65209.78,0.01845787
65213.51,0.21257002
65191.67,0.22363618
65164.52,0.01873336
65143.93,0.01116505
65138.98,0.08671061
65133.96,0.12667569
65149.4,2.64250138
65223.17,0.02577025
65198.58,0.36209979
65189.83,0.15580111
65224.44,0.33113008
65212.6,0.36921584
65140.45,1.40297847
65137.53,0.85743261
65148.12,0.71719964
65139.7,0.11065032
65196.68,0.2998261
65158.76,2.86984945
65160.73,0.13936287
65131.71,0.05020214
65139.65,0.10651731
65161.56,0.03304106
65129.77,0.03206849
65129.78,0.54646413
65185.51,0.10620914
65194.9,0.42806568
65145.01,1.906362
65108.55,0.26662855
65170.65,0.2959273
65190.6,0.55628963
65221.95,0.15956639
65305.3,0.10823607
65283.28,0.11933984
65321.13,0.48570554
65296.82,0.62114574
65320.61,0.79947824
65383.56,0.01388194
65359.03,0.11848096
65329.77,0.20169597
65368.18,0.01544154
65327.51,0.13740206
65317.54,0.19535702
65336.49,1.82961963
65380.02,0.41450102
65354.39,0.31479169
65363.27,0.0542537
65372.28,0.09037044
65341.75,0.65068596
65341.41,0.06714184
65380.35,0.04864112
65358.37,0.91675734
65407.3,0.07909664
65456.68,0.21040769
65457.33,1.17717475
65495.87,0.21009866
65441.79,0.13948549
65452.06,0.23840691
65448.0,0.08204959
65486.08,0.07111872
65469.09,0.08713656
65477.89,0.05657395
65486.21,0.07942059
65493.75,0.8227697
65509.12,0.2505222
65466.05,0.05826089
65459.56,0.7353782
65513.45,1.10691807
65464.54,0.14188418
65512.11,0.07463785
65525.69,0.32438047
65532.85,0.00650655
65523.47,0.21654748
65508.13,0.06186371
65475.09,0.24235335
65453.95,0.03538704
65478.04,0.08225954
65499.99,0.07065407
65497.79,3.56311378
65538.27,0.17103401
65543.34,0.39123816
65556.81,0.36761405
65594.75,0.08057351
65579.52,0.06254319
65522.16,0.84562542
65529.97,0.0302407
65520.98,0.67174561
65504.93,0.45513812
65482.0,0.00618749
65474.27,0.87075706
65431.03,0.08284971
65408.25,3.58435913
65436.15,2.16989243
65428.88,0.27471723
65423.89,0.43044233
65435.1,0.38773488
65422.81,0.56734615
65416.87,0.42623865
65423.15,0.8364661
65422.52,0.05031078
65431.86,0.98632023
65431.69,0.11050648
65403.4,1.77104305
65339.78,0.57716682
65322.47,0.09774277
65365.38,0.07111998
65376.21,1.85053815
65416.62,0.37259834
65391.13,0.10270491
65419.41,0.00718031
65431.02,0.00569871
65423.87,0.20884529
65346.27,0.12396254
65334.67,0.09628234
65318.2,0.16307465
65309.58,0.27282079
65285.11,1.65493279
65303.49,0.54378226
65280.05,0.10033409
65272.49,0.16886664
65270.84,0.10731681
65276.85,0.05777125
65249.01,0.07733841
65261.16,0.15723591
65239.88,0.2556025
65240.88,0.00345379
65232.82,0.10571839
65240.86,0.31219111
65219.11,0.43238142
65195.26,0.07999206
65199.98,0.18413783
65199.97,0.19563907
65198.36,0.27396648
65205.22,0.14615098
65233.85,0.08349816
65258.25,0.50096433
65281.18,0.7891189
65287.38,0.14131057
65342.6,0.05022101
65368.67,0.47967719
65333.1,0.00634709
65317.47,2.65086012
65255.77,0.20154597
65217.72,0.5748979
65252.36,0.00752305
65227.29,0.35195327
65224.93,1.53386493
65242.24,1.44001491
65168.94,0.18875045
65176.78,0.08563644
65167.81,0.19539894
65156.19,0.02936417
65132.59,0.05670087
65138.31,1.1217934
65181.24,0.34768454
65196.17,0.03719579
65232.66,0.16166248
65268.11,0.03417266
65248.87,0.41073205
65208.82,0.1081767
65208.97,0.18095986
65215.34,0.0286698
65226.07,0.08473467
65238.92,0.0776957
65276.42,0.79463292
65279.06,0.00068582
65279.06,0.44487769
65306.9,0.40503961
65286.73,0.57877707
65314.88,0.39513781
65306.19,0.15705426
65292.0,0.46636559
65290.04,0.27326119
65276.18,0.01162715
65252.05,0.38730716
65272.67,0.61019742
65308.63,0.22651144
65307.27,0.14072607
65299.0,0.02879533
65303.97,0.32322153
65268.09,1.96064421
65277.08,0.07845911
65284.76,0.08803004
65302.6,0.12291101
65309.17,0.24833498
65296.82,0.14797241
65310.46,4.7200553
65343.72,1.80568039
65439.45,0.03619454
65435.1,0.99423635
65393.06,0.35701992
65379.5,0.72136439
65368.72,0.70193466
65392.98,0.85633635
65377.05,0.68526731
65426.17,0.16763534
65406.09,2.5771276
65381.5,0.25997037
65406.0,0.40080282
65419.34,0.60669133
65479.19,0.74764677
65418.35,0.21574386
65409.91,0.30745003
65429.42,0.17483769
65403.1,0.07794767
65427.01,0.07556302
65455.58,0.07112813
65440.94,0.18948203
65469.26,0.04408923
65412.71,0.14243141
65398.31,7.56677519
65423.15,0.28356135
65410.44,0.47654941
65452.17,0.22314075
65426.34,0.00016951
65426.34,5.33897642
65401.47,0.44191131
65435.95,0.05654761
65428.74,0.09892449
65422.67,0.1943445
65441.08,0.18993468
65433.96,0.14284891
65441.03,0.03813303
65426.3,0.22320183
65414.0,0.08030487
65411.08,0.16540522
65429.35,0.49940713
65446.13,0.5749307
65446.78,0.02281199
65447.01,0.12436062
65452.32,1.00015427
65457.67,0.10756164
65477.59,0.14280144
65481.62,0.38242704
65485.15,0.02224182
65478.21,0.35095643
65447.42,5.18136304
65486.1,2.74450904
65449.51,0.09725157
65452.83,0.00408051
65444.75,0.07557952
65457.99,0.21808996
65425.31,0.1630659
65419.13,0.90605158
65488.49,0.08560308
65473.42,0.11613644
65486.76,0.84957796
65496.53,0.25209223
65485.24,0.01208429
65483.84,0.0679379
65483.85,1.72935646
65538.8,0.71077201
65526.17,0.28583197
65492.55,2.16970401
65538.13,0.48934443
65565.33,0.29431186
65594.27,0.26144683
65644.99,0.16204388
65648.08,1.61484711
65661.02,0.02800361
65669.39,0.0947562
65682.41,0.87493671
65613.96,0.11970697
65592.82,0.17978251
65568.4,0.6030411
65556.41,0.0753461
65551.51,0.17133718
65557.02,0.07866947
65547.95,0.01101894
65530.86,0.00842998
65526.23,0.1492053
65552.0,0.04373797
65574.26,0.06930039
65584.41,0.10634999
65606.48,0.69671589
65532.52,0.39189871
65536.01,0.0064678
65512.83,0.79385464
65516.68,0.27296636
65491.34,0.04552255
65481.3,0.00248552
65481.29,0.28505322
65464.75,0.50704607
65460.82,0.1661921
65466.92,0.04894251
65484.71,0.63364816
65495.73,0.07800584
65487.53,0.15036511
65465.54,0.5350593
65484.34,0.04649736
65518.28,0.0899051
65523.33,0.4321884
65495.24,0.25265118
65478.88,3.44520761
65475.94,0.05116424
65502.2,0.1130979
65500.13,0.33773197
65497.81,1.04353671
65479.01,0.05137428
65488.44,0.68460529
65490.93,0.03516862
65490.93,0.32569839
65456.71,0.21038351
65476.91,0.03125104
65456.05,0.02634112
65468.17,0.11182732
65446.29,0.30801879
65459.8,0.00342446
65436.29,0.08916447
65464.6,0.15282482
65475.22,0.23285667
65480.87,0.47709697
65474.6,0.08218967
65461.53,0.12075895
65484.54,0.18247561
65468.43,1.21634926
65475.0,0.06304241
65498.77,1.6460075
65441.67,0.1207811
65496.38,0.21256332
65494.46,0.13363406
65498.79,0.29065829
65490.52,0.27669036
65485.2,0.06426792
65475.53,0.05931822
65477.26,0.08656275
65477.24,1.59084307
65491.52,0.02428797
65478.76,0.35501323
65445.15,0.11524755
65486.99,0.49615328
65476.05,0.28073147
65453.37,0.02994986
65464.66,0.17663995
65476.79,0.10907362
65507.95,0.12286448
65512.86,0.21669104
65553.46,0.01552781
65554.07,0.25421515
65604.38,0.15934863
65581.4,0.05436048
65575.97,1.45525731
65554.01,0.66742463
65560.2,0.14174227
65530.83,0.45643459
65530.84,0.30791251
65530.83,0.06854094
65541.86,0.18100846
65545.06,0.02220789
65546.71,0.08005616
65554.6,0.03690797
65517.99,0.58809078
65525.56,0.09738762
65553.89,0.44521641
65595.25,0.32770924
65635.99,0.02826706
65587.33,0.84502915
65603.02,0.68066453
65591.81,0.29902278
65625.19,0.07482182
65649.73,1.68200472
65842.28,2.52384968
65765.01,2.52384924
65693.12,2.01098157
65678.7,0.13738858
65731.92,0.46035465
65712.16,0.05826531
65703.76,0.01127346
65692.79,0.00128628
65673.74,0.10247839
65681.35,0.16811331
65684.84,0.32096447
65704.76,0.29805216
65710.45,0.45268199
65774.96,0.28605306
65746.03,0.25507159
65741.31,0.06599003
65719.68,2.14614297
65712.52,0.09728122
65704.24,0.27351317
65658.89,0.0403202
65657.94,0.1081854
65644.36,0.8919623
65610.47,1.20018537
65642.93,0.52086383
65681.81,0.05298978
65683.14,0.08368731
65685.28,1.30858933
65668.42,1.03921011
65640.07,0.04581033
65647.46,0.01440685
65637.61,0.09560947
65646.4,0.03109093
65610.25,0.062958
65628.31,0.18440475
65685.73,0.08894365
65739.39,0.96825348
65756.1,0.64709915
65735.41,0.2543188
65751.99,0.09076902
65765.31,0.71546769
65777.85,0.65780116
65776.97,0.39633806
65787.89,0.157986
65818.03,0.50245573
65843.73,0.07236087
65861.44,0.02016309
65870.89,3.75714162
65910.51,0.83718997
65936.84,0.57753465
65927.97,0.06871868
65887.85,0.15081892
65898.47,0.13792348
65886.45,1.54858418
65880.98,0.05511334
65893.07,0.68845517
65885.49,0.11230219
65908.58,1.42872863
65898.7,0.39909845
65847.46,0.87148113
65836.07,1.37373316
65844.11,0.09757881
65867.22,0.08232001
65877.01,0.34448062
65844.78,0.71255193
65849.96,0.94835461
65859.86,0.62823641
65867.85,0.60167494
65849.95,0.39452143
65855.46,0.0487927
65881.27,0.00221272
65874.02,0.15494925
65871.73,1.01406865
65857.06,0.30349473
65870.34,0.12298989
65892.86,0.04056659
65892.16,0.02747444
65881.16,0.55931899
65865.32,0.01570219
65837.86,0.20308598
65837.86,0.00139822
65833.45,1.02624386
65830.09,0.01622871
65818.16,0.09237704
65829.76,1.16181422
65871.93,1.00377776
65871.94,0.26982844
65879.06,0.10440873
65871.82,0.12552824
65875.21,0.08008899
65909.9,0.2284953
65932.98,0.09212471
65940.6,0.49362632
65889.19,0.15711648
65874.7,0.30587469
65894.52,0.21108241
65882.23,0.01149571
65859.64,0.04298622
65872.33,0.00170258
65858.35,0.00343841
65881.88,0.0352482
65911.65,0.08946824
65914.73,0.60090565
65910.86,0.1062627
65907.9,0.0277209
65962.11,3.65261104
65961.87,15.52870845
65969.93,0.01459318
65987.58,0.62242091
65997.06,1.10090216
65989.22,0.30275223
65989.22,0.17706069
66012.9,0.76174443
66010.65,1.69385846
66005.98,0.40055875
66039.62,2.78631205
65982.04,0.20818657
65994.74,1.41325112
65989.96,0.78074964
66089.98,1.95848112
66157.4,2.18628016
66082.82,1.49413719
66144.68,0.49495923
66116.44,0.10354105
66093.89,0.12876366
66163.41,0.11377134
66141.67,2.37448458
66166.91,0.61349938
66173.24,0.41017069
66144.03,0.90274802
66185.53,0.10514404
66159.74,0.01684908
66140.72,0.89047573
66151.24,0.43053741
66127.34,0.0391392
66138.88,3.52418646
66184.89,0.59494888
66201.25,0.24685318
66181.14,0.0191629
66184.25,0.05615405
66160.27,0.11764784
66166.89,0.25777826
66135.04,0.0034342
66129.4,3.3542248
66100.82,0.04790014
66122.75,0.42015045
66184.4,0.29096391
66240.76,1.21430985
66189.89,0.01410208
66218.63,0.58513753
66189.14,2.84029011
66219.86,0.73409027
66237.72,0.94341835
66254.33,0.30067639
66294.08,0.22510517
66241.84,0.81202474
66291.0,0.66255539
66247.54,0.04108321
66248.89,0.82087928
66274.13,1.16683811
66206.3,0.3692496
66185.64,0.03666528
66168.56,0.21902853
66175.05,0.28937937
66147.62,0.04039162
66191.46,0.02483904
66187.44,0.00813559
66180.94,0.06902838
66216.53,0.03075327
66218.65,0.20321277
66281.98,0.12826978
66262.81,1.42122814
66301.99,0.06450539
66285.56,4.17343356
66253.79,3.96318911
66238.95,4.07005535
66256.08,0.12145627
66261.41,1.22396984
66213.15,2.8928816
66274.51,0.26414473
66266.39,0.03210911
66204.57,0.03241384
66222.66,0.06029917
66209.67,0.23696173
66217.09,0.01318907
66218.06,0.00299946
66208.33,0.00681764
66193.59,0.05043904
66202.31,0.2719255
66179.78,0.37995006
66168.54,0.01147364
66166.12,0.27757779
66177.98,0.99594007
66165.61,0.00780818
66164.16,0.2808662
66156.05,0.12099724
66149.72,0.04786675
66149.73,0.06266634
66159.08,0.01855409
66169.33,1.18197323
66152.33,0.0116856
66160.97,0.02329756
66163.81,0.0726215
66165.56,0.59578207
66134.1,0.14288945
66130.23,0.52634238
66151.4,0.11243937
66169.07,0.12284538
66182.04,0.03302471
66187.63,0.04058045
66199.91,0.01105307
66199.33,0.6476569
66178.09,0.03503847
66189.73,0.71158332
66152.62,0.00344731
66150.34,0.00352273
66158.25,0.01896748
66189.53,0.0024767
66194.21,0.00433678
66178.32,0.15043028
66187.86,0.07851813
66197.56,0.11497566
66191.76,4.60709301
66185.43,0.64318236
66257.51,1.26372536
66258.65,0.00849285
66280.57,1.14504599
66238.0,1.0323091
66269.13,0.05236059
66288.63,0.19386691
66293.42,0.07933803
66283.44,0.03438248
66277.25,1.42573641
66245.53,0.00294318
66245.53,0.19297312
66266.95,0.13551582
66262.76,0.02741005
66259.97,0.07329683
66257.06,0.005524
66259.96,0.19702359
66259.95,0.00475145
66267.84,0.03318993
66267.84,0.39162479
66232.97,0.00965051
66267.88,1.00920972
66284.62,0.60906995
66291.1,0.00223069
66301.43,0.21789709
66305.62,0.00636348
66295.99,0.50419961
66242.42,0.00083824
66223.17,0.00182808
66243.02,0.75588629
66247.99,0.00628873
66247.99,0.01210154
66243.15,0.33278503
66237.47,0.140109
66254.01,0.00491728
66264.56,0.29869799
66262.84,2.92655944
66230.78,1.98097277
66230.81,0.88248925
66262.35,3.32355049
66333.0,0.00978254
66312.27,0.32021864
66300.86,0.06814261
66333.46,0.01014177
66325.66,0.2971152
66350.11,1.9337149
66333.92,0.4063899
66322.43,1.64307262
66297.0,0.04748173
66331.65,0.00247221
66305.73,0.02837942
66300.93,0.42562856
66318.57,0.10847857
66303.91,0.80859055
66337.34,0.10434206
66334.26,2.22997052
66336.79,0.00097442
66342.37,0.00732796
66342.05,0.01022151
66353.99,3.80100422
66332.82,0.07293449
66354.82,0.01256786
66354.83,0.68631378
66354.82,0.25176924
66363.07,0.60996792
66378.05,1.34330571
66349.09,2.28261157
66351.29,0.00259797
66351.35,2.27912785
66331.77,0.0439767
66288.13,1.67682229
66284.4,1.19795926
66292.39,1.31216953
66347.1,6.48920747
66311.59,0.74507479
66322.69,7.54397232
66294.16,0.30745549
66299.21,0.21544704
66297.76,2.70271029
66271.18,2.64837976
66171.11,1.29175589
66186.05,2.08506424
66190.01,5.48417643
66153.47,0.12444103
66149.47,0.21289624
66153.33,0.02590379
66153.32,0.83053101
66155.43,0.37888816
66152.79,4.3796493
66146.29,1.72783704
66141.77,1.04843887
66153.35,0.14896037
66160.27,0.00370768
66160.23,0.14667341
66134.88,0.21029332
66160.24,2.11065414
66137.86,0.13383293
66124.15,0.00763264
66126.41,0.06401117
66114.47,0.44476064
66109.51,0.41564234
66146.78,2.04183203
66190.68,0.1664497
66179.73,4.78581745
66196.0,1.09608555
66153.08,1.25715234
66216.98,0.07379401
66207.83,0.11178613
66196.84,1.17579777
66181.16,1.283125
66185.24,0.12230517
66167.15,0.00476915
66169.08,0.01125489
66178.29,0.31198893
66172.06,1.97702117
66171.25,2.72343445
66150.52,0.75082346
66164.08,14.62024334
66195.2,0.68464566
66202.2,0.66673835
66224.37,0.03277444
66239.99,1.54733605
66216.54,1.10566915
66213.25,0.00143206
66215.0,1.2827808
66241.78,0.10131111
66252.51,0.05526399
66250.28,0.00210213
66261.98,0.79280294
66253.36,3.34328705
66260.57,0.99317821
66282.08,0.29989628
66305.08,0.28365044
66286.46,0.4097571
66294.6,0.14999542
66298.19,4.72346753
66301.58,0.24575485
66302.28,0.0056768
66302.41,0.04514952
66317.62,0.10248289
66317.62,1.00875522
66315.79,0.27483163
66315.15,0.2671715
66309.25,0.01724738
66296.06,0.03313633
66296.07,0.00571272
66288.52,1.1163455
66288.77,0.00300628
66290.45,0.25626097
66308.46,1.8316699
66271.29,2.27881052
66245.28,0.66684893
66237.42,0.1522676
66230.56,0.55264935
66232.77,0.30721621
66237.42,3.15014335
66322.47,0.5419087
66344.88,0.15505762
66325.48,0.00772668
66328.78,0.04110748
66340.71,1.58760227
66363.47,0.02035047
66376.4,1.67388643
66378.4,0.59053761
66368.56,2.86236708
66311.08,0.58654787
66357.76,0.00683812
66381.27,0.02580333
66386.31,0.03076763
66412.74,0.7950362
66397.51,4.85176477
66445.32,0.04265148
66414.2,0.00931146
66430.34,0.20854881
66418.54,0.37127152
66429.11,0.87026533
66401.88,0.85168439
66386.62,0.00180689
66397.68,0.38805744
66422.99,0.0062257
66426.54,0.29337333
66458.0,0.12410782
66470.55,2.40915445
66481.69,1.32055211
66451.29,0.28958524
66448.32,2.01679194
66504.05,0.54378773
66561.6,2.12416943
66549.35,0.33791764
66587.91,0.45185977
66589.43,0.56165362
66558.53,0.00460341
66553.4,3.38653834
66474.65,2.16292627
66483.81,0.02160564
66466.72,1.11665786
66479.68,0.34394349
66473.04,0.46580437
66486.98,1.39836393
66497.05,0.05577548
66534.04,2.55553934
66477.42,0.15889839
66458.94,0.05138693
66458.65,0.00326955
66477.07,0.16117873
66481.67,0.29589769
66482.88,0.16927599
66521.11,0.10730374
66512.62,0.02987654
66516.46,1.58638743
66501.29,0.06622396
66494.49,0.12035894
66474.36,0.58678372
66485.41,0.89804673
66499.98,0.67292331
66487.47,0.7799125
66516.21,0.17186054
66547.55,0.17672772
66534.43,1.48258121
66539.49,0.45441207
66544.57,0.10895359
66515.39,0.12005386
66538.66,0.17494321
66574.66,0.86509134
66577.16,6.00119435
66613.92,0.29572571
66545.64,1.60555841
66544.05,0.08559552
66550.73,1.35730058
66522.64,0.09940955
66537.36,1.01515331
66513.41,3.62030706
66459.98,0.22525385
66475.59,1.25495142
66434.0,4.4144082
66409.6,1.55626566
66388.13,0.54126576
66392.56,0.45529383
66380.35,1.1269146
66400.21,1.29767266
66411.73,1.9585435
66364.46,1.42949355
66398.33,9.56633613
66426.68,5.51943215
66483.43,1.87295346
66467.52,2.24515361
66454.94,3.10174084
66444.06,3.10630556
66451.73,4.17507607
66370.43,1.36819237
66318.52,6.53237579
66316.15,7.4466279
66314.69,0.48588521
66293.32,0.77940842
66307.27,1.36732863
66349.18,0.85649186
66358.82,3.05434307
66409.93,1.56741137
66499.99,3.5988308
66599.2,1.69183407
66610.3,1.16733951
66592.12,1.43583152
66582.77,1.40987821
66642.61,2.13998305
66713.33,2.64348223
66732.45,5.38299385
66750.49,1.15536735
66693.58,0.80748086
66710.91,1.31001617
66737.44,2.7011326
66693.85,13.00135412
66770.94,2.0057673
66793.07,5.34357101
66790.56,1.62125762
66806.59,8.87944674
66858.32,10.62997453
66881.11,4.93496496
66768.52,0.96702713
66794.23,6.12808128
66805.69,4.13818701
66881.19,0.41297059
66890.1,5.29457558
66859.86,3.77526139
66860.41,3.18052215
66903.47,3.35296057
66895.26,1.45206824
66842.1,2.1660819
66789.34,1.19131429
66804.51,2.27897098
66822.66,0.502127
66795.24,0.37385733
66739.51,5.2003139
66630.14,5.12260257
66688.82,3.45239768
66635.0,2.1700784
66668.61,2.93815728
66622.46,0.35323415
66632.23,0.93158056
66634.79,1.65999444
66708.0,0.89156039
66738.29,1.59118523
66759.19,2.2072951
66756.26,0.94633894
66806.91,0.94301768
66807.75,1.03104196
66782.34,2.25393407
66788.68,0.02415092
66818.36,0.99741822
66785.94,0.73739628
66752.96,1.67180951
66716.12,1.15275395
66637.25,15.29974094
66693.26,1.35693731
66791.84,0.44478474
66821.13,1.61527535
66873.0,1.71777113
66847.52,8.73405679
66807.31,1.94386466
66826.85,0.24774977
66802.07,0.72217782
66812.67,0.53412855
66820.57,0.62409744
66821.15,0.49924939
66802.64,0.27783025
66806.69,0.25870971
66821.71,1.80724118
66800.92,0.99858021
66855.64,10.2987287
66848.43,5.52986255
66809.65,2.61292506
66735.85,0.91997918
66670.47,4.04752502
66654.95,0.29554341
66672.28,0.75748522
66633.95,1.05300656
66653.5,0.31054028
66696.71,1.82305655
66673.64,1.77060116
66695.82,5.56299336
66755.43,1.51196254
66706.29,1.67302698
66694.3,0.05581101
66711.31,0.32831404
66715.56,3.2723612
66659.77,2.30163687
66665.5,0.67616595
66647.43,0.96721031
66683.28,0.32300377
66698.67,0.19611814
66698.66,1.41629794
66668.18,0.91439316
66690.48,1.05337611
66700.76,1.86486915
66663.45,0.82018684
66663.46,0.00469791
66640.0,3.36810947
66623.35,0.04282777
66623.49,1.47839688
66638.84,0.13455576
66585.69,1.86837057
66544.67,0.08794718
66549.26,0.13908943
66562.72,2.81152305
66523.24,0.15951341
66536.47,2.58701325
66509.38,0.77922079
66530.25,3.12423737
66579.91,0.26182786
66601.24,1.315066
66666.18,0.60058218
66625.31,2.3981983
66640.59,0.33396641
66633.13,2.3237737
66608.47,0.03756945
66582.11,0.1591484
66563.0,1.34966472
66610.78,0.56197357
66612.81,0.48383208
66622.86,0.58027143
66651.16,0.35444958
66639.48,0.31622661
66623.74,2.16695038
66641.17,3.67488407
66644.28,0.40656128
66650.13,0.34842057
66633.37,1.09943498
66680.96,0.5064479
66679.0,1.64631489
66671.93,2.19407334
66642.92,4.77889699
66620.82,1.34856611
66645.54,0.68337721
66664.98,0.55106589
66695.59,2.24060424
66716.11,1.00589811
66695.37,0.12015196
66638.77,2.78359867
66624.02,0.65379606
66603.51,0.94354722
66576.75,0.30581746
66623.33,1.14793113
66621.25,0.83644917
66595.25,0.59428109
66613.54,0.52940147
66585.5,0.28490982
66573.83,1.95773965
66568.85,2.27370076
66565.24,0.90193672
66552.42,0.97187811
66542.5,0.59519192
66550.07,0.96023376
66537.31,0.56793593
66565.76,2.22457188
66552.54,1.25227488
66538.98,0.35530072
66570.02,0.53285733
66548.02,1.357882
66510.62,0.5223681
66517.94,0.68651076
66503.19,0.87827247
66497.98,0.62638905
66482.38,0.99895911
66484.54,0.69892443
66531.2,0.74483638
66542.48,0.42658526
66554.27,0.68197019
66575.19,0.39604494
66596.22,0.92411683
66619.38,0.46880997
66602.2,0.17981243
66600.52,4.71854931
66576.57,0.96540645
66563.03,0.75245436
66570.91,1.21423478
66528.32,1.11487084
66472.81,0.87938726
66449.96,2.31309285
66467.6,1.19746234
66480.05,3.47826565
66501.67,1.02029182
66505.16,0.43059043
66505.15,1.46293698
66509.83,1.3071954
66496.87,0.89928641
66525.48,0.51149903
66581.0,0.8170211
66562.74,0.77365339
66539.98,1.15702584
66539.98,1.13045604
66513.46,1.40429568
66539.97,1.32419955
66520.27,1.59282207
66508.29,0.76720442
66494.91,1.57633793
66487.27,0.84056885
66487.37,4.78047496
66486.05,1.55708141
66486.06,0.41197027
66481.21,0.35532983
66466.76,0.28917976
66452.77,1.32342811
66441.17,1.60393568
66449.8,0.57723301
66432.77,2.2902457
66429.04,0.98480316
66442.05,0.30451207
66442.05,1.62351126
66432.44,1.4441008
66405.24,1.09772517
66415.22,0.88827444
66399.13,0.35534414
66395.78,1.37163011
66412.93,0.51394646
66432.9,0.23193535
66443.72,1.14330661
66453.41,0.08172655
66445.29,0.70823478
66453.14,0.35668751
66438.17,1.0464458
66419.88,0.35750735
66424.18,1.41129162
66397.6,0.48050558
66388.86,1.35253134
66391.91,0.54547688
66393.67,1.72299099
66384.99,0.60514809
66421.66,0.10733082
66435.71,0.53104778
66412.48,0.24000254
66424.46,0.38311922
66450.09,1.08458017
66425.4,0.58909629
66429.37,0.20524875
66460.54,0.22929027
66459.36,0.3734092
66452.85,27.2862602
66066.77,16.38323162
66150.38,9.09639221
66206.93,1.81739038
66258.96,0.94648773
66289.59,3.9596058
66288.93,2.04679358
66196.43,6.55074601
66189.97,0.75945299
66177.19,0.3864481
66190.4,3.87726006
66176.27,0.86651185
66114.64,14.79512798
66140.19,0.72604608
66172.44,0.42759242
66143.49,0.90619622
66089.95,0.28673999
66094.98,0.82115812
66135.23,2.1809189
66176.42,0.00348882
66230.17,0.28227473
66258.99,0.10075811
66278.74,0.64438426
66246.32,3.29437647
66286.74,0.03782488
66258.76,0.00095114
66258.16,0.07015072
66261.65,1.46316027
66265.32,0.02572534
66246.73,0.11491678
66254.69,0.67806298
66224.71,0.11819954
66221.99,0.2093062
66235.47,0.76216019
66210.69,0.16802233
66218.52,0.00527466
66207.99,2.19545616
66243.57,0.19708873
66271.33,0.11912551
66211.86,0.48077409
66193.0,0.06779176
66168.45,2.48613882
66161.53,0.36950765
66195.14,0.05734514
66195.15,0.39466682
66163.71,0.12655928
66117.25,7.56291878
66083.2,2.87748635
66153.93,0.35336591
66169.34,0.4237488
66198.78,0.10689894
66211.48,0.69573936
66243.42,0.02222221
66244.93,0.19912824
66232.97,0.30374651
66205.63,1.44380949
66225.97,0.12155902
66238.08,0.24515501
66268.13,0.19688395
66245.03,1.01204453
66285.0,0.13476202
66276.32,0.21401306
66263.59,4.25787778
66314.51,0.78628209
66300.41,22.67053165
66300.42,0.03042625
66284.1,1.31723471
66275.92,0.59091555
66264.72,0.20441985
66263.13,0.16859377
66252.95,0.01339642
66237.63,0.18274439
66248.35,0.16910835
66258.39,1.294794
66281.51,0.55477035
66292.39,0.04263812
66283.02,0.00094763
66291.01,1.69922803
66280.91,0.03001758
66331.5,0.00789873
66326.54,0.01185945
66329.63,0.11440749
66315.86,0.10254464
66308.96,0.03263173
66339.15,0.10221874
66334.92,1.76762643
66309.55,1.10775387
66301.85,0.20734927
66242.34,1.14495057
66256.76,0.11869244
66272.95,0.40088171
66318.4,0.02152025
66327.7,0.2754651
66318.67,0.26322004
66333.8,0.10131171
66343.96,0.10514377
66303.85,0.98680066
66304.85,0.30925656
66341.16,0.00616828
66342.03,0.03181496
66334.86,10.03217415
66366.02,7.92303791
66382.06,0.36894482
66370.97,0.11826261
66375.45,0.38163225
66370.97,0.28716807
66378.16,0.17128461
66395.92,0.07732505
66417.01,2.51729194
66385.06,0.2294295
66412.95,0.20395343
66426.44,0.0058769
66426.44,1.27499588
66441.53,3.46885589
66453.71,1.56582305
66447.75,0.56513478
66452.72,1.26784615
66445.92,0.38250067
66446.85,1.93734096
66432.59,0.0029544
66423.32,0.57803748
66446.47,0.24104692
66454.72,0.07090725
66469.21,0.25141581
66454.93,3.02224797
66446.31,1.53634177
66463.72,0.37523337
66451.63,0.40947069
66437.22,0.12097409
66424.0,0.15515107
66427.34,0.04963712
66421.46,0.08715418
66411.91,0.4279726
66390.18,2.79237938
66422.42,27.10065024
66320.69,3.87956179
66359.25,5.17641227
66380.51,1.52740609
66387.33,0.44772565
66394.16,1.00338925
66421.36,0.54487185
66410.16,0.40759172
66405.26,0.27348645
66412.25,0.09310275
66399.98,2.15087525
66403.61,0.48286788
66403.6,4.14022036
66403.6,0.01661382
66403.61,0.12671592
66395.32,0.31309083
66357.47,0.01725699
66354.76,0.31681713
66364.67,0.07735721
66366.77,0.27396764
66362.15,0.31858971
66362.16,0.10909714
66346.43,0.0039043
66346.44,0.00118999
66333.13,0.04650226
66337.53,0.42855031
66360.96,0.1154416
66342.9,0.5532951
66354.24,0.40294371
66338.92,0.10669851
66354.51,0.60370793
66379.83,0.02142203
66384.3,0.01980323
66381.81,0.10409178
66393.86,0.00852432
66409.7,0.14036437
66425.91,0.06128226
66414.31,0.64391305
66419.93,0.38126777
66439.42,0.28094616
66418.97,1.35631597
66419.95,0.55204961
66429.25,0.25062169
66429.25,0.20246149
66410.48,0.64940024
66426.55,0.37890222
66408.53,0.52721943
66414.14,0.02088158
66414.14,0.16420391
66410.22,0.44875434
66400.0,0.52246748
66393.91,1.06650486
66384.53,0.85269566
66390.91,0.00084331
66388.08,0.41465948
66384.97,0.4715094
66385.84,0.00788827
66385.84,0.89767897
66380.11,0.00473238
66378.8,0.04607071
66371.38,0.63716475
66327.36,0.6011945
66309.43,1.34253669
66291.86,0.74272315
66278.63,1.81796665
66310.48,0.1215905
66308.24,0.46605922
66310.68,0.10499629
66329.46,0.0129242
66342.15,0.10255436
66333.7,0.08303982
66326.23,0.0033079
66326.24,0.03626307
66326.24,1.33986412
66362.56,1.48912694
66364.29,0.0029279
66332.27,0.00205868
66332.29,0.06296304
66321.34,0.35277065
66311.69,0.00934165
66308.78,0.00369604
66309.9,0.65873937
66320.31,0.51154438
66326.68,0.35690973
66314.23,0.00110331
66319.51,0.0035771
66319.51,0.30018093
66286.76,0.10806808
66295.72,0.07685397
66295.73,0.35386182
66287.74,0.19103374
66280.85,0.00022859
66280.18,0.29090097
66276.32,0.56366831
66259.54,1.28103439
66270.02,0.00519783
66307.84,0.09358826
66307.83,0.40191776
66310.77,0.00263434
66316.64,0.25378776
66296.86,0.06569839
66298.41,0.06148139
66293.75,0.57477252
66293.75,0.0312596
66311.94,0.75132509
66303.73,0.2587292
66311.81,0.64302367
66314.46,0.45048796
66312.43,0.00042465
66329.62,0.41694584
66329.88,0.01772259
66337.41,0.04639499
66348.75,0.01080629
66345.01,0.11205389
66335.34,0.22131859
66342.05,0.27953788
66324.87,0.43880919
66324.87,0.00667932
66331.03,0.00403803
66331.03,0.02433215
66342.62,0.6055006
66318.71,0.02422215
66294.68,0.48762305
66319.49,0.23598751
66319.26,0.14989368
66316.53,0.03848942
66290.88,0.03224128
66279.3,0.16759241
66280.21,0.15660643
66298.65,0.27194933
66305.95,0.27597686
66315.76,0.02870878
66301.87,0.02904448
66276.66,0.06003377
66281.55,0.40075937
66283.21,0.37570088
66277.87,0.07411985
66279.93,0.01825992
66269.56,0.22097741
66244.64,0.46258761
66200.32,0.88582829
66183.37,0.39278403
66216.08,0.71815686
66210.1,0.40438872
66210.1,0.2462725
66187.93,1.86097496
66226.08,0.14996271
66238.92,0.03627182
66242.29,0.50134719
66245.55,0.35841516
66245.55,0.11182191
66227.25,0.52505682
66271.45,0.03550348
66274.32,0.02001522
66288.09,0.10887603
66298.83,0.31407295
66278.51,0.10348802
66281.81,0.03232761
66278.01,0.02103749
66298.68,0.40448887
66284.16,0.41668394
66285.2,0.40450424
66297.61,0.11218814
66292.12,0.26725923
66281.67,0.03209554
66274.38,0.01439253
66249.64,0.01487277
66202.37,0.56961612
66221.26,0.01918581
66223.91,0.27247888
66223.24,0.02707242
66231.45,0.02118151
66247.59,0.0128931
66249.8,0.10576458
66249.8,0.28260692
66255.85,0.01946171
66258.62,0.02113364
66252.12,0.01485712
66253.65,0.02513769
66257.53,0.17596699
66263.4,0.13397919
66241.19,0.02996235
66197.6,0.00096865
66204.91,0.0810768
66240.63,0.04645592
66232.9,0.10514564
66198.54,0.27431808
66238.15,0.00968728
66236.48,0.93347379
66245.03,0.02738917
66235.57,0.2563362
66217.34,0.05942802
66245.28,0.25192141
66251.38,0.13703898
66236.71,0.00933986
66233.23,0.11535102
66257.0,0.10386243
66287.31,0.07110887
66280.01,0.00059493
66277.67,6.16999206
66307.72,0.25846418
66299.03,0.47107656
66294.55,0.21388696
66282.0,0.02721462
66284.47,0.00717525
66285.78,0.1654178
66300.83,0.00289577
66305.04,0.24211009
66318.85,0.67107583
66341.08,0.0351652
66364.22,0.0657521
66355.65,0.32419394
66353.93,0.00046564
66372.31,0.95962226
66396.72,0.15362394
66386.72,0.02726848
66385.89,0.10129485
66406.15,0.25349757
66415.89,0.40227427
66404.82,0.21119225
66410.63,0.0019408
66409.52,0.38963672
66377.0,0.20352488
66387.69,0.00171246
66381.72,0.01139301
66395.17,0.51117663
66408.75,0.15527
66407.84,0.01075776
66407.83,0.10074567
66397.1,0.01362185
66429.14,0.17622808
66449.73,1.03506596
66439.35,1.01637781
66467.6,4.54468006
66502.5,4.55006952
66520.66,0.29399272
66525.25,0.02940458
66527.94,0.12314407
66508.79,0.00814001
66512.51,0.07635533
66519.8,0.03661605
66505.86,0.6798195
66514.17,0.30795642
66548.11,0.07898749
66552.78,0.64659415
66577.98,0.32228535
66546.37,0.04375403
66553.03,1.07167608
66606.37,0.31375566
66619.03,0.60185428
66586.48,0.07915226
66573.11,0.01835972
66611.59,1.27459812
66607.92,0.01965492
66624.46,0.47050804
66644.21,1.24162644
66606.0,0.6895967
66563.83,0.00398554
66588.95,0.12305035
66546.33,0.05727725
66585.12,0.38986712
66627.32,1.1549958
66679.49,1.50640106
66639.29,0.02214171
66608.89,0.59106024
66611.7,0.74020233
66637.69,0.52439834
66607.11,0.10086981
66601.69,0.4861168
66585.02,0.1125393
66625.75,0.4619089
66609.98,0.02799151
66610.35,0.2012036
66621.12,0.08027802
66666.78,0.158754
66678.43,0.61820104
66647.34,0.27254642
66636.03,0.41514043
66612.54,0.35822272
66656.09,0.58538754
66666.2,0.238876
66656.42,0.97076587
66651.06,1.20811567
66672.31,1.61343604
66677.44,0.77621971
66673.09,0.35473489
66678.87,0.19356899
66669.08,0.45392231
66579.4,0.50541168
66587.81,3.00632031
66668.2,0.39864822
66619.03,0.00654304
66608.63,0.01133465
66619.24,0.0505002
66628.75,0.63862326
66617.12,0.22134239
66581.06,0.0575782
66625.55,0.00022747
66620.63,0.18923214
66620.95,0.47608027
66584.83,0.39830341
66592.47,0.01516695
66603.77,1.76101161
66561.88,0.29544385
66553.99,0.05842605
66595.9,0.35690932
66551.6,0.20181959
66570.13,0.18837138
66571.95,0.00599575
66572.0,0.28785171
66549.53,0.15277114
66497.02,0.30071185
66480.73,0.07395336
66484.25,0.01911762
66473.41,1.04716324
66449.8,0.09678145
66441.46,0.00427026
66442.87,0.016695
66448.05,0.1464867
66425.23,0.18932914
66391.65,0.05768606
66397.13,0.36486044
66409.14,1.32680466
66356.6,0.50755111
66310.93,1.37316797
66320.41,1.01006397
66340.83,0.27767975
66375.09,0.08180625
66398.5,0.00290621
66371.84,2.72048415
66314.12,0.42001136
66347.36,0.01006768
66345.83,0.00825649
66326.69,0.36139643
66377.34,1.27528953
66352.61,0.1913007
66352.6,0.12517664
66358.18,0.29424797
66362.67,0.99815061
66343.3,0.02188492
66354.9,0.06883929
66345.38,0.19256399
66317.3,1.98952184
66255.8,0.06351595
66325.78,0.23883641
66329.64,1.29050324
66351.18,0.25295259
66414.86,1.67632187
66419.89,0.00015197
66446.88,0.45074082
66439.1,0.73638338
66402.7,0.25374518
66420.07,0.94081755
66435.22,0.1040072
66410.85,0.58863825
66374.66,0.19451365
66392.75,1.17719604
66390.04,0.94716384
66372.3,0.28650515
66348.15,0.85436971
66392.35,0.50226266
66364.73,1.43588524
66333.16,0.79087875
66351.63,0.96166698
66382.59,0.27001186
66388.27,0.59470424
66435.88,0.31533823
66419.2,0.31016954
66375.65,0.3138785
66335.93,0.15658566
66369.07,0.55107608
66362.26,0.00125878
66373.99,0.04521118
66394.37,0.74993435
66420.34,0.23033868
66416.41,0.3270316
66454.99,0.40238379
66489.66,0.42936201
66466.56,0.30758171
66453.5,1.88116664
66433.06,0.30073037
66414.92,0.28234901
66435.77,0.23678551
66428.48,0.17124682
66417.89,0.05030412
66417.77,0.27667979
66374.16,0.05328776
66386.71,0.0675634
66391.67,0.00671334
66395.41,0.19807463
66364.97,0.995852
66325.47,0.12786905
66301.77,0.10194708
66335.69,0.10068172
66329.82,0.05436146
66329.82,0.20135968
66280.01,0.17806303
66277.27,0.00428479
66266.32,2.67444034
66259.53,0.24008561
66282.3,0.41854148
66329.57,0.32517098
66351.95,0.45292309
66331.75,0.06042825
66331.76,0.05326755
66330.32,0.35721155
66314.58,0.00326106
66344.57,0.1069472
66335.78,0.10294693
66312.59,0.34967205
66343.19,0.05030452
66321.36,0.24754507
66308.71,0.00163316
66303.29,0.20318958
66285.58,0.00367942
66304.0,0.15182998
66284.08,0.05314154
66277.57,0.05168631
66264.7,0.05666762
66255.15,0.41753753
66274.83,0.4822861
66230.45,0.37774831
66282.89,0.7556079
66330.28,0.15313936
66300.71,0.60051602
66274.26,0.57550567
66268.86,1.22578517
66312.05,0.30624053
66236.35,0.05241317
66232.34,0.70178511
66232.34,0.8222476
66207.54,3.52296125
66176.35,0.05508371
66188.4,0.51316897
66184.01,0.32367593
66144.83,0.55008363
66175.77,0.19205102
66177.01,0.17211083
66177.05,0.15901164
66180.64,0.27440029
66213.27,0.56715938
66229.44,0.86330225
66252.66,1.12707016
66237.96,1.00288741
66241.52,0.17130823
66242.79,0.68143059
66234.96,0.00382147
66252.02,0.00257807
66259.57,0.01777232
66268.09,3.48820539
66235.86,0.2424087
66267.3,0.0055547
66270.19,0.50222555
66225.85,0.05256079
66238.48,0.24970071
66219.1,0.73793622
66188.23,0.04962931
66188.23,0.22635399
66205.63,0.2053354
66209.1,0.35697015
66209.09,2.54493349
66211.49,0.2252037
66228.97,1.02296131
66205.15,0.00100494
66217.83,0.66230648
66237.7,0.01756286
66262.15,0.54491069
66297.75,0.35213285
66297.77,0.03226709
66315.66,0.38915734
66308.8,0.47570082
66289.59,0.90703011
66275.47,0.28907731
66285.35,0.10064486
66264.64,0.3398383
66240.88,0.22647453
66217.04,0.22363503
66189.38,0.1306003
66210.67,0.60479405
66139.71,0.00127809
66168.98,0.10597021
66189.17,0.15477251
66184.79,0.00216058
66210.29,0.85576429
66253.03,0.12140772
66278.66,0.11252428
66280.85,0.34479203
66305.73,0.10314079
66286.65,0.00069339
66305.53,0.82873922
66291.64,0.00155976
66299.13,0.05308737
66291.65,0.10250216
66291.65,0.1400272
66287.24,0.00296193
66292.91,0.01665107
66309.99,0.00798528
66316.29,0.85208016
66335.21,0.11106699
66337.08,1.51180812
66291.6,0.2
66324.62,0.07110974
66347.89,0.20030454
66331.7,0.0276435
66331.69,0.05155418
66337.13,0.1514615
66326.22,0.00653705
66318.37,0.55429692
66312.72,0.25120393
66333.32,0.24964627
66326.91,0.43880792
66295.57,0.0
66313.04,0.00393207
66305.56,0.00482685
66295.0,5.35161089
66326.62,3.64976446
66305.22,0.00853252
66333.34,0.01878357
66345.22,0.47105007
66365.81,0.00944185
66343.89,0.00060023
66337.0,0.37614321
66373.54,0.03218944
66366.54,0.03015492
66370.25,0.01623292
66379.69,0.1054141
66348.13,0.0052689
66323.7,0.00116723
66308.93,0.00297293
66322.67,0.00139909
66308.93,0.57228925
66300.04,0.00022855
66305.15,0.64037568
66334.49,0.00644755
66324.17,0.0015479
66315.5,0.0016423
66315.5,0.00169083
66315.49,0.00342516
66338.99,0.02178601
66330.0,0.11108982
66331.01,0.05915825
66312.36,0.18866525
66318.94,0.10015231
66315.01,0.05882345
66313.68,0.00216088
66255.55,0.01063032
66240.69,0.12930357
66232.56,0.07683108
66238.84,0.60073968
66249.54,0.05018201
66240.03,0.11640912
66240.04,0.01744931
66247.41,1.05866111
66217.69,0.00282445
66229.67,0.00097041
66229.66,0.10114854
66225.71,0.15261462
66170.0,0.22723805
66138.83,0.10738853
66117.13,0.47154526
66127.05,0.00308715
66070.0,0.01660852
66052.7,1.0233789
66029.05,0.00779006
66034.58,0.31075681
66031.95,0.58962708
66070.4,0.29846238
66074.74,0.00267828
66052.04,0.06321476
66014.29,0.00448791
66022.44,0.00056329
66053.09,0.01494531
66042.89,0.00150209
66033.03,0.02137132
66061.05,0.00099422
66084.71,0.00737235
66036.0,28.0646033
65965.35,0.70717365
65975.82,1.10398307
65966.41,0.40502821
65962.66,1.02595882
65940.59,0.00060827
65953.58,0.35857256
65943.74,1.10160855
65929.53,0.01775824
65939.51,1.77196787
65931.88,0.59188383
65974.75,0.60602309
65967.9,1.05961401
65912.55,0.81567351
65941.62,0.61789738
65958.33,0.62576414
65958.41,0.77804328
65958.86,0.80171504
65936.52,0.71687459
65934.07,0.92918661
65921.78,0.82483145
65931.87,0.82162242
65943.07,0.60831842
65943.75,0.89122336
65935.3,0.30494992
65974.01,0.10474617
65952.22,0.1313546
65941.39,1.16658467
65962.81,2.23441083
65947.41,0.31489314
65914.77,0.02827912
65906.35,0.16173389
65884.02,0.17799358
65873.38,0.00512138
65873.38,1.16903547
65840.59,1.36450041
65911.05,0.23632769
65934.09,0.00065661
65912.52,0.13477862
65934.0,0.1042565
65896.66,0.05252128
65878.96,0.1280076
65875.9,0.02078961
65893.2,0.99640269
65883.11,0.43024224
65835.64,0.84632815
65859.17,1.35532813
65828.56,0.0859707
65840.33,0.10862062
65832.77,0.15578151
65831.15,0.47055934
65800.0,0.18356433
65807.49,0.00165865
65818.59,0.30797803
65816.81,0.25414946
65801.39,0.14137974
65836.88,0.04331356
65891.97,0.05528805
65875.63,0.1033307
65893.84,0.05682845
65902.69,0.00526308
65952.96,0.37149744
65922.28,0.0231784
65903.99,0.28752251
65917.86,0.10728433
65889.49,0.02384575
65910.58,0.01692259
65902.1,0.11656418
65916.75,0.84282817
65909.83,1.00416449
65900.7,0.11406912
65898.65,0.52914296
65863.98,0.01603595
65873.11,0.04809626
65879.49,0.00619608
65882.75,0.25299478
65902.72,0.14460656
65905.97,0.25647021
65892.33,0.01337618
65886.13,0.30192713
65874.86,0.00817133
65891.78,0.00294499
65889.67,1.18038998
65879.74,0.214958
65884.85,0.98970829
65911.78,0.4455197
65901.52,0.10269076
65890.35,0.00790827
65890.35,0.1562476
65869.7,0.6371134
65866.74,0.10669203
65855.79,0.62232781
65871.3,0.30771152
65865.2,0.16742418
65882.47,0.97554557
65861.0,0.18148789
65852.82,0.00945691
65886.93,0.00468542
65873.67,0.10302513
65862.56,2.99404417
65878.75,0.29955294
65878.25,0.24437832
65867.57,0.18552765
65824.63,3.78725643
65869.68,0.4306761
65867.19,0.18092272
65877.52,0.25450178
65896.06,0.3846317
65856.54,0.57534383
65830.87,0.00023021
65821.52,2.09486929
65813.64,1.58407944
65875.03,0.22305335
65862.5,0.00262612
65857.04,0.06803757
65830.39,0.36118813
65794.25,0.00098028
65794.24,0.02549314
65796.48,0.00711699
65794.84,0.33277155
65779.75,0.46871381
65763.76,0.49270882
65725.56,0.06977864
65716.91,0.05408978
65691.22,0.01605605
65729.43,0.33205779
65728.77,0.38530356
65726.65,0.31922729
65703.39,0.00086867
65746.95,0.00862016
65757.51,0.00316073
65770.84,0.30284157
65749.3,2.13517452
65762.37,0.11725375
65744.07,0.03505297
65746.62,0.00212789
65769.3,0.27621161
65768.52,0.11937062
65779.13,0.00177058
65792.08,0.54814797
65799.92,0.40460967
65810.8,0.00432598
65807.26,0.10783962
65807.39,0.00204611
65806.74,1.2807918
65898.01,0.87039032
65875.99,0.01199954
65880.52,1.73487714
65928.73,0.25423083
65941.99,31.49983873
66008.43,7.2953184
65978.25,6.00250172
65999.36,12.42588606
65994.39,0.64728992
65986.89,4.30970917
65973.23,0.28990883
65959.56,0.84317955
65971.81,0.3002835
65998.96,0.13283809
65980.33,0.00034114
65980.4,0.14417853
65951.5,0.62383924
65967.09,0.00683309
65975.65,6.8901339
66013.22,1.61796642
66019.06,0.76425492
66043.56,0.20765466
66082.82,0.31737568
66080.85,5.80284885
66020.61,0.17174207
65984.19,0.15599965
65982.13,0.33530568
65970.64,0.03039894
65977.44,0.01030162
65966.47,1.33573197
65987.57,0.63174606
65997.96,0.04424723
65994.12,0.0423629
65987.88,0.11624181
65995.98,0.10425025
65997.34,0.66263191
65960.91,1.15311958
65920.24,0.30488955
65928.72,0.10398845
65931.06,0.26770234
65940.59,0.59299389
65912.46,1.3504297
65908.58,0.3035436
65908.58,1.77311532
65884.94,0.6217726
65928.95,0.79079498
65932.87,1.32512785
65924.33,1.79780834
65917.34,0.40161931
65926.14,1.93840805
65926.14,0.12547809
65907.86,0.13313988
65919.52,0.26372431
65929.77,0.38431945
65921.2,1.03481605
65923.2,0.15844742
65914.87,0.18045536
65934.22,0.58345628
65935.31,1.15260448
65927.83,0.60995824
65923.47,1.2019141
65924.77,0.10342
65927.9,0.2754016
65947.75,0.49201892
65963.72,0.00403706
65947.81,0.00361894
65921.73,0.23691474
65949.61,0.16524625
66008.72,0.92901446
66013.08,0.07212189
66000.38,0.35014273
66009.7,0.51879327
65986.45,0.00642438
65948.13,0.10223962
65948.12,0.00098033
65944.57,0.05852509
65949.34,0.1575727
65989.71,0.0007808
66013.19,0.00497055
66009.23,0.09407133
66009.22,0.03195704
66017.0,0.00634306
66032.54,1.23658303
65984.97,0.00786272
65983.04,0.06155488
65985.7,0.10290304
65997.27,0.02306433
65990.12,0.00182958
65984.69,0.16842004
65979.5,0.20026493
65954.1,0.639697
65954.1,0.89758002
65920.19,0.12295818
65843.63,0.0433992
65843.01,0.02630569
65853.63,0.28766748
65818.26,0.80077955
65823.72,0.26723394
65806.01,0.25664957
65829.57,0.01658618
65829.56,0.00228344
65834.86,0.004753
65836.23,0.00205806
65829.99,0.01008345
65830.51,0.41998974
65824.38,0.00533347
65824.39,0.60292
65824.39,0.19135043
65852.71,0.00827159
65850.87,0.0550333
65838.34,0.70175034
65821.81,0.74516036
65806.68,0.24990158
65806.69,0.65754521
65840.52,0.76875776
65836.36,0.12408525
65862.44,0.20740867
65893.13,0.18555443
65898.9,0.05372604
65881.22,0.01243955
65897.52,0.105233
65872.95,0.03139408
65896.24,0.4528714
65898.64,0.09862383
65889.41,0.02110065
65875.35,0.01665503
65865.66,0.00058942
65864.59,0.20144626
65850.4,0.39733904
65867.39,0.00547957
65868.22,0.0255374
65871.23,0.33226225
65880.51,0.00023009
65873.87,0.00239601
65871.68,0.01137681
65895.68,0.00644542
65867.08,0.00556169
65866.78,0.09757639
65889.2,0.10947997
65895.82,0.10443712
65913.53,0.03302863
65924.39,0.4033908
65913.49,0.05475032
65906.69,0.55923945
65920.81,0.00298379
65923.99,0.09962954
65916.17,0.00423843
65919.31,1.45216003
65928.7,0.83956457
65922.07,0.00205493
65929.47,0.10865919
65922.06,1.86980995
65913.1,0.26755228
65925.16,0.00803315
65918.65,0.1013765
65918.63,0.03572783
65920.19,0.00435604
65918.18,0.04987799
65917.26,0.43924299
65932.46,0.04771812
65927.16,0.24296307
65931.58,1.38928921
65957.71,1.31635561
65956.14,0.28570008
65947.87,3.71784356
65969.04,7.43532732
66060.59,0.6015268
66032.97,1.11127753
66037.41,0.81408715
66047.03,1.19224019
66046.3,0.60187403
66034.72,0.61756414
66034.71,0.60761896
66037.17,0.50821597
66037.17,2.53561807
65991.66,0.93026748
66004.16,1.07470977
65984.37,0.00254933
65984.36,0.02811771
66004.8,0.37268593
65985.39,0.17057841
65992.36,2.07028957
66032.23,0.86739298
66001.02,0.21209856
66010.13,0.29992305
66033.71,0.10100426
66022.91,0.25080278
66007.44,0.00393111
65990.55,0.11554752
65985.55,0.01119461
65989.29,0.95900685
65985.54,0.93415742
65985.12,0.50325688
65978.81,1.64323702
65974.28,0.61893606
65953.79,0.11573015
65948.68,0.61036738
65948.68,0.6074562
65950.99,0.14741498
65944.0,0.15702131
65966.39,0.52271143
65996.06,0.75825848
66012.93,0.19632041
66022.71,0.01978197
66043.84,0.70718573
66023.52,0.30550344
66023.51,1.74903714
65999.63,0.07340921
66004.42,0.00544952
66004.37,0.01402085
65990.63,0.02981723
65998.76,0.78639827
66004.66,8.04202426
66018.58,9.33923384
66011.09,3.76017987
65996.56,0.01037505
66019.72,0.37512808
65971.88,0.45039732
65986.78,0.65064473
65972.42,5.40328589
65916.01,1.74596799
65933.96,0.58286086
65888.67,0.24782491
65871.93,0.06225713
65868.21,0.29476505
65879.01,1.36835677
65923.72,1.40568145
66006.82,0.00555948
66000.49,0.0034729
66000.49,0.72388132
65992.47,0.01114447
65992.18,0.00948701
65990.1,0.6596995
65990.1,0.00346981
65990.09,0.01613221
65983.16,0.15179632
65980.81,0.03189583
65975.55,0.76278261
65967.65,0.00115305
65967.65,0.865701
65967.48,0.09060321
65964.02,0.1045574
65941.39,0.27499892
65921.43,0.00309931
65898.69,0.25249585
65898.83,0.00594759
65876.18,0.64822426
65828.03,0.46830546
65835.62,0.54349842
65843.06,0.03374995
65851.76,27.31857109
65845.9,0.65140884
65827.96,0.30338478
65841.34,1.8809806
65858.48,1.02821782
65870.38,0.12262853
65857.57,0.30363706
65813.71,0.00082229
65807.31,0.00046244
65813.89,3.05392765
65823.84,0.02582121
65801.0,0.009995
65825.55,0.68005918
65817.23,0.00470681
65812.82,0.45615742
65819.36,0.03618102
65835.5,0.15657929
65857.5,0.10560404
65841.63,0.00246819
65841.63,1.30618003
65812.67,0.07958729
65834.71,0.04370709
65839.47,0.09131385
65808.39,1.45204842
65751.19,0.1783179
65752.68,1.15768479
65775.84,0.00953936
65774.05,0.19727624
65770.14,0.03870093
65777.32,1.38285323
65787.07,0.73686479
65783.27,0.0283172
65783.27,0.1443225
65750.95,0.47881134
65735.82,0.41494335
65708.71,0.34492878
65759.74,0.00231117
65765.56,0.14695815
65762.22,2.21337428
65625.44,0.31835866
65656.23,0.61881566
65644.97,1.69885296
65666.0,1.42497648
65694.52,0.21747099
65692.19,0.42710861
65604.64,5.23067962
65518.53,1.40007876
65571.55,1.02173691
65590.03,0.82703644
65585.47,1.43421219
65580.97,0.24177372
65573.92,0.00366851
65581.9,0.13356634
65579.41,0.36872558
65592.42,0.14095514
65585.32,1.45993751
65558.56,0.36055689
65568.33,0.67641258
65585.35,0.86922432
65634.98,0.62317078
65627.42,0.01779765
65618.27,0.26480786
65610.01,0.63829545
65608.4,0.25916908
65602.38,0.28903189
65598.09,0.00774688
65555.47,0.1021142
65567.19,0.45618259
65558.56,0.08858758
65571.4,0.02667388
65551.55,0.01088908
65575.03,0.00900912
65558.16,0.12567471
65546.86,0.12417179
65532.94,0.20982342
65535.58,0.05997707
65543.45,0.48011447
65545.95,0.81512023
65570.63,0.00895632
65567.99,2.64066272
65660.32,0.19010064
65599.02,2.44582305
65616.67,0.65095418
65663.94,1.3033651
65748.52,0.29944493
65740.26,0.18618108
65776.76,0.48103935
65793.96,1.67438528
65724.01,1.26592264
65797.73,0.73606019
65771.65,1.39401897
65813.16,0.30785201
65826.74,0.15497316
65833.45,0.6786577
65849.42,0.79819508
65891.16,0.20392009
65928.29,1.87953645
65819.03,0.74068428
65817.52,0.41895063
65850.63,0.98784158
65781.22,0.34296728
65782.73,5.66208445
65784.01,0.12411644
65852.05,11.26085715
65884.95,2.47866835
65888.32,0.30447704
65859.46,0.86020586
65892.45,0.15592846
65891.85,0.02113758
65905.66,1.50379653
65879.29,1.22359345
65869.49,0.82342224
65872.76,2.71902134
65852.31,2.87150095
65991.18,7.78076799
66132.9,1.09069051
66094.49,0.34710041
65988.75,0.97965716
65893.41,0.51826938
65957.63,0.16748938
65950.53,0.14317487
65948.08,0.30806071
65925.54,0.21530906
65884.17,3.07398977
65861.7,2.52147957
65750.33,0.71469225
65712.2,0.10384898
65723.8,2.07972596
65709.36,0.42128683
65736.39,0.14388679
65718.01,6.21453826
65675.37,3.45460344
65646.18,0.42251725
65639.03,0.2592268
65610.11,0.23156532
65673.3,0.0153734
65619.3,2.07756364
65636.39,1.08512843
65560.56,3.46637445
65585.26,0.49180121
65630.13,0.15300449
65655.04,0.01514479
65673.67,0.60005433
65689.55,0.12988569
65667.74,1.40178746
65686.53,0.44714067
65823.3,0.56378782
65759.96,0.01588825
65680.76,0.16559526
65683.62,0.02715018
65620.89,0.60690401
65640.37,0.71949311
65682.43,0.42473409
65685.82,2.59877322
65633.19,1.03481156
65659.04,0.40041485
65688.96,2.8556514
65673.41,0.13523591
65679.08,1.2759796
65704.45,0.30679538
65738.67,0.31489748
65748.54,0.52209986
65710.62,2.4026542
65720.97,0.77927045
65711.41,1.28707044
65675.96,0.01797863
65665.88,0.33817887
65681.99,0.44823795
65737.74,0.14025626
65766.13,0.9792527
65819.05,1.48351109
65775.25,0.21156787
65796.12,1.2742363
65867.24,3.47454527
65855.01,0.17940942
65852.85,0.58700751
65832.45,0.11810598
65830.51,0.1155206
65865.39,0.17353691
65837.38,0.25406301
65862.12,0.56838395
65878.15,0.1712299
65863.26,2.02199236
65840.41,0.30502651
65903.81,0.84288184
65891.44,1.33131231
65892.82,0.73275955
65933.15,0.29812095
65906.22,0.03311706
65945.07,0.33000738
66000.0,1.0463739
65954.78,0.06360497
65965.37,3.25315776
65992.74,1.55111514
65997.47,1.77089335
66046.11,0.79928147
66070.22,0.34104608
66076.09,0.3218702
66058.89,0.74413522
66059.99,0.52431249
66056.62,0.25256531
66082.94,1.06466915
66021.25,0.95969441
65985.48,0.00083787
65951.64,1.69106686
65970.85,1.27746707
65994.64,0.0241156
65954.08,0.86761615
65961.58,0.5129569
65947.42,0.25231326
65949.34,1.46934408
65994.4,0.02684344
65961.42,0.11036797
65957.74,0.4019528
65985.57,0.05750345
66010.65,1.96511418
65927.4,1.02209632
65971.96,0.519964
65972.9,0.5585206
66012.77,0.26127246
66007.01,0.13608544
66016.93,0.00394725
65982.03,0.12704861
65959.33,0.62139039
65983.47,0.27454238
66027.01,0.89574192
65979.43,0.00110594
65982.45,0.01958949
65987.45,0.29201354
66011.46,0.25063382
65994.25,0.08840148
66013.99,0.15777019
65992.62,0.00858396
65984.89,0.03701224
65999.08,0.50258793
66028.88,1.05809441
66041.27,0.55657538
66078.19,0.02985029
66118.51,0.02388447
66115.13,1.24496707
66045.53,1.38173977
66041.98,1.00618761
66058.05,0.03107814
66081.44,0.45485462
66091.62,1.00126431
66023.27,0.01697713
65978.36,3.08179682
65945.35,0.95227859
66008.05,0.02481157
66036.57,0.00537605
66026.51,0.07558983
65974.86,0.33407463
65967.32,0.0018661
65954.59,0.54868463
65951.01,0.4365662
65935.38,1.28232858
65912.19,0.0922228
65933.85,0.11732729
65975.45,0.74448259
65993.07,0.02043795
66047.07,1.16103119
66112.66,0.01073228
66122.85,3.40404235
66220.99,2.13015341
66214.49,0.56146388
66188.13,0.27997991
66234.47,0.06718481
66256.83,1.52118239
66309.58,1.07654222
66331.89,0.17702005
66252.03,0.4209283
66246.02,0.01151975
66283.24,0.11109794
66258.19,0.01863164
66263.13,1.67929709
66216.77,0.70265231
66192.99,0.40213192
66180.45,0.10198247
66175.01,0.04578381
66169.28,0.59305634
66199.27,0.03221738
66180.32,2.50682366
66213.23,0.38985004
66155.13,1.0856778
66131.59,0.28560828
66185.14,3.77094388
66213.17,1.68386184
66190.06,3.95892732
66201.61,0.04014493
66206.78,8.18849024
66214.28,4.61203455
66205.01,3.21777272
66219.81,1.98586163
66245.81,0.89992571
66198.79,0.31302729
66189.18,0.05132093
66197.0,0.00512876
66218.45,1.30394332
66224.1,1.28471252
66165.12,0.37428815
66179.79,0.26203186
66159.02,0.10199494
66183.44,0.04685583
66166.04,0.73838866
66142.42,0.56105279
66114.29,0.5566114
66076.87,0.11284808
66038.44,0.27891433
66054.88,0.00841903
66044.62,0.18504124
66031.21,0.37268718
66023.03,0.13744479
66011.78,0.86798993
65997.18,0.24183136
66009.9,0.13450679
65993.2,0.32839196
65920.2,0.5527195
65954.26,0.94874658
65974.93,0.12056317
65964.24,1.22090052
65998.11,0.60487109
66052.26,0.17956549
66051.24,0.721621
66035.63,0.62557198
66024.82,0.10951487
66061.92,0.19971904
66070.99,0.09646656
66122.24,0.67079586
66088.02,1.01970078
66114.39,0.33465998
66123.63,0.00992733
66122.28,0.39545073
66127.14,0.01443862
66151.22,0.83314023
66151.25,0.2174474
66137.08,1.94011812
66195.75,0.19699329
66184.31,0.7443406
66166.89,0.84033006
66124.12,0.50373893
66117.29,0.10014622
66123.62,0.58239737
66075.32,2.11082026
66067.1,1.40730497
66024.32,1.26011376
66036.03,1.11938147
66013.51,0.49750141
65999.34,2.00984984
66002.64,0.99276943
66008.0,1.96646476
66028.99,5.52787018
65990.44,1.24911242
65983.33,1.92668717
66002.6,0.41780828
66040.48,2.00701554
66033.0,0.44029478
66018.21,0.94652865
66029.56,2.27740288
66014.99,0.82537305
65976.26,0.94563725
65982.68,0.59989128
65961.3,2.02520685
65951.44,0.39257091
65957.48,1.94022307
65962.9,2.03234836
65946.87,0.96342033
65944.32,2.04776984
65954.24,0.06780418
65975.78,1.98294188
65967.96,0.46857783
66026.39,2.03990014
65934.02,1.85920917
65867.04,2.28050005
65859.83,0.30742296
65847.37,4.50874
65845.51,0.01308731
65856.72,0.31561685
65885.62,0.06507779
65849.85,0.01112609
65843.04,0.78791101
65836.45,0.71100695
65782.74,1.13492664
65699.55,1.66935397
65760.91,1.6736662
65724.05,1.8748459
65776.96,0.30353639
65780.36,0.33984315
65735.8,0.76228251
65725.17,0.21504871
65722.47,0.49908653
65716.7,0.03165693
65740.51,0.64721051
65738.47,0.00328908
65740.47,0.10973831
65744.62,0.51668422
65766.4,0.52126228
65794.31,0.19487286
65824.43,0.07902483
65809.13,0.29568208
65781.49,0.12094337
65828.23,0.04798559
65828.24,0.40977264
65823.14,0.72872016
65844.11,0.00653225
65854.02,0.20309478
65888.06,0.15360798
65876.02,0.35214973
65867.23,0.00278942
65867.22,0.00668541
65866.67,0.063898
65886.8,0.16709349
65827.94,0.23895676
65822.16,0.00328453
65822.16,0.00866512
65846.52,0.53671644
65827.45,0.15170112
65811.91,0.00728486
65783.46,0.033055
65776.83,0.00680905
65766.28,1.06533759
65763.08,0.31558854
65756.69,1.82938259
65668.56,0.09451741
65694.5,0.035183
65727.61,3.96669438
65740.29,0.15548063
65772.51,0.50950808
65758.9,0.47100549
65795.86,0.01349629
65817.46,0.01495771
65782.76,0.29483778
65823.27,1.2098275
65826.38,0.01917428
65863.93,0.69670943
65846.99,0.49764281
65842.76,0.15332887
65885.37,0.20473737
65880.14,0.01997958
65890.25,0.02783525
65870.76,0.97533372
65888.83,0.26308169
65884.45,0.05622948
65892.79,0.18784615
65915.73,0.10987014
65889.46,0.00118531
65897.58,0.44427517
65875.25,0.80519527
65889.78,1.67331352
65886.83,0.26208168
65859.02,0.08460419
65857.95,0.00801552
65848.09,0.08169721
65860.23,0.30278076
65842.99,0.03176301
65827.61,10.19550404
65827.6,0.05403907
65817.0,0.0057462
65823.69,0.35105621
65851.91,1.00402576
65851.91,8.15938823
65833.32,0.03118675
65838.6,1.57475111
65862.09,0.39489562
65845.83,1.42729435
65835.39,0.0071954
65866.65,0.03628237
65885.62,0.66182227
65897.46,0.66599624
65897.46,0.00806519
65890.72,7.09427143
65885.05,12.52055885
65878.76,6.19237574
65866.55,6.1157278
65859.67,1.03103927
65813.15,0.13152823
65792.47,0.06431035
65792.18,1.13138047
65786.02,1.16008373
65805.1,0.29447638
65800.16,0.39172516
65792.79,0.21146262
65835.08,0.01002242
65834.47,0.40842061
65837.12,0.79295777
65908.75,0.95302677
65893.01,0.19193047
65861.27,0.2557449
65874.01,1.10521917
65862.75,0.13142506
65901.04,0.56831303
65897.27,0.01263277
65870.14,0.00970058
65886.7,0.00175104
65883.8,0.00255456
65900.59,0.39626749
65938.32,0.06764439
65885.56,0.15530628
65876.97,0.005522
65883.75,0.01847753
65897.71,0.65876811
65908.88,0.04128953
65908.87,0.36276557
65910.12,0.00761824
65908.33,0.00464867
65873.44,0.00129125
65882.15,0.04993729
65884.6,0.00415071
65872.47,0.00597174
65889.87,0.03055659
65900.62,0.06868594
65892.81,0.81889706
65889.16,0.10032151
65900.57,0.30098117
65900.56,0.00779999
65909.23,1.14313636
65882.92,0.02301715
65882.92,0.17859256
65865.82,0.00841447
65874.57,0.08582247
65874.57,0.01295941
65881.45,0.10543149
65907.0,0.00683429
65897.86,0.36073674
65906.92,2.34223633
65891.67,0.00718987
65901.91,0.52811205
65901.91,0.00197415
65891.78,0.00768721
65887.21,0.20666322
65886.12,0.08038469
65891.22,0.00639878
65882.57,4.37667889
65882.56,0.26110884
65882.57,0.31590108
65889.92,0.60531663
65900.99,0.35367902
65901.9,0.25527407
65895.1,2.63894375
65895.1,0.06106644
65895.1,0.01313221
65895.11,0.37280601
65888.88,0.0003036
65892.12,0.00165601
65892.12,0.00682103
65901.99,0.3259562
65902.0,0.19158698
65907.29,0.2520889
65909.71,0.42869025
65879.38,0.00122517
65880.45,2.69358407
65904.73,0.43662329
65904.76,0.01025327
65900.75,1.0203836
65893.46,4.38632189
65888.27,0.20058033
65870.0,0.02185708
65872.42,0.11793129
65872.43,4.74352394
65877.59,0.00049332
65877.6,0.04008486
65883.21,0.00607625
65891.83,0.8307798
65888.1,0.38304384
65891.07,4.51808812
65921.46,0.7688555
65994.96,0.30987414
65984.48,0.08239953
66030.78,0.34570199
66021.6,0.00111945
66021.61,0.1748453
66059.07,0.34915497
66046.0,1.44092527
66069.33,0.02582001
66092.76,2.38069367
66095.7,0.5751449
66052.59,0.25766984
66024.6,0.9539268
66049.0,0.81863681
66079.67,0.04735428
66077.19,0.25052513
66096.54,0.00761119
66096.55,0.09214246
66049.63,0.40257243
66056.76,0.90206525
66029.69,0.01768279
66025.56,0.00648818
66025.55,1.00491711
66028.69,0.37550808
66015.18,0.79765128
66028.69,4.22063745
66012.27,1.03056128
65971.17,0.53431382
65976.52,0.62818438
65968.47,0.03400922
65977.07,0.03961441
65976.04,0.78464116
66013.21,0.64049384
65967.22,0.33720472
65956.41,0.030885
65976.79,0.02597339
65979.87,0.14461386
65982.2,0.28746167
66001.44,0.11759831
65981.18,0.03754948
65981.18,0.12040511
65983.51,0.16988076
65974.17,0.69800926
65983.5,0.07305463
65992.0,0.32135101
65972.66,0.39162037
65912.02,0.56847334
65917.97,0.23912906
65930.22,0.10633573
65941.76,0.10517106
65973.88,0.32757693
65986.37,0.01471228
65994.43,0.02297448
65994.42,0.14610447
65991.38,0.01213674
66000.96,0.60214167
65980.02,0.11916124
65981.88,0.03610685
65977.83,0.05799169
65974.3,0.26700513
65948.02,0.46192897
65930.31,0.81142933
65925.8,0.00887747
65935.87,0.05899909
65932.9,0.01417239
65930.36,0.19158145
65913.78,0.33654865
65921.34,0.54052347
65922.85,0.33922989
65928.94,0.03005314
65928.94,0.03750299
65924.87,0.01797907
65936.05,0.67222295
65949.54,0.01060199
65954.06,0.38921442
65998.87,0.14403358
65984.03,0.68468285
65989.92,0.02495929
66000.71,0.1333569
65984.03,0.04282725
66005.35,0.05799478
65996.7,0.68077501
66018.19,0.68539275
65990.38,0.7702122
65992.81,0.39266794
66018.74,0.04364242
66009.37,0.22230487
65996.78,0.15588708
66010.69,0.66308844
65999.98,0.39154968
65994.45,0.60657408
66004.19,0.34058995
66005.39,0.0075014
66033.67,0.11569411
66031.05,0.17371582
66033.67,0.04791712
66041.04,1.54619923
65967.12,2.17675983
65948.51,0.83577612
65895.59,0.83664879
65858.5,0.08741582
65866.39,0.31744285
65880.65,0.77001366
65848.5,0.12500115
65825.01,1.39445781
65860.9,0.26364676
65896.36,0.00946568
65930.81,0.10461134
65932.63,0.0035264
65930.81,0.00920491
65943.89,1.60010865
65930.72,0.14877234
65946.43,0.18116558
65954.41,0.28278178
65954.42,0.36620007
65946.9,0.20771941
65956.89,0.13853361
65939.57,0.26945863
65951.57,0.43639954
65940.6,0.16540481
65937.61,0.03512302
65940.59,0.03109704
65943.93,0.11111239
65945.93,0.02416064
65945.49,0.00082767
65945.49,2.15524039
65955.28,0.40548642
65947.04,0.14783458
65947.04,0.96450964
65945.56,0.00728917
65952.22,0.01747136
65969.44,0.02320227
65989.19,0.12759273
65977.86,0.01354405
65986.12,0.01113087
65998.95,0.00143194
65998.95,0.69170564
65997.24,0.00472299
65997.23,0.07567565
66001.14,0.67876131
66036.28,0.45317538
66030.28,1.82538292
66089.34,0.423088
66089.3,0.23824391
66102.45,1.99275585
66086.87,0.19934459
66093.46,0.41666903
66055.98,0.09359245
66051.74,0.1603048
66064.62,0.25555258
66106.06,1.73433529
66135.74,0.26908554
66162.09,0.26767786
66162.09,0.00986546
66188.52,0.18277944
66176.82,0.31197755
66174.5,0.01866018
66193.49,0.17588359
66185.94,1.55944129
66150.43,1.18977818
66154.91,0.62803446
66141.39,0.30928398
66165.79,2.38663802
66172.21,0.13851559
66140.41,0.00472981
66158.96,4.27156083
66200.0,0.07172538
66199.99,0.28366453
66237.78,0.17399984
66216.71,0.03982051
66235.46,0.25345042
66237.94,11.33116201
66243.19,4.95426819
66255.85,1.97866078
66228.61,0.91760777
66218.07,0.15760867
66162.74,0.20825564
66168.67,0.72506327
66188.26,0.11010144
66190.23,0.12785535
66224.24,0.69971446
66225.57,0.43182112
66193.92,1.2050044
66184.0,0.35783077
66172.67,0.81720689
66166.02,0.17690648
66166.02,0.07693296
66169.92,1.88510007
66134.63,0.40750836
66144.54,0.63996713
66115.71,0.40772195
66143.31,0.58042453
66156.45,0.27306798
66161.27,0.61135113
66144.74,2.16069019
66105.34,2.08930514
66089.48,1.96218204
66134.41,0.47896142
66105.35,0.47933028
66088.18,0.00427245
66088.18,0.85084767
66046.78,1.56642869
66033.7,0.60319961
66033.16,0.90240016
66033.16,0.35533827
66033.15,3.10117011
65998.06,1.16794259
66046.05,0.77078435
66058.45,1.5550942
66081.26,1.14439097
66117.77,1.22014459
66168.42,0.90732008
66119.78,0.42255872
66122.53,4.66084852
66016.1,0.4345164
65989.5,0.76071768
66027.03,0.22310984
66031.96,0.87487909
66012.34,0.93786223
66007.61,0.59132467
66008.71,0.68337962
66002.01,0.51331965
65969.31,2.11591853
65897.1,0.56962723
65897.11,0.32695066
65887.78,0.73534658
65893.01,1.84493255
65943.13,0.81717379
65926.71,1.82163092
65902.56,4.21714664
65885.16,1.59847866
65903.88,0.31682764
65911.51,0.2636761
65914.19,0.35273989
65910.81,0.27686898
65906.82,0.48839682
65842.45,0.70941281
65805.99,0.20751959
65852.57,0.20743032
65844.02,0.17190923
65838.88,0.40995383
65823.58,0.321141
65794.68,0.45931241
65744.47,1.77383667
65734.58,0.81309314
65749.75,0.33481587
65748.66,0.24539281
65744.65,0.19126593
65773.71,0.32483476
65771.68,0.5619036
65764.2,0.32695208
65797.73,0.26050586
65795.4,0.57289729
65778.57,0.28733299
65797.6,0.52553921
65801.06,0.36925404
65805.45,0.32728371
65815.19,1.17099007
65800.9,1.72373573
65786.77,1.13204271
65828.36,0.24833382
65828.36,0.48865543
65837.0,0.50002286
65809.87,0.11192484
65809.86,0.36437314
65804.44,1.91162509
65757.62,2.28691748
65769.93,1.2207622
65771.58,0.85930777
65716.32,0.35659291
65810.28,0.5859395
65798.68,0.10229351
65809.4,0.06752179
65807.03,0.15604994
65799.99,0.49462625
65791.67,0.20574906
65802.36,0.20163026
65805.24,0.7774982
65775.38,0.62412472
65736.25,1.1919217
65702.8,1.32995
65736.39,0.58971088
65715.7,0.44510404
65715.3,0.16817511
65698.0,1.083595
65730.15,0.08209897
65724.87,0.21556711
65709.85,0.48929599
65720.13,0.55977459
65688.59,0.19778847
65706.97,0.47102616
65681.5,0.98821234
65643.3,0.47151117
65693.8,0.20308428
65716.44,0.18177826
65716.43,0.14401611
65711.81,0.21738437
65711.8,0.10642524
65761.45,0.06279002
65776.26,0.01087684
65797.2,0.00771066
65797.2,0.39929456
65778.55,3.57034427
65742.9,0.31800172
65724.04,1.60061743
65732.48,0.92784916
65727.42,0.08635874
65729.92,0.15323531
65729.92,0.30605277
65731.0,1.16270834
65748.66,0.5225421
65798.43,2.31368941
65770.95,0.19745743
65735.43,0.40339313
65759.09,0.61555083
65767.09,0.16461926
65753.95,1.13537824
65785.53,0.58626919
65774.36,0.00023038
65787.27,0.18755527
65749.21,0.87389587
65765.66,0.00723128
65782.44,0.00157413
65786.41,0.00523478
65795.52,0.25530794
65778.4,0.29945034
65772.98,0.24924134
65763.8,0.00023038
65770.38,0.1495402
65757.07,1.20466441
65712.45,3.45479062
65671.79,2.31418273
65702.51,0.10095983
65678.77,0.14061438
65671.95,1.383348
65707.33,0.20700561
65679.77,1.14613933
65626.23,3.19821347
65566.01,1.83446326
65597.42,0.17916474
65602.91,0.66946006
65589.36,0.20361306
65586.76,0.05002709
65598.04,0.32765936
65589.54,0.19482659
65589.53,0.05794098
65609.92,1.73446849
65633.24,0.03134786
65633.23,0.84579844
65635.33,0.11295596
65615.71,0.60479642
65566.59,1.17282102
65566.1,0.00282593
65573.06,0.32484321
65587.29,1.51889209
65603.02,1.9664144
65651.34,0.28622848
65617.03,1.24666482
65632.8,0.15713941
65632.82,0.0034918
65642.64,0.18743869
65622.1,0.00642142
65642.11,0.02385662
65645.99,0.04208179
65650.25,0.00922168
65664.18,0.46800073
65661.0,0.83722007
65650.62,0.18615319
65634.61,0.17498975
65639.1,0.00182908
65657.69,0.95265231
65657.68,0.1519449
65649.01,0.17261085
65642.8,0.38777777
65628.52,1.18038557
65611.68,0.3335539
65617.6,0.20275726
65621.3,0.01951132
65647.5,0.00864232
65647.47,0.32520624
65636.72,0.06060012
65621.11,0.2212491
65621.12,0.00074104
65621.11,1.11829985
65631.09,0.00031668
65628.05,0.7896298
65590.99,0.41156155
65570.78,1.26989224
65591.0,1.36772841
65598.39,0.19341713
65614.97,0.00030786
65625.16,0.13080915
65619.59,1.0530985
65562.83,0.00379907
65614.53,3.14877225
65590.09,0.05998028
65606.7,0.07750967
65599.01,0.48836588
65622.96,0.13559081
65631.02,0.00138514
65634.46,1.79580665
65645.91,1.14075096
65624.95,0.06162692
65619.8,0.38685116
65605.16,0.00223362
65605.15,0.33473077
65645.53,0.0535223
65653.84,0.00256615
65657.41,0.01867751
65657.41,0.41111537
65670.29,0.27863222
65694.47,0.00035303
65694.47,0.38465533
65686.99,0.81291743
65678.38,0.62498789
65658.86,1.70125807
65659.03,0.23487067
65612.19,0.02703984
65626.23,0.03096363
65626.99,0.28505117
65628.0,0.0047029
65633.9,0.13898018
65623.51,0.00015396
65624.22,0.89948737
65597.3,0.00512326
65597.32,0.010861
65599.76,0.04499525
65597.31,0.17176209
65585.99,0.75283196
65588.44,0.04472376
65594.45,0.29563442
65583.41,0.42744205
65615.65,0.29268365
65634.97,1.08902589
65617.97,0.61919712
65598.93,0.46624122
65585.12,2.07883106
65572.91,0.63096053
65565.01,0.15803711
65569.36,0.18411408
65569.37,0.09036541
65569.39,0.2608894
65565.01,0.02975911
65580.19,0.25170297
65565.02,0.00041256
65576.16,0.46739604
65549.41,0.01412954
65549.41,0.66818039
65539.9,0.50977156
65551.0,0.02714079
65551.0,0.2097826
65559.4,1.31842387
65573.99,0.3935003
65580.61,0.00135496
65580.61,1.12524671
65588.21,0.37307325
65583.67,0.00386858
65583.68,0.42642101
65576.47,0.00167401
65599.72,0.00015391
65607.26,0.38670451
65600.22,0.51748228
65570.66,0.56655458
65589.99,0.72218007
65611.98,0.00519882
65615.82,0.04990158
65632.62,0.33225419
65644.18,0.45886864
65627.85,0.9705477
65584.22,0.0244497
65600.96,0.0055995
65623.87,1.20405005
65654.42,0.00757435
65669.94,1.00540019
65671.96,0.86215696
65686.2,0.17558141
65726.01,0.81525554
65748.19,1.54141152
65755.25,0.91872184
65748.34,0.37143885
65713.61,0.25690869
65709.78,0.06101684
65699.35,0.28314719
65687.85,0.19114994
65676.76,0.00144103
65676.76,0.02978871
65686.0,0.00196018
65695.18,0.10627137
65708.73,0.1522817
65708.73,0.09743293
65707.46,0.79156161
65718.36,0.00816791
65721.03,0.13427997
65718.35,0.18289666
65700.87,1.0941285
65663.11,0.73681497
65617.27,0.27154621
65617.28,0.01278575
65626.62,0.00039685
65627.83,0.42759993
65622.21,0.00826485
65637.99,0.1917177
65660.45,0.00767762
65662.55,0.00234636
65660.45,0.5700384
65656.05,0.90321457
65675.43,0.17101082
65680.58,0.2452436
65670.89,0.29049615
65653.15,0.66914697
65665.26,0.0214486
65681.97,0.2231672
65670.69,0.32450388
65652.76,0.25063519
65645.6,0.11979279
65635.29,0.03186989
65635.3,0.92460062
65614.26,1.35464892
65621.72,0.19620154
65624.11,0.22214985
65636.08,0.03384976
65638.68,0.31403892
65655.29,0.59942211
65649.2,0.87114738
65652.05,0.27519473
65667.86,0.01141765
65685.72,0.39140426
65671.98,0.19072702
65654.61,1.14081832
65638.34,1.83101621
65601.27,0.23435406
65644.22,0.11482148
65653.71,0.16735872
65662.48,0.91629056
65713.15,1.97638033
65717.97,0.04525415
65706.0,0.23771325
65714.88,0.40441371
65706.01,0.53751725
65700.4,0.20752491
65688.08,0.10717476
65682.39,0.0035386
65707.0,0.00462838
65706.99,0.09972483
65704.0,0.16436023
65710.06,0.00372459
65712.02,0.36156249
65725.08,0.68969866
65731.87,0.90129309
65747.79,0.02465357
65743.74,0.04448164
65750.65,0.12802434
65769.77,0.00261449
65767.16,0.0018806
65769.73,0.00365138
65769.73,0.00069079
65769.74,0.25023069
65769.73,1.46968564
65749.42,0.00255715
65781.48,0.15020509
65773.89,0.21735351
65757.3,0.00209442
65757.3,0.00371554
65757.3,0.21711912
65750.61,0.00793179
65750.6,1.50233155
65709.02,0.62165336
65664.26,0.47805796
65689.22,0.10965288
65707.34,2.03890839
65672.72,0.5504631
65667.16,0.07633454
65659.46,0.01168456
65658.01,0.0414455
65659.04,0.31564227
65654.0,1.10020283
65610.35,15.09163051
65375.96,0.28485327
65363.46,0.4485699
65331.5,0.42281549
65420.0,0.17248607
65420.22,0.76882646
65430.13,0.05474234
65441.76,1.46611302
65448.71,2.27371071
65417.28,0.52377711
65408.93,0.14207902
65409.81,0.0322889
65429.06,0.01499778
65429.06,0.58299073
65401.98,0.19679886
65416.93,0.32988097
65391.77,0.65542304
65417.16,0.18252682
65390.28,0.18866693
65399.88,0.3655035
65405.46,0.43185817
65419.0,1.5919245
65378.38,0.75848461
65418.38,0.7691754
65388.53,1.32184179
65384.03,0.28394561
65398.27,0.11462537
65400.0,1.32591106
65410.56,0.26591998
65395.33,0.10576613
65386.0,0.56263614
65380.25,0.41885451
65363.41,0.00290579
65378.51,0.42485466
65357.44,1.21773726
65344.74,0.26946226
65377.06,0.23686984
65371.55,0.95655395
65391.29,0.28832895
65377.09,0.12109425
65377.78,0.7775918
65352.21,0.13233552
65363.08,0.52830494
65361.0,0.00145454
65385.51,0.05197668
65400.98,0.00409044
65408.63,0.07897611
65413.0,0.52102862
65408.62,0.57985651
65406.68,1.71416818
65398.0,1.32603755
65413.98,1.67861242
65386.45,0.40764037
65432.0,1.09213484
65400.28,0.00123156
65426.11,0.06366086
65435.62,0.07722643
65443.74,0.10897734
65480.94,0.13042456
65473.59,0.00766606
65483.22,0.33601503
65526.83,0.53827003
65510.3,0.00228478
65513.21,0.25689298
65503.62,1.02243198
65491.54,0.13239395
65490.4,0.30296357
65526.58,0.32595486
65535.17,0.00890678
65535.16,0.11909041
65546.63,0.53972652
65502.14,0.10804073
65514.98,0.09248897
65496.0,0.00046789
65495.99,0.56362247
65481.18,0.01055243
65495.98,0.16552585
65513.51,0.47807945
65526.37,0.42430854
65549.51,0.22886814
65597.62,0.53543636
65601.52,1.16201146
65566.67,0.1398543
65581.0,0.03917923
65588.28,0.17222336
65588.28,0.00533682
65597.32,0.03260499
65589.3,0.18106693
65578.99,0.11278691
65576.99,0.19176681
65554.08,0.0371823
65577.0,0.41696454
65579.0,0.01833236
65602.6,0.13043274
65594.76,0.03021068
65594.76,0.1351386
65599.85,0.01162355
65605.92,0.01374094
65605.92,0.73015433
65594.75,0.41257117
65584.65,0.08924822
65581.93,0.58941285
65562.97,0.00315771
65576.28,0.41233918
65592.79,0.10625822
65584.41,0.10428192
65598.38,0.04553654
65600.47,0.13755293
65603.93,1.28309609
65598.75,0.17886
65583.44,0.27335594
65591.28,0.71321011
65617.05,0.47820102
65658.3,0.00152471
65689.85,1.33269895
65689.04,0.21430006
65673.59,0.30600081
65667.36,1.49123851
65665.01,0.77356693
65674.78,0.15979634
65678.71,0.14429392
65660.45,0.1049147
65647.86,0.10325269
65641.28,0.00986571
65641.28,0.13973171
65641.29,0.03558671
65651.25,0.04270219
65665.89,0.21670072
65684.79,0.19429359
65682.79,0.10243152
65706.46,0.22405372
65694.83,0.17130955
65676.72,0.67508684
65676.71,0.03131157
65676.39,0.07309028
65685.81,0.05305332
65690.54,0.37681419
65690.55,0.06980942
65690.54,0.20522732
65673.26,0.48081642
65683.81,0.02122063
65701.56,0.03500325
65696.81,0.77030117
65686.25,0.47757746
65667.07,0.00812653
65667.08,0.07768799
65667.07,0.11576804
65674.05,0.14873067
65671.41,0.03687397
65671.41,0.0004347
65671.41,0.03768084
65671.4,0.64221979
65688.28,0.08309707
65691.83,0.00030754
65691.83,0.02714076
65691.84,1.07764385
65682.46,0.20706182
65682.61,0.74091055
65676.59,0.07812497
65669.99,0.00523045
65670.74,0.1973166
65644.03,0.33805677
65644.02,0.02488345
65669.79,0.21674899
65645.57,0.49834048
65642.51,0.02327489
65638.84,0.03341546
65638.83,0.32536219
65599.11,0.05056967
65599.11,1.96644811
65557.34,0.10216299
65572.97,0.17213383
65600.15,0.05622686
65616.79,0.03359085
65622.22,0.90680752
65658.73,0.00273527
65644.02,0.02734771
65660.76,0.11651075
65636.26,0.0024525
65655.64,0.39834172
65661.67,0.02343689
65661.67,0.03370842
65671.54,0.5909412
65671.51,0.00131682
65686.41,0.01489918
65688.7,0.04576223
65695.1,0.06125086
65680.54,0.00831504
65678.1,0.01622387
65678.1,0.36665688
65654.17,0.00304109
65654.77,0.00307872
65668.87,0.00341562
65660.0,0.01046331
65678.69,0.10236868
65683.21,1.81607777
65711.75,0.06348982
65722.69,0.0003305
65722.99,0.00625163
65736.26,2.17695153
65735.29,0.1070873
65750.36,0.39207922
65735.07,0.6433785
65731.81,0.66705458
65715.2,0.00179051
65730.14,0.0004167
65743.97,0.04395872
65742.86,0.01244305
65743.61,0.03073948
65739.21,0.00506838
65739.22,0.00041238
65743.62,0.00800794
65743.62,0.25617376
65735.99,0.09472758
65743.39,0.25654556
65743.62,0.30818641
65743.61,0.12894115
65739.2,0.01686895
65749.21,0.12642595
65749.2,0.01673918
65749.2,0.00813968
65731.54,0.08704774
65715.69,0.01662302
65718.59,0.01275318
65699.79,0.13478453
65698.28,0.00685677
65711.61,0.84657689
65693.53,0.10024569
65693.55,0.0070824
65703.03,0.06098469
65701.34,0.63227615
65682.0,0.60187924
65673.39,2.00802568
65663.52,0.00096765
65662.1,0.01437212
65637.62,0.25222624
65656.46,0.01022307
65655.21,0.01282508
65645.37,0.01352312
65630.63,0.00164391
65638.29,0.05778614
65656.44,0.03184983
65665.91,0.13035609
65657.32,0.36156247
65680.36,0.06873546
65682.61,0.00026836
65682.61,0.21378242
65652.76,0.00083255
65657.26,0.01785784
65657.25,0.03800939
65644.97,0.00955171
65641.35,0.03058749
65627.8,0.0105837
65600.96,0.05991087
65609.0,0.01754293
65611.0,0.0210786
65611.0,0.02490391
65617.11,0.02715431
65617.1,1.57102633
65599.84,0.98292994
65593.62,2.37658493
65593.61,0.85230161
65585.88,0.41730824
65577.86,0.30030799
65597.59,0.20186855
65561.84,0.0100471
65582.89,0.0090039
65566.65,0.02086935
65559.2,0.15249907
65559.19,0.5423724
65526.8,0.14249697
65527.61,0.37839038
65554.73,0.06392579
65536.75,0.1252416
65527.78,0.03139803
65535.96,0.0028981
65526.82,0.77943017
65517.25,0.85763634
65544.23,0.01085356
65533.55,0.06180152
65533.54,0.04049923
65533.55,1.90173152
65563.67,0.18507083
65554.14,0.11699448
65546.54,0.04411299
65533.23,0.20384923
65517.24,0.06376419
65517.24,0.14772119
65518.4,0.01411329
65525.92,1.13359071
65505.36,0.31072929
65491.68,1.16517914
65502.13,0.01107742
65535.99,0.01146656
65537.96,0.01799637
65508.71,0.03535814
65505.51,0.19430429
65494.29,0.00582398
65470.1,0.01558843
65463.8,0.15452801
65439.49,0.83807995
65480.69,0.10225152
65476.94,0.10068879
65493.28,0.15436813
65476.94,0.00155425
65476.14,5.44769652
65390.18,1.57006373
65452.31,0.64750571
65416.49,0.34091836
65396.32,0.51975702
65414.31,0.2117148
65454.49,2.23186902
65471.33,0.08003329
65443.76,2.64870676
65389.19,1.81202469
65400.83,0.04969863
65395.06,1.30872482
65418.46,4.52769813
65376.54,0.0038675
65380.88,1.32619659
65357.3,0.42578315
65354.97,1.36785684
65335.83,5.2725126
65229.65,1.02141126
65248.36,0.25981008
65242.01,1.25388436
65138.64,0.42177153
65131.49,0.0409729
65120.35,1.33866241
65128.26,3.62542766
65119.09,0.00956558
65103.08,1.43845202
65055.27,4.36888506
65096.03,20.81325551
65051.57,2.64325298
65062.04,1.46734359
65020.61,6.11503867
64962.0,4.6903751
65075.06,1.06797987
65106.42,0.88225305
65140.36,4.02173609
65214.75,0.79404639
65179.32,1.23707744
65181.55,0.08413594
65196.6,0.02277046
65186.67,0.06631613
65177.24,0.76282434
65176.58,1.05471389
65105.47,0.57476072
65133.98,1.42815911
65187.15,3.65478442
65163.54,0.44869879
65135.45,0.58470354
65141.17,0.40487691
65080.8,0.00733827
65030.46,0.55656337
65015.97,0.83043056
65074.45,0.32581197
65034.8,1.03657769
64994.54,2.49736216
65012.51,3.07823133
64990.25,0.66186593
65029.31,0.95505941
64990.01,0.69680391
64992.57,0.54610417
64983.88,0.80820691
65001.65,1.26520308
65023.6,0.25700691
64982.16,0.54778548
64990.99,4.09345769
65039.49,0.55090735
65052.0,0.75322608
65027.66,0.89634508
65019.11,1.91024658
65016.97,12.20451088
64986.99,3.78996904
64953.27,0.93586301
64980.19,1.76014241
64983.03,1.30433778
64976.96,4.62503096
65034.39,2.20561887
65070.99,1.55525066
65104.18,4.31336632
65152.05,2.1210255
65143.79,1.68542677
65110.49,2.65552112
65046.62,1.1055085
65003.5,1.57875425
64925.85,0.93727381
64965.01,6.53060566
64978.2,0.47352482
65042.96,0.33002407
65036.4,0.67205549
65041.18,3.86829854
65051.43,11.94291232
64996.88,3.45246975
64949.4,1.65469405
64894.53,9.96161051
64845.66,5.31461135
64912.89,1.19492669
64899.84,4.16388939
64819.02,2.41961592
64862.53,3.63467713
64957.9,6.63789047
65036.39,1.98422477
65041.78,1.05618055
64976.0,1.04509864
64923.95,0.93545707
64894.65,1.67970612
64835.2,3.0250966
64844.86,4.31647524
64834.62,2.8134938
64895.0,1.08546236
64862.87,1.28266288
64905.05,0.26281857
64918.82,1.01089383
64907.67,0.99697819
64904.13,2.48051264
64858.37,7.08872656
64862.44,3.45970388
64919.42,1.38602896
64972.18,26.99834951
65017.6,3.89502825
65013.39,11.53175505
65016.78,12.2612663
65004.64,0.00625078
65000.99,0.60530384
65022.61,1.00277547
65012.47,0.12536911
65048.84,4.36195142
65041.05,0.74233184
65120.88,2.73893611
65145.28,1.3374325
65111.27,2.68777863
65090.1,1.43939841
65123.0,0.38020325
65096.02,0.05135159
65114.73,0.3093462
65060.76,0.55276977
65098.07,13.20900963
65089.32,4.58546908
65049.95,0.13601452
65018.01,0.90428173
64990.64,2.1318341
65022.22,0.05811746
65001.32,0.10471866
65020.72,2.27104263
65159.33,0.06449189
65132.28,0.03492722
65130.5,0.3647736
65094.6,1.07586431
65055.83,0.55095045
64988.9,1.80627275
64980.02,0.25429641
64980.01,0.85230812
64944.94,0.79216093
64951.98,0.05407411
64919.59,0.1350757
64911.57,0.0609668
64886.2,0.63617099
64865.92,2.00602492
64852.01,0.65712496
64884.06,0.05486109
64823.66,2.11619809
64800.56,0.63973
64808.57,0.13834815
64824.42,0.03410853
64836.19,0.16355014
64831.55,0.19894729
64862.24,0.17761948
64859.16,0.55850657
64834.5,0.18194507
64825.35,1.16995796
64817.27,0.19304001
64834.07,0.37555765
64809.65,2.24603076
64808.58,3.34725702
64830.53,0.166916
64774.6,0.05982488
64773.75,0.71461031
64773.68,3.76928388
64730.53,0.25295654
64711.43,1.20443561
64694.98,0.84414103
64721.43,0.99764265
64743.51,0.20983024
64772.08,0.15683687
64794.23,0.09559278
64807.28,0.58736599
64830.76,0.23148267
64842.64,0.25140056
64858.12,3.70503542
64809.98,0.11365773
64826.55,0.50086784
64899.75,0.54971646
64878.09,0.40435347
64856.02,1.10514014
64834.36,1.01638645
64827.58,4.63640536
64814.82,0.79811013
64800.0,4.18389431
64822.32,1.51799666
64861.71,0.37238378
64869.89,0.04501881
64868.35,0.02770507
64885.07,0.42232754
64847.66,1.61889256
64877.96,0.08246589
64910.36,0.15655972
64902.86,0.2234639
64895.58,0.02762778
64917.64,0.36566716
64896.0,0.06838581
64880.74,0.50781539
64858.6,0.31710216
64856.28,0.10299676
64815.72,1.00484269
64839.82,0.43981955
64871.54,1.06878335
64921.53,0.01197984
64978.03,0.00962738
64935.15,0.00818484
64916.01,0.00733246
64906.72,0.29038489
64915.22,0.05272195
64942.46,0.16984671
64942.1,0.01559953
64918.18,0.01166791
64911.93,0.03853078
64914.38,0.5121305
64899.12,1.71889612
64868.01,1.05580789
64825.99,1.18922084
64819.5,0.0892613
64820.58,0.25358056
64798.45,0.90368501
64757.42,0.10110342
64770.68,5.32399055
64775.4,1.86193351
64777.0,1.69621323
64793.16,0.67511104
64815.99,0.39022776
64816.21,0.36602776
64800.01,0.13142223
64817.0,0.04775625
64824.3,0.01867915
64790.0,0.0279488
64775.99,0.15694964
64747.23,3.44585093
64714.43,0.01074988
64729.22,0.43801903
64720.6,2.64941714
64722.9,1.11111086
64769.5,1.03684744
64765.68,0.23860384
64752.78,0.25649261
64746.67,0.04833283
64745.48,0.08238259
64745.59,0.16459127
64761.86,0.81198826
64745.58,1.01922087
64722.79,0.4344851
64686.24,5.07598689
64690.94,1.50058556
64674.13,2.01647521
64691.05,1.8687917
64718.31,4.64292557
64699.57,2.77165024
64720.62,2.79227096
64725.1,0.01242016
64700.88,0.21361715
64679.71,0.51180782
64687.13,0.57534865
64702.42,0.50698895
64686.0,0.10476425
64699.47,0.00818322
64696.41,0.00999714
64688.89,0.16635567
64705.5,0.05394891
64684.73,0.19402391
64670.0,0.79580151
64690.32,0.09936128
64705.08,0.00233835
64690.32,0.25464685
64700.3,0.08501821
64716.63,0.29961584
64725.67,0.08573694
64739.06,0.60598512
64757.78,1.05888433
64687.47,0.3730063
64723.25,0.27558183
64718.62,0.86168564
64734.12,1.13308076
64718.39,0.05679683
64714.0,0.26711951
64691.52,0.2026179
64695.42,0.06809527
64703.86,0.05556565
64707.17,0.11066395
64722.37,1.4442241
64720.74,0.03963737
64693.5,0.49808917
64700.31,0.16352345
64680.72,1.32913025
64702.97,0.29113456
64723.0,1.62389978
64708.92,4.54855102
64710.15,1.3408171
64691.18,0.76836476
64697.4,2.97543339
64745.01,0.92958247
64729.73,0.57862484
64751.03,0.28744279
64793.38,0.24521131
64798.22,0.46118293
64770.35,0.55215499
64782.35,0.04667823
64790.86,0.06572839
64797.13,0.00495531
64786.68,0.133971
64768.46,0.08776599
64778.04,0.26611743
64786.68,0.95664779
64812.04,0.20295052
64822.67,0.47749205
64766.6,0.04657745
64768.65,0.2092114
64737.35,0.0525849
64750.98,0.08856919
64753.99,0.02090514
64743.77,0.05122338
64750.33,0.47885445
64754.0,0.08057723
64766.48,0.00171695
64758.34,0.78025716
64802.39,0.4893084
64790.83,0.00945596
64774.26,0.2847851
64790.83,0.19331386
64782.07,0.1486451
64772.62,0.17373025
64750.39,0.10261855
64770.06,0.1652934
64768.71,0.11869718
64748.17,0.21564102
64735.69,1.11451367
64720.0,0.09464083
64694.12,2.30459546
64640.23,0.72138412
64615.39,1.3641193
64637.8,0.42205291
64651.57,0.01542408
64647.38,1.02668504
64661.0,0.06544777
64643.99,0.7167817
64650.62,1.00864623
64680.31,0.42186709
64677.33,1.41652116
64690.04,1.38549333
64709.14,0.07943071
64706.06,0.30284069
64682.88,1.05710864
64700.73,0.05653992
64688.33,0.05088817
64672.11,0.36847169
64696.83,0.48782311
64681.86,0.11627463
64673.62,1.23848151
64663.87,0.07004248
64669.04,0.30871473
64664.98,0.18451775
64652.33,0.1153995
64675.44,0.6449114
64670.77,2.49668614
64693.51,0.11427983
64687.69,0.52934492
64710.53,0.43606756
64732.1,0.23142264
64732.09,11.63795159
64743.75,4.03061568
64743.48,1.58535786
64768.89,0.21085056
64787.04,0.14334924
64791.51,0.24584425
64801.68,0.57648687
64805.0,0.10890086
64797.56,0.08446642
64786.17,0.46034596
64771.79,0.7178743
64760.88,1.13057154
64760.88,0.15816168
64724.85,0.49480096
64735.61,0.54630462
64752.32,0.27344197
64752.33,0.72171432
64774.68,0.46337604
64798.4,6.91252945
64827.32,1.09457767
64838.06,0.67590663
64816.71,0.24993226
64816.71,1.28496483
64840.42,0.52094233
64870.77,1.63891895
64884.42,0.95535284
64819.27,0.51063141
64843.42,0.33207486
64843.42,0.17220713
64800.03,0.00764747
64798.39,0.88970241
64806.21,0.96374123
64836.72,3.13312043
64843.83,18.86205068
64870.08,1.14254264
64847.1,0.07165366
64850.33,0.59873704
64835.0,1.46615808
64832.89,0.21631377
64837.62,1.38292435
64829.07,1.96034012
64825.98,1.52290936
64810.11,1.56859333
64797.03,1.36661818
64739.95,3.46203684
64730.72,5.49230847
64745.9,0.80021468
64785.46,0.18456184
64785.45,0.24578336
64802.99,0.19753422
64764.99,0.65991055
64737.16,0.37954669
64741.66,0.42665145
64766.92,1.53669506
64752.12,0.6129267
64764.44,0.79359983
64794.64,1.90023269
64817.05,0.30730894
64817.06,0.6757692
64832.68,0.02404048
64830.96,0.10642919
64832.09,1.40468459
64862.7,0.186539
64839.48,1.00057761
64860.67,9.01060038
64832.84,2.45854966
64838.76,1.5957154
64809.31,2.08435465
64821.47,2.29553842
64827.05,0.56237284
64772.03,0.87760653
64754.73,0.95663952
64745.42,1.49155066
64682.31,0.33222923
64674.48,0.41371771
64699.85,0.09433406
64699.84,0.45665727
64698.44,1.85353696
64678.89,0.20846972
64678.88,1.3459501
64668.79,0.48784424
64644.37,4.45840966
64663.85,0.59234437
64658.8,0.51404876
64663.36,0.70086158
64697.2,9.19494989
64659.61,2.06189291
64706.12,0.98250547
64721.36,0.56124083
64733.74,0.46208472
64764.29,1.33843738
64783.82,1.99462371
64823.31,1.20774515
64833.75,0.47325524
64866.87,0.04152897
64870.81,0.95045834
64880.85,0.76271571
64908.19,0.59496438
64961.21,0.66170489
64983.0,0.01858369
64976.5,0.32347687
64979.56,0.12860353
64975.39,0.92550712
64981.85,1.92978085
64981.87,0.86629721
64986.65,1.24275962
64989.63,1.3487385
65003.57,1.69325728
65051.96,2.09920398
65042.05,0.50396502
65063.25,1.40634512
65068.18,3.28843155
65067.88,0.13784581
65057.06,0.05845145
65088.29,0.82216916
65087.82,1.84141392
65077.03,0.63194512
65080.68,0.74023967
65089.17,3.25820537
65117.05,1.74911387
65129.01,0.43497011
65119.04,0.00622993
65119.04,0.20168381
65099.35,0.00284665
65086.54,0.64043182
65082.65,0.55058037
65069.93,0.7202664
65073.34,0.88529032
65083.01,0.71727056
65103.4,0.87786142
65073.59,0.53528474
65068.17,0.13554809
65064.12,0.69646871
65076.49,0.72732275
65064.12,0.1931804
65076.5,0.00290543
65076.5,0.15480125
65076.49,0.07020302
65076.15,0.26808796
65071.9,0.28785933
65068.88,0.25263803
65085.53,0.00166042
65085.53,1.54606973
65085.53,0.00341969
65085.53,0.05091378
65072.91,0.01776817
65085.53,0.10221946
65098.78,0.02932468
65098.78,0.34412399
65104.73,0.45966381
65094.29,0.00311112
65094.29,0.10520959
65100.85,0.57212347
65131.82,4.33367404
65139.43,0.44129502
65126.13,0.10128161
65108.85,0.00815521
65100.67,0.08988346
65097.3,1.92761992
65061.01,0.01974932
65050.0,0.24396706
65033.7,0.22217549
65029.8,0.47401463
65010.11,0.01153076
65001.33,1.28677058
64992.7,0.25023455
64992.71,0.85494922
64995.54,0.33163758
64990.97,0.0008704
64981.91,0.02588987
64961.01,0.28878453
64967.5,0.83841789
64988.77,0.03575975
64992.51,0.82712926
64999.85,0.08189654
65031.01,0.03644294
65024.83,0.0559993
65045.41,0.52220125
65084.88,0.03250251
65084.88,0.00553267
65072.54,0.00192876
65072.54,0.03664535
65072.55,0.25790136
65061.76,0.00698187
65054.31,0.2080212
65054.31,0.00810634
65054.3,0.00508767
65054.3,0.04828986
65061.76,0.00960172
65019.78,0.01268041
65028.17,0.00268338
65028.16,0.13246577
65046.48,0.06718502
65029.74,0.43776132
65030.01,0.22060901
65031.01,0.05257843
65046.9,0.21339675
65095.4,1.63230973
65065.18,0.2837671
65084.06,0.33692078
65078.03,0.09579462
65104.44,0.65450591
65104.43,0.82790133
65106.65,0.06199175
65106.65,0.45619517
65081.03,0.00184638
65081.02,0.23487596
65087.2,0.20482026
65095.28,0.00744306
65094.83,0.0079763
65094.31,0.09432894
65118.73,0.73362077
65123.41,0.02032933
65092.49,1.58255034
65114.57,0.02729951
65116.79,0.9582648
65128.19,0.01603805
65128.18,0.13277217
65128.19,0.27935314
65158.65,0.02503164
65149.23,0.55951196
65123.64,1.20347869
65049.81,0.08028812
65068.71,0.02334283
65060.03,0.51271604
65035.75,0.07792588
65044.07,0.33702555
65044.07,0.00948473
65035.74,1.50944847
64985.44,0.14476992
64985.07,0.12141532
65013.0,0.07089754
65047.6,0.07330562
65059.28,0.57285702
65074.81,1.16413714
65092.21,0.04470429
65099.72,0.11975247
65134.87,0.18366331
65122.14,0.14209209
65120.01,0.04478713
65129.29,0.00452142
65098.2,0.18826729
65128.39,0.00152873
65128.39,0.0764846
65126.07,0.01958065
65126.07,0.18725157
65129.26,1.43187395
65147.6,0.48570827
65147.61,0.37760603
65145.97,0.10605368
65165.69,0.10235413
65165.68,7.63421163
65123.45,0.09777015
65139.11,2.2396348
65145.75,0.5131929
65159.33,0.06551176
65159.32,0.00366905
65134.33,0.41370119
65147.0,0.25590857
65139.83,0.06126264
65144.59,0.0025451
65140.1,0.00741717
65136.88,0.27812154
65122.77,0.76499049
65102.66,0.00984469
65102.67,0.25982957
65102.66,0.71688076
65131.0,0.03119189
65130.99,0.18654224
65134.32,0.39218971
65134.32,0.86427011
65142.02,0.14756774
65162.77,0.06356372
65145.66,0.36275698
65152.02,0.15153146
65152.01,0.74817408
65136.69,0.10891292
65154.43,0.5569203
65154.44,0.30136448
65154.42,0.02337517
65154.43,5.32052594
65127.6,0.15493412
65127.93,0.24348605
65126.3,0.00065591
65115.43,0.00839661
65115.44,0.62512739
65141.1,0.37392035
65141.11,0.15715939
65146.24,0.82991381
65141.1,0.7340768
65138.33,0.18142373
65148.73,0.00023253
65148.73,0.37083069
65159.68,0.72224371
65142.3,0.01029329
65126.04,0.3426114
65118.91,0.04625939
65126.97,0.00183817
65118.91,0.00705655
65110.21,0.81017969
65115.06,0.55189249
65125.33,0.00336474
65125.34,0.40178111
65109.57,0.22716738
65100.77,0.65709085
65115.07,0.32841155
65149.06,0.27933037
65149.07,0.28337243
65149.07,0.55373057
65146.82,0.27086284
65149.07,0.07182002
65133.38,0.18777588
65106.61,0.23813709
65131.3,0.54625339
65131.3,0.01820421
65115.76,0.20767721
65123.0,0.32385746
65118.02,0.01321207
65118.03,0.07562779
65100.87,0.53521038
65100.86,0.36819875
65093.21,0.49852967
65076.39,1.16824132
65036.97,0.75757607
65024.64,0.28694398
65036.57,0.6016434
65027.87,0.2700906
65017.87,0.07729513
65006.9,0.21301181
65022.45,0.13604005
65050.47,0.0985969
65050.47,0.11539213
65050.47,0.18465677
65009.89,0.21516996
65024.82,0.64358838
65007.21,0.80026649
64975.95,1.28368319
64900.88,0.61997741
64962.4,0.20841941
64941.15,1.02666809
64920.38,1.20609488
64894.53,0.24047299
64859.67,0.47723213
64861.62,1.14908666
64889.38,0.6791322
64893.19,0.15294311
64883.27,0.14136835
64883.27,0.0096655
64883.27,0.28134226
64871.29,0.16729769
64895.1,0.00073592
64879.63,0.68683633
64877.46,0.07851884
64898.71,0.29982617
64896.22,0.69560472
64935.62,0.20610642
64915.43,1.46748159
64861.34,0.69062904
64874.95,0.14754418
64842.13,0.00125245
64832.43,0.00015584
64832.43,0.19787135
64830.72,0.00023372
64830.72,1.4864631
64783.6,5.12808039
64754.83,0.33938965
64786.33,1.83481092
64821.68,0.34878416
64849.89,0.97165369
64822.24,0.02255932
64740.29,0.10696726
64739.11,0.10654971
64726.94,0.24705375
64726.22,0.13091251
64776.97,0.10090864
64792.86,0.06927423
64802.35,1.11040941
64857.21,0.03926763
64865.02,1.44485693
64872.21,0.0252325
64866.0,0.16901757
64873.04,0.300468
64888.36,0.02392526
64898.25,0.1645785
64880.93,0.0346148
64880.93,0.00592298
64872.8,0.69937686
64870.59,0.13617141
64884.42,0.50029931
64895.83,1.84461281
64906.37,0.40401988
64923.17,0.12238955
64906.36,0.12995975
64923.01,0.02816534
64914.52,0.17698596
64925.57,13.20585061
65045.99,1.34927023
65032.98,0.45364726
65011.56,0.61422713
65009.45,0.07471822
65013.75,0.36919067
65032.66,0.0220497
65016.35,0.00649972
64993.14,0.1518135
64987.25,0.12810006
64997.25,0.00838326
64995.37,0.32904045
64974.75,0.07718092
64965.47,0.11959783
64965.47,0.1141051
64950.66,0.13824603
64985.32,0.08513588
64979.05,0.00303735
64949.82,0.06371427
64956.27,1.50301725
64968.54,0.40761408
64984.28,0.67969075
65032.08,0.16707226
65054.99,0.11752584
65061.17,0.01251614
65048.33,0.12895663
64979.79,0.38800736
64982.73,0.85208066
64977.52,0.09238265
64989.16,0.4858426
65058.5,0.50241961
65076.97,0.25219149
65074.22,0.03827285
65072.0,0.55426975
65090.1,0.51013286
65104.5,0.16113993
65077.14,0.1488937
65096.02,0.11052113
65104.0,0.03886505
65083.69,0.00451918
65083.69,0.07965791
65052.84,0.24159527
65042.89,0.1120427
65053.92,0.12788887
65074.77,0.36307886
65067.51,1.28495978
65042.21,0.20024203
65034.56,0.16253379
65034.31,0.13898795
65048.85,0.37578673
65068.25,0.01057107
65048.29,0.04560094
65036.93,0.44579268
65028.65,0.37265036
65014.53,0.20189315
65032.31,0.04162778
65029.05,0.10844996
65042.19,0.44883561
65059.06,0.09068733
65052.02,0.11715079
65070.01,0.01417225
65017.17,0.00931347
65013.37,0.30715532
65030.36,0.03900858
65029.06,0.30174894
65064.23,0.20872807
65079.43,0.31723246
65076.86,0.10102007
65092.08,0.14542328
65126.21,0.66000208
65123.78,0.15534672
65118.83,0.07846262
65112.65,0.36465542
65069.7,0.30999162
65066.79,0.0491667
65066.8,0.45828132
65073.75,0.30837956
65057.57,0.12772244
65042.98,0.11057003
65051.71,0.12879501
65060.96,0.70436289
65101.28,0.03003741
65109.55,0.08087177
65119.84,0.02022954
65109.56,0.25176872
65093.35,12.04381886
65109.56,4.86715923
65069.09,0.20422523
65032.07,0.0661659
65015.16,0.47144043
64941.61,0.68792105
64892.8,2.06509733
64902.94,0.29684311
64891.31,0.17164044
64916.37,0.23876147
64933.3,0.02511932
64933.31,0.42883894
65006.71,0.08450589
64993.76,0.50851071
64991.18,0.21492473
65003.94,0.00681706
65003.94,0.00262591
65003.94,0.08894444
64987.54,0.22602048
64893.64,0.44246965
64899.39,0.20435728
64930.18,0.71572918
64932.58,0.20053018
64959.84,0.36808667
64972.97,0.13500414
64961.48,0.17405319
64959.04,1.27077775
64975.32,1.91071264
64995.59,0.62929316
65014.57,3.34507997
65040.26,0.8355345
65067.69,0.27914221
65045.49,0.19224918
65077.0,0.57554203
65089.22,0.55469036
65112.27,0.02467962
65117.31,0.16424479
65149.52,0.14497997
65158.05,0.55168107
65250.43,2.51559049
65245.36,0.28172916
65223.85,0.88645051
65217.31,0.42018309
65220.64,0.98422931
65251.39,0.11917973
65258.96,0.0539513
65258.95,0.75774871
65327.31,0.06187919
65324.38,0.1613127
65327.0,0.14607265
65337.83,0.76255276
65304.52,0.28374567
65316.33,0.1144536
65310.15,0.57656811
65334.26,1.17234906
65260.3,0.29309922
65259.57,0.20072165
65276.58,0.95532816
65312.91,0.20874448
65311.54,0.05058881
65301.24,0.20500427
65271.04,0.23598267
65293.43,0.37978465
65304.0,0.01310181
65275.69,0.07523334
65241.2,0.23388732
65254.72,0.01960229
65256.96,0.02093921
65251.59,0.13603775
65242.77,0.26649453
65262.76,0.06506155
65256.93,0.19327701
65281.5,0.05696461
65269.75,0.35128011
65298.29,0.35724054
65333.8,0.06377505
65348.92,0.17171793
65342.11,1.38955888
65343.84,0.23308553
65344.32,0.58503043
65396.84,0.02324617
65396.85,0.64797547
65382.03,0.14204489
65382.91,0.0314771
65390.84,3.6150637
65360.94,0.00030904
65360.93,0.17498546
65371.48,0.19475663
65403.05,0.00414677
65403.05,0.40271619
65407.22,0.75079637
65405.03,0.18158115
65372.38,0.10650682
65381.65,0.1715015
65381.65,0.68823173
65391.32,0.15843581
65377.85,0.24445194
65381.52,0.07922737
65366.15,0.29183088
65378.56,0.16305461
65363.88,0.53097377
65359.61,0.09881705
65340.3,0.2560589
65352.34,0.61683689
65352.83,0.25415812
65352.46,0.08296899
65347.21,0.03036484
65321.88,0.00534923
65314.69,0.58937211
65314.78,0.37949631
65322.06,0.1800313
65335.9,1.34914935
65299.02,0.44801621
65285.01,0.84602296
65298.98,0.88780914
65387.83,0.3003168
65359.36,0.17001863
65368.94,0.37965721
65344.59,0.32178649
65367.79,0.0129725
65367.78,0.00329251
65362.91,0.20687144
65329.03,0.2414194
65337.88,0.55157241
65344.98,0.12671956
65354.96,0.01495296
65332.17,0.04737183
65296.16,0.32035888
65324.79,0.00887707
65307.57,0.09494049
65296.23,0.00113606
65284.09,0.00117363
65261.49,0.99779308
65248.92,0.15302355
65255.73,0.51465674
65281.61,0.2147424
65281.62,0.00898192
65281.62,0.87020526
65281.61,0.10074892
65269.78,7.736e-05
65266.59,0.06154271
65274.56,0.60728924
65264.91,0.0097074
65261.93,0.00267995
65257.02,0.16803357
65254.51,0.14185393
65254.52,0.00032534
65254.51,0.00599042
65250.55,0.56440871
65236.68,0.29327122
65219.42,1.03748987
65259.49,0.02915418
65233.54,0.00441853
65209.33,0.36977041
65224.88,0.4402602
65220.4,0.07666421
65220.41,0.22191073
65255.94,0.27836255
65291.18,0.35625874
65336.23,0.05371709
65331.33,0.00991954
65316.69,0.00105407
65301.02,0.39583359
65304.17,0.02537617
65304.12,0.32179793
65304.16,0.38134098
65301.29,0.08668581
65297.78,0.06616948
65301.56,0.5034198
65323.44,0.06313894
65305.23,0.00046389
65305.22,0.08846584
65297.15,0.16003965
65297.14,0.5599176
65285.0,0.00099669
65285.0,0.35755567
65304.56,1.10652915
65278.2,0.33890553
65282.98,0.77383015
65282.98,0.02543264
65282.98,0.00064947
65282.99,0.01468644
65271.73,0.01342454
65264.78,0.00422906
65264.78,0.23342234
65243.71,0.06241121
65241.18,0.11331924
65226.62,0.08575639
65226.63,0.12859453
65238.43,0.01159099
65221.57,0.0638563
65215.78,0.00132223
65215.79,0.009626
65215.79,0.6408829
65221.56,0.20823179
65229.76,0.23856333
65252.59,0.06974156
65256.76,0.00033986
65256.75,0.13585216
65263.99,0.22558187
65267.56,0.21837912
65256.84,0.35664037
65240.12,0.08502283
65245.45,0.05010955
65245.44,0.04952375
65245.45,1.52227335
65261.12,0.00615635
65238.9,0.58215332
65247.39,0.11457909
65247.39,0.14182154
65247.39,0.45930097
65260.13,1.06322191
65241.31,0.14990367
65238.14,0.10102936
65234.83,0.00530042
65233.03,7.90160741
65269.9,7.00513985
65237.62,0.083096
65243.78,0.02145408
65231.89,0.77763198
65263.9,0.29775356
65269.0,0.63353747
65276.33,0.073167
65284.36,0.17141881
65304.69,0.17230135
65295.99,0.23689597
65332.47,0.01019587
65311.78,0.16073224
65326.14,0.72557403
65345.59,0.0013475
65345.59,1.15092528
65442.15,0.31277152
65419.94,0.0979044
65435.46,0.17001948
65388.14,0.19006088
65385.78,0.44125884
65401.69,0.78909764
65419.14,0.06720849
65395.03,0.05765809
65385.79,0.0099557
65377.12,1.13551796
65397.79,1.88807216
65347.67,1.18933657
65376.48,0.05666614
65369.86,0.01177764
65369.86,0.20068723
65396.93,0.14634838
65416.05,0.3946425
65429.42,0.19259013
65443.78,0.49258878
65448.84,0.14365721
65445.98,0.00700468
65427.15,0.22195962
65414.1,0.00048574
65414.09,0.06572507
65414.1,0.07675692
65411.01,0.20234319
65378.01,0.38793427
65414.09,0.06231709
65422.27,0.26388569
65422.28,0.17785009
65401.56,0.15664192
65401.56,0.25442518
65397.1,0.06714155
65397.09,0.00056586
65397.09,0.3340427
65401.87,0.1125648
65382.51,0.11128213
65390.43,0.00095168
65390.44,0.37943574
65409.76,0.10690319
65420.55,0.15217643
65427.27,0.00998681
65427.26,0.61610857
65526.21,0.01307664
65526.58,0.15985986
65495.92,0.00599686
65497.23,2.01919451
65516.92,0.01181222
65512.01,0.00027888
65533.28,1.16509582
65577.89,1.15479249
65670.03,1.52219299
65679.43,1.19843529
65695.66,0.60142004
65711.25,0.72540645
65723.89,1.35080842
65695.15,1.27919917
65755.24,1.34170833
65714.97,8.45393283
65655.78,0.74085493
65673.45,0.26585749
65655.79,0.18924809
65655.78,0.92894323
65671.06,0.44673409
65616.3,0.29189848
65599.69,0.39549919
65612.77,0.0128106
65613.92,1.58517452
65593.68,0.27309969
65585.04,0.01265124
65594.11,0.48051626
65560.31,1.07448047
65601.66,0.00997678
65651.11,0.60344324
65565.93,2.10110991
65516.47,1.06938593
65484.86,0.38723409
65430.17,0.00909394
65437.61,0.66467237
65450.06,0.15594753
65440.0,0.3947924
65394.09,0.30841569
65376.44,1.52473304
65334.2,0.68964956
65322.39,0.36216729
65327.32,0.05570974
65327.58,1.60997085
65352.69,0.00052455
65377.1,0.01062242
65388.77,0.01742425
65400.27,0.00888181
65378.49,0.00446315
65386.92,0.01343116
65393.98,0.02152498
65413.66,0.30902689
65455.09,0.02248104
65455.11,0.06841272
65459.79,0.06716549
65457.16,0.01375262
65451.88,0.01208085
65453.99,0.01602345
65446.08,0.94649588
65441.01,0.12752101
65406.4,0.04173492
65398.78,0.06810744
65394.6,0.10985875
65407.12,0.1023222
65389.08,0.00545773
65399.12,0.06813374
65414.34,0.26953522
65447.46,0.2064579
65421.27,0.00445506
65400.78,0.00222127
65384.63,0.00710228
65400.15,0.24085039
65400.15,0.01608051
65384.24,0.01154525
65427.87,0.00816744
65413.64,0.00568808
65388.96,0.01031735
65367.01,0.2336351
65353.89,0.03439901
65333.71,0.01551323
65320.86,0.01161587
65321.73,0.05533157
65315.24,0.12268536
65263.21,0.01369275
65309.58,0.0062174
65327.56,0.01079435
65323.57,0.152752
65340.47,0.43628948
65354.65,0.21509669
65371.19,0.01438183
65375.93,0.90507317
65359.35,0.0315002
65358.4,0.0012318
65351.58,0.17528148
65372.87,1.50478891
65376.71,0.36231038
65391.17,1.07323618
65402.89,0.01158089
65402.9,0.01717365
65394.39,2.95045412
65391.17,0.01245776
65391.17,0.16672528
65395.31,0.09529441
65391.18,0.27962494
65384.35,0.03272167
65384.34,0.07168411
65378.37,0.10316234
65378.37,0.00630714
65378.37,0.03453323
65332.53,0.01251029
65321.0,0.01417666
65289.82,0.95645973
65283.13,0.96519067
65271.81,0.00960384
65277.71,0.00628813
65277.72,0.00405022
65271.82,0.01750966
65260.19,0.00362482
65260.19,0.25693759
65253.32,0.08557088
65249.05,0.00745052
65246.17,1.21912421
65157.27,0.49889365
65088.24,2.64870464
65086.02,0.01022075
65100.13,0.0076907
65092.2,0.06208014
65079.93,0.01219602
65061.8,0.13012895
65047.12,0.51917295
65050.64,0.23066748
65041.53,0.56065112
64997.48,0.48477825
64955.66,0.08781997
65005.63,0.13034479
64992.62,0.2608134
64968.96,2.3143578
64953.05,0.12096143
64954.01,0.17059153
64934.52,0.00089419
64908.0,0.10275567
64940.2,0.33901052
64924.27,0.08491623
64962.27,0.01216786
64952.75,0.07017258
64944.69,0.77653426
64930.17,0.35336263
64923.68,0.07696258
64943.81,0.17324341
64931.74,0.1032606
64949.7,0.30443728
64955.93,0.30947937
64938.72,0.1547077
64935.01,0.60359874
64955.27,0.07294114
64962.56,0.67358064
64944.92,0.49214507
65001.21,0.19914614
65036.53,0.15670692
65023.59,0.01768797
65040.3,0.64061657
65047.47,0.05813121
65038.99,0.03036105
65036.15,1.20578301
65078.6,0.12865418
65061.47,0.57966513
65042.09,1.12927236
65042.6,0.02559204
65062.26,0.05910193
65066.7,0.75626609
65088.29,0.10563233
65076.62,0.00822362
65076.63,0.36322145
65080.96,0.07889033
65077.85,0.11574355
65061.75,0.0151713
65061.75,0.07202451
65068.99,0.20657056
65098.3,0.16037311
65064.95,0.10541514
65044.41,0.8963252
65058.53,0.82863079
65072.77,0.18546004
65045.49,0.11226649
65030.9,0.0723083
65038.99,2.27718368
65029.24,1.34711979
65002.04,0.86160749
65022.74,0.16303188
65001.52,0.90566114
64964.97,0.15261181
64957.12,0.03507357
64957.11,0.08031061
64974.6,0.10170503
64963.77,0.27841831
64928.82,0.07064789
64928.83,0.11028674
64922.95,0.12254277
64942.8,1.03159758
64941.22,0.42435095
64946.89,0.20818268
64967.63,0.53762141
64970.49,0.65146348
64956.1,0.15925976
64977.75,0.071618
64963.78,0.09001406
64974.13,0.00449508
64970.79,0.35578792
64994.47,0.06278223
64986.56,0.44088148
64973.98,0.06321676
64991.01,0.11824853
64974.28,0.35307686
64953.06,0.31829845
64975.38,2.01630724
64986.89,0.45459363
64980.79,0.12901867
64965.06,0.09492413
64968.63,0.01652829
64995.76,0.0256375
64995.75,0.07039372
64987.36,0.06196808
64970.2,0.03286264
64975.8,0.01707297
64987.81,0.01775291
64987.8,0.1404036
64975.8,0.01611256
64975.8,0.19071159
64960.71,0.11740962
64931.75,0.71127718
64916.88,0.51539489
64861.6,0.06786999
64875.38,0.30855124
64901.17,0.02615754
64901.16,0.05418182
64899.54,0.01713327
64901.15,0.00696119
64901.16,0.48696462
64880.61,0.05209343
64906.63,1.0824736
64936.53,0.05441478
64961.15,0.24649598
64953.1,0.04383871
64976.81,0.16574943
64973.98,0.24567989
64967.07,0.15264602
64961.24,0.24826799
64926.7,0.09509247
64938.17,0.05884741
64951.79,1.17610903
64964.69,0.01166159
64969.19,0.07254207
64951.8,1.15706784
64998.63,0.05466396
64988.82,0.042091
64994.22,0.02060449
64994.21,0.0134796
64985.6,0.02284288
64984.22,0.40073021
64996.07,0.01721635
64996.07,0.1014645
64993.98,0.03983912
64995.93,0.13721925
64982.62,0.02138646
64990.69,0.33823279
65013.92,0.00220961
65010.77,0.47958471
64980.9,0.0180817
64971.6,0.02807591
64964.59,1.86445548
64977.96,0.01474807
64974.1,2.49614222
64939.71,0.03238134
64929.1,0.5294374
64941.48,0.02193421
64931.48,0.15713398
64945.4,0.37971847
64963.25,0.04511326
64941.56,0.4506803
64945.94,0.03187782
64923.5,0.56125944
64922.74,0.23367866
64895.6,0.0656634
64876.61,0.42258392
64838.87,1.33125755
64811.71,0.06280751
64829.76,0.21228116
64882.91,0.91462753
64928.48,0.01602913
64924.96,0.00987389
64941.5,0.31548224
64986.04,0.1129278
65031.63,0.06317101
64991.88,0.10971341
64984.21,0.02524968
64958.46,0.99174147
65037.15,0.42368216
65018.98,0.79110929
65000.92,0.01829251
65008.48,0.49325262
64983.24,0.55214176
64949.65,0.01117002
64963.05,0.01775909
64941.47,0.01286466
64994.75,0.38578627
64988.28,0.00321757
64986.72,0.11066925
65032.98,0.12872102
65029.16,0.02385127
65051.65,0.50412546
65019.58,0.00465433
65018.8,0.34293785
65020.22,0.13339589
65011.06,0.48939986
65006.1,0.02685429
65026.06,0.20361572
65002.75,0.03399415
64982.31,0.19148576
64977.37,0.23538342
64986.32,0.2917836
65011.27,1.30796838
65036.36,0.01957502
65064.84,3.04812402
65046.99,0.08344303
65062.99,0.27969652
65054.54,0.94673079
64996.61,0.10444522
64972.66,0.09268891
64988.03,0.09158402
64991.37,0.007665
65005.01,0.00521876
65005.29,0.25695794
64949.93,0.39105815
64962.49,0.02968511
64945.18,0.44311642
64983.74,0.02162374
64957.8,0.45130242
64972.91,0.01313664
64959.39,0.1088408
64943.02,0.52664422
64899.89,0.02076016
64893.43,0.00395458
64874.81,0.21326149
64895.15,1.29279873
64839.2,0.59182
64819.92,0.3939048
64800.82,2.79460165
64794.67,0.76840266
64803.26,0.09962667
64816.24,4.29828197
64800.68,0.40947748
64771.32,0.55104726
64790.19,1.49226493
64825.96,2.86176486
64709.13,0.00574048
64720.25,0.68317476
64723.79,0.08478618
64715.95,1.32269811
64711.66,0.55261728
64670.47,1.1611618
64654.71,0.52349385
64644.81,0.17677949
64652.19,6.26250537
64527.3,0.31790863
64477.23,2.48502574
64384.77,0.50847623
64372.01,0.3527558
64351.05,0.44806636
64376.52,2.52994149
64382.13,1.62369652
64346.1,0.09294502
64310.82,0.00355826
64313.69,0.5474076
64354.68,0.57311627
64386.75,0.53645901
64446.25,0.53386819
64469.05,0.05890747
64445.48,1.89333679
64444.18,0.72414795
64425.26,0.0836215
64389.45,0.70722347
64408.59,4.98276399
64335.34,2.90666749
64337.95,0.91348633
64371.5,0.03860753
64356.82,0.61715552
64329.87,0.49754446
64319.79,2.75443408
64265.76,3.50349866
64261.61,3.49389105
64253.84,1.41968866
64246.56,3.09372878
64251.59,1.21476349
64252.87,1.31453752
64229.19,1.46551438
64270.2,1.9507984
64215.79,1.07617524
64230.21,4.56659656
64219.92,0.29839915
64206.95,1.52577167
64226.11,1.03494165
64301.63,2.70700058
64350.51,0.79788946
64367.1,0.66904848
64357.78,0.03786426
64278.13,0.30630472
64252.5,1.3712421
64222.39,7.02900089
64128.01,2.80357748
64070.12,2.9519827
64003.13,6.04950521
63938.08,6.90448735
63948.42,3.61584765
63875.82,2.48754306
63920.66,3.00260401
63984.05,0.80532594
64037.47,1.05748186
64091.99,1.47787621
64085.98,3.66455233
64049.88,0.79752583
64018.5,0.85214926
63971.89,4.36403198
63915.05,3.2874826
64003.84,1.52966004
63991.47,1.15981964
64045.0,0.37368035
64078.29,8.98814898
64112.96,2.77463453
64127.42,1.3052931
64107.2,5.80314494
63980.39,1.34750144
63956.27,3.43022568
63920.0,3.48895078
63899.36,1.42853874
63891.5,1.14377158
63819.75,3.20912349
63746.42,3.11216159
63810.0,1.53921446
63728.72,2.418811
63781.7,3.3899574
63698.72,1.37425731
63716.0,2.04478239
63724.03,2.01240303
63686.85,5.24261102
63680.88,3.47237037
63716.78,2.7710173
63750.85,1.55175965
63787.29,2.04226599
63734.28,1.57358523
63772.89,2.2718913
63758.75,0.57990596
63771.9,2.85852986
63745.12,2.87977351
63791.37,1.44398896
63779.38,4.02599258
63747.87,3.30279823
63788.56,2.45870902
63739.6,2.01713332
63778.63,3.06704919
63760.66,2.68595814
63744.25,8.0079902
63762.9,13.01250666
63755.61,6.40235134
63700.04,8.07222867
63749.39,1.10939945
63677.03,1.39799912
63692.29,2.79684901
63776.79,2.45606402
63876.01,2.42792389
63831.93,1.3346714
63804.79,2.10065297
63873.73,0.51948694
63859.95,1.16024761
63877.79,1.55746892
63929.72,3.82533738
63950.61,0.64221204
63959.79,1.10415253
63992.09,0.66358372
63963.1,0.70854508
63934.42,1.13443726
63911.2,2.40274098
63889.98,1.39438623
63858.72,1.47033955
63838.98,0.20777655
63795.15,0.37835842
63856.35,1.21101122
63869.67,0.09036397
63845.64,2.79343283
63987.56,4.67576518
63944.13,1.04660288
63965.62,2.96751013
63962.01,1.11618061
64067.79,2.92296316
64080.35,1.06244765
64092.72,0.63927434
64009.36,1.14068884
63951.74,0.72198177
63904.49,0.71092268
63995.54,0.7591587
64002.28,1.47193542
64003.73,1.27203948
64032.01,2.57806884
64048.52,0.38936673
64051.63,0.65224354
64038.49,1.14675971
64054.9,0.26334455
64069.23,1.13789034
64060.03,4.25281771
64002.01,2.75341035
64071.44,1.24231088
64081.07,2.0395002
64131.86,0.54453352
64128.77,0.03454197
64151.11,0.34461553
64167.05,1.10638899
64178.69,0.08508427
64196.77,0.61231141
64223.36,1.37582356
64244.6,0.26921069
64170.12,0.0410286
64102.52,0.3117782
64139.53,1.42935644
64092.7,1.15132292
64092.04,0.62960514
64086.94,0.18161036
64075.76,2.23055107
64095.57,0.01729188
64067.87,2.26811305
64106.97,0.19501165
64101.77,0.67647933
63996.83,0.27709263
64039.74,2.36134759
64070.41,0.08261645
64108.3,0.1415209
64119.99,0.01513292
64124.03,2.17190154
64084.53,0.54434662
64027.52,1.57932944
64003.59,1.6713476
63980.25,0.19187737
63991.05,0.88617544
64014.39,0.01116127
64066.42,0.35719249
64070.01,0.51606072
64025.64,0.09152168
64101.75,0.18300614
64089.27,0.07898335
64095.38,0.08179744
64132.35,0.13120195
64102.17,0.63293144
64106.89,1.90223371
64070.7,0.06241893
64071.83,0.28140699
64095.7,0.07109422
64054.22,0.06211635
64040.96,0.52610572
64042.59,0.7060258
64088.5,0.05021054
64089.96,0.34276359
64055.94,0.28429582
64103.05,0.01869456
64103.05,0.14714976
64080.98,0.02696056
64095.98,0.04397544
64054.35,1.35856243
64036.55,0.31312628
64041.78,0.15968198
64036.71,5.58288669
63982.5,0.48163246
63956.48,0.47011429
63970.0,0.06662544
63961.93,0.49797006
63974.67,0.03830519
63934.79,0.48598144
63949.98,0.02948503
63950.1,1.39377075
63937.74,0.28153434
63924.07,0.02196414
63923.4,0.12426728
63912.54,0.11297548
63902.63,10.51211253
63883.71,1.0298509
63873.65,0.67758736
63896.84,0.06608612
63867.7,0.06074552
63850.14,8.74777087
63833.09,6.3903729
63852.69,6.70123825
63824.57,8.88530507
63813.87,5.74517107
63809.99,0.84335446
63827.16,2.01794974
63869.11,0.17360843
63886.52,0.00984304
63886.2,0.74808609
63935.16,0.02863597
63938.37,0.34202156
63892.78,1.04404375
63901.48,0.53811081
63901.06,0.43784677
63902.12,0.24994226
63925.99,0.02841854
63938.68,0.04902508
63937.33,11.31866429
63896.78,0.03392131
63891.81,2.1164049
63886.22,0.04684885
63875.0,0.41355572
63860.0,0.95261915
63863.57,0.55071098
63871.66,0.41264306
63870.99,0.10853647
63892.13,0.09882884
63893.99,0.00642312
63893.99,0.01164498
63936.49,0.02005641
63985.19,0.00134024
63980.51,0.13883997
63991.32,0.40581158
64000.0,1.25771009
63979.95,0.01784434
63973.52,0.0257809
64017.32,2.40933902
64069.79,0.69943642
64073.99,0.10319532
64076.79,0.47795369
64081.18,0.11353525
64034.48,0.83525767
64047.96,0.0075952
64033.01,0.06788721
64081.13,0.0068447
64100.68,0.11127178
64126.1,0.03281293
64122.6,0.47367744
64111.86,0.19174741
64078.18,0.10476285
64077.02,0.02725911
64088.17,0.00443928
64093.9,0.00677513
64093.9,0.11943537
64093.9,1.00879087
64106.63,0.01135635
64106.64,0.04762386
64105.88,0.00862579
64105.89,0.02280889
64069.88,0.03491624
64069.87,0.00600111
64087.72,0.68581779
64095.0,0.00389654
64078.72,0.40776617
64080.55,0.43536378
64097.58,0.47147654
64088.52,0.11813835
64104.15,0.47118441
64132.78,0.01158655
64100.49,0.01169852
64118.57,0.18847382
64118.57,0.2888397
64118.57,0.03741284
64107.73,0.00645779
64115.88,0.02219769
64107.12,0.00926668
64125.12,0.97510578
64145.4,0.10904371
64099.26,0.12494174
64130.14,0.02838337
64107.51,0.03726649
64111.5,0.01349028
64105.43,0.01487893
64103.99,0.19618968
64104.01,0.33653619
64116.28,0.48103129
64143.54,0.06374023
64149.78,3.96907539
64103.2,0.02670668
64100.09,0.45910401
64081.4,0.00106562
64077.6,0.00417057
64074.89,0.00671764
64074.9,0.02202717
64093.56,0.51205708
64093.96,0.02821347
64094.72,0.03509604
64102.41,0.04603679
64085.42,0.19715697
64079.0,0.60519477
64067.46,0.10347371
64079.99,0.48410102
64087.23,0.27569241
64098.34,1.61881524
64118.26,1.00598081
64102.25,0.12744423
64084.3,0.00388689
64084.31,0.50772358
64080.07,0.01201493
64082.73,0.36484076
64101.05,8.64943632
64095.63,0.24108524
64084.58,0.25899849
64074.42,0.66775245
64079.92,0.12813676
64095.98,1.4049051
64110.79,0.2361252
64121.11,0.12345322
64130.53,0.18494735
64160.5,0.02874665
64166.22,0.01949747
64174.48,0.02720656
64166.22,0.75180203
64199.74,0.87147799
64224.69,7.11639886
64223.29,0.27427538
64213.24,0.0237678
64207.07,0.03715658
64206.66,0.11502904
64219.21,0.02527374
64202.46,2.05138432
64210.21,0.03514939
64199.25,0.01746927
64192.1,0.74578665
64170.1,0.11285932
64159.37,0.27684518
64153.66,0.92749672
64161.1,0.54467821
64142.85,0.12456053
64098.9,0.01165667
64098.91,0.26719263
64086.12,3.25516103
64087.71,0.01014306
64089.42,0.19626246
64100.02,0.02930258
64098.29,0.03202819
64090.29,0.17162141
64113.05,0.04631431
64110.64,0.29100953
64143.21,0.10790514
64120.97,0.10534507
64128.86,1.02684013
64142.22,2.70282175
64141.1,0.02634648
64154.28,0.00446777
64141.09,0.90507407
64135.5,0.02070441
64127.01,0.1514981
64127.02,0.02761462
64132.59,1.04303514
64136.62,0.69774899
64135.59,0.03534288
64140.77,1.21008096
64146.24,0.03010394
64155.21,0.61083856
64156.41,0.0312601
64163.48,0.72331607
64161.7,1.16341982
64150.31,0.07582472
64200.17,0.00441244
64193.15,0.01551523
64197.3,0.50315232
64192.24,0.01789621
64181.64,0.13146703
64181.64,0.01688421
64181.63,0.5447095
64187.16,0.02430782
64181.63,0.00791717
64169.24,0.32063268
64158.92,0.01199984
64142.38,0.19872202
64159.51,3.41644216
64156.72,0.85054619
64151.11,0.10662955
64146.72,0.35492508
64163.12,1.37175094
64160.68,0.82927248
64144.81,2.7770929
64133.33,0.34455568
64126.54,0.23236363
64156.43,0.01056885
64170.07,0.89696779
64178.51,0.20293813
64210.81,0.00538494
64179.25,0.0030177
64202.16,0.12623085
64172.27,0.38615508
64136.84,0.00802569
64140.99,0.78183531
64141.91,0.01385952
64139.95,0.01721248
64134.31,5.77390129
64134.3,0.12041019
64135.52,0.01212508
64135.52,0.46330631
64148.8,0.30866068
64142.43,0.32258172
64148.79,0.7351441
64150.0,0.89407892
64142.43,0.01356429
64149.98,0.00945827
64135.52,0.01785925
64144.0,0.00405182
64144.01,0.06684141
64173.69,0.1611131
64168.99,0.01621838
64186.62,0.31351873
64190.7,0.25277642
64193.69,0.01873531
64187.87,0.01400062
64184.99,0.77601572
64174.96,0.31655036
64149.99,0.1617135
64139.61,0.61139672
64141.93,0.00165268
64143.82,0.00069443
64143.04,0.0016979
64143.03,0.00298749
64143.81,0.00056947
64143.81,1.35045833
64085.82,2.15912218
64146.7,0.0043171
64146.68,0.00604929
64113.59,0.24244645
64101.32,0.10482639
64103.07,0.64093706
64111.17,0.46880324
64116.57,0.03398702
64118.52,0.23578822
64083.75,0.00502986
64086.22,0.10054573
64086.21,0.00353779
64087.77,0.01185732
64088.21,0.01206084
64088.2,0.09581554
64098.0,0.00378812
64108.02,0.00031515
64108.03,0.00253625
64108.03,0.0956409
64108.02,0.34585707
64112.16,0.6206257
64112.17,0.96533864
64098.96,0.00131581
64098.96,4.944637
64148.53,0.50362115
64129.33,0.72778033
64138.22,0.01041181
64129.32,0.50402169
64106.32,0.00213747
64093.65,0.00517015
64106.32,0.56855106
64107.47,0.0127021
64093.64,0.01347033
64093.64,4.84039886
64093.65,0.80885982
64080.56,1.06941072
64091.89,0.00313096
64091.88,0.20423386
64102.1,0.30506759
64102.11,0.0102077
64106.67,1.08190667
64089.63,0.08170055
64090.22,0.12142049
64093.78,0.27073567
64094.1,0.0023697
64094.09,2.73041888
64113.71,0.00359059
64115.48,0.01065555
64117.18,0.0167347
64113.71,0.38010699
64102.14,0.76696178
64109.89,0.42078407
64125.67,0.06267204
64140.0,0.02202629
64134.15,0.0001775
64135.06,0.12551844
64113.54,0.66343954
64113.53,0.00329579
64113.53,0.02955347
64113.54,0.26489051
64101.91,0.00091005
64101.91,0.01134333
64099.6,0.00852099
64093.78,0.00195617
64093.78,0.38059924
64102.39,0.65200722
64110.07,0.00250108
64083.94,0.50173468
64086.4,0.23751563
64082.0,0.02210071
64102.07,0.00327612
64115.67,0.00120423
64108.15,0.42092162
64081.14,0.3481173
64081.14,0.70234679
64083.19,0.28849177
64084.99,0.01721013
64084.99,0.35479966
64081.15,0.35548403
64077.78,0.55595367
64074.71,0.00833904
64086.77,0.76050983
64082.57,0.0027149
64066.6,0.84802509
64079.46,0.02698844
64079.45,0.00450005
64079.46,0.00180719
64079.46,0.03952863
64079.45,0.12973134
64079.84,1.63059569
64080.69,0.15821986
64090.83,0.01726613
64108.79,0.16743837
64108.33,0.06593305
64100.27,0.10724217
64090.82,1.38970395
64090.74,0.32371907
64090.75,0.3364377
64095.91,0.02508405
64095.92,0.02383671
64095.91,0.15880836
64100.78,0.0026549
64100.78,0.01196162
64100.78,0.00669165
64090.75,0.01065105
64099.25,1.05857066
64110.71,0.000811
64101.11,0.39560305
64101.11,0.10005483
64101.11,0.02168334
64101.12,0.60251884
64107.47,0.01404196
64110.72,1.43124564
64117.93,1.49140542
64127.05,0.10337111
64145.6,0.12719343
64135.51,1.14698039
64130.71,0.18721381
64132.6,0.04594581
64132.59,0.17148969
64132.6,0.05761969
64131.73,0.01769325
64151.57,0.00929741
64151.58,0.00563361
64153.06,0.02199669
64139.37,0.98694323
64121.55,0.01230988
64129.19,0.00222371
64129.19,0.01201326
64106.2,0.01610498
64108.47,0.21423385
64121.55,0.00183661
64112.59,0.00211573
64112.59,0.00920534
64112.6,0.0185866
64112.28,0.00273187
64111.42,0.01529533
64111.42,0.02751172
64111.42,0.00981978
64111.43,0.00829784
64111.42,0.08588145
64106.55,0.09744875
64106.55,0.0505569
64100.82,0.10020387
64106.55,0.02787656
64108.69,0.03731581
64098.7,0.0025745
64091.19,0.00029812
64095.75,0.02404206
64100.99,0.57258993
64101.0,0.0336069
64102.39,0.04160916
64102.39,0.00091821
64102.33,0.0016411
64096.14,0.00361489
64102.32,0.45585666
64097.26,0.00729092
64085.25,0.07368385
64085.25,0.02687573
64085.26,0.00202183
64085.25,0.00053762
64085.26,0.01058877
64085.25,0.31224608
64095.58,0.00327016
64099.9,0.03175736
64099.9,0.98085762
64102.32,0.02370633
64099.49,0.01348634
64099.48,0.02437927
64102.32,0.00083822
64102.33,0.54241371
64106.04,0.00854287
64106.03,0.00325728
64106.04,0.0214168
64106.04,0.7245622
64110.94,0.04780159
64110.93,0.05648029
64095.58,0.00201215
64095.57,0.00740969
64085.24,0.13097796
64073.61,3.92021424
64114.29,0.01907999
64102.01,0.00405308
64102.0,1.06316375
64103.06,0.03463334
64115.5,0.11636316
64115.49,0.00590844
64110.72,0.00816877
64110.72,0.0001576
64102.5,0.00165457
64102.54,0.04827644
64102.54,0.00015763
64102.55,0.05435923
64102.55,0.28584577
64102.54,0.54614943
64102.54,0.73416996
64092.01,0.00847708
64092.01,0.00552365
64092.0,1.014083
64094.34,0.03546355
64094.34,0.61309046
64086.59,0.44993758
64081.01,0.39862458
64098.48,0.04071461
64089.06,0.00302766
64115.19,0.00455724
64108.57,0.0008646
64111.2,0.03252474
64104.01,0.00116063
64104.01,0.0092772
64090.0,0.01606661
64083.33,0.00023639
64083.32,0.01503112
64083.32,0.00351038
64090.2,0.09429864
64090.21,1.74301078
64083.33,0.00525833
64085.91,0.00128155
64085.91,0.00015766
64085.92,0.00749873
64085.92,0.02767687
64083.36,0.62862404
64096.77,0.01027328
64096.77,2.15082467
64105.44,0.00385612
64105.44,0.00122858
64105.43,0.00955666
64105.43,0.03248187
64105.44,0.00107057
64105.44,0.00471621
64105.43,0.51765652
64105.43,0.25840235
64097.99,0.11128667
64097.98,0.03503925
64102.48,0.00666959
64105.43,4.72638698
64105.43,0.03788004
64099.11,0.00172767
64099.12,0.00501016
64099.11,0.00635307
64102.37,0.07158349
64102.31,0.00965937
64094.63,0.11749579
64090.36,0.46390206
64068.94,1.08652152
64050.5,1.17300559
64041.36,0.2912137
64031.43,0.65240613
64034.81,0.15319363
64034.81,0.00055498
64032.9,0.00044364
64032.91,0.00226511
64032.91,0.00590663
64032.91,0.00350104
64032.92,0.01924605
64032.92,1.40756441
64027.31,0.00245142
64027.32,2.89697671
64008.48,0.00182826
64008.49,0.00119364
64008.49,0.02212334
64008.48,0.23240826
64068.89,0.07931281
64073.41,0.00058632
64098.71,0.00314239
64089.27,0.20273091
64073.58,0.8105288
64065.49,0.00758063
64065.48,0.00153566
64039.77,0.00331667
64027.28,0.00138306
64010.26,0.12793123
63992.98,1.52078052
63978.24,0.00023684
63978.24,0.01250524
63952.58,0.74567912
63956.84,0.00609696
63967.61,0.02826693
63957.13,0.00360965
63957.13,0.0113009
63959.81,0.00067554
63957.13,0.71184862
63948.95,3.48052591
63953.47,0.00854265
63953.48,0.01153144
63953.25,0.5831961
63953.26,0.11537945
63956.94,0.8525476
63967.49,0.00538652
63977.24,0.13667464
64009.5,0.03476595
63990.43,0.0164583
63976.72,0.04173086
63976.72,0.07327696
63976.72,0.31064411
63997.0,0.04516574
64007.82,1.30489185
64053.04,1.19140402
64052.67,0.01757991
64052.66,0.01557127
64052.67,1.93304915
64019.14,0.35856742
64029.02,0.56186642
64035.7,0.39224694
64035.7,2.3018672
64053.38,0.02418023
64062.72,0.2063572
64070.05,0.00853831
64072.2,0.03962847
64080.03,0.00141817
64080.03,0.76837642
64061.37,0.5785359
64047.55,0.00865426
64047.55,0.00176014
64032.99,0.01022802
64030.69,0.00115916
64030.68,0.00154522
64030.68,0.0003155
64027.85,0.0010133
64027.43,0.15554029
64007.5,0.00855049
64007.51,0.63989187
64011.98,0.00182491
64011.99,0.01615574
64011.98,0.04666195
64011.99,0.02792387
64016.92,0.03834169
64016.92,0.02213559
64018.16,0.43573646
64023.49,0.00173711
64033.47,0.96213122
64025.06,0.00124768
64020.48,0.00459715
64008.74,0.0009603
64010.2,0.00780668
64010.19,0.62133844
64011.81,0.5255298
63991.94,1.0003157
63991.96,0.00272088
63983.23,0.00061678
63983.22,1.10255195
63975.84,0.26433125
63979.22,0.00659037
63991.89,0.00031571
63991.9,0.0012418
63991.89,0.00383631
63977.65,0.00198038
63977.65,0.34293706
63997.19,0.00235667
63997.2,0.01223287
63997.19,0.04981116
63997.19,0.10867232
63997.2,0.00901616
63974.78,0.00235788
63974.99,0.00015789
63974.98,1.30555204
63973.69,0.00023676
63966.76,0.00187609
63968.16,0.00203793
63966.75,0.14875388
63973.68,0.4756804
63982.36,0.00687298
63986.99,0.00582714
63985.69,0.00068558
63985.68,0.32748726
63987.61,0.00396187
63985.75,0.09122248
63985.75,0.071417
63980.68,0.00607964
63980.69,0.26166095
63989.09,0.31698843
63975.99,0.00302185
63969.51,0.25202718
63965.48,0.29774594
63963.07,0.00882759
63975.99,0.51399544
63975.98,0.18151418
63973.05,0.50116738
63965.84,0.00033143
63965.85,0.00015788
63965.84,5.36498448
63981.14,0.81660101
63966.04,0.0008498
63965.81,0.00023686
63965.81,0.00061801
63965.82,0.004807
63990.63,0.31519239
63977.63,0.00031412
63977.63,0.00120971
63977.62,0.00016434
63977.62,0.48408448
63980.97,0.14212103
63980.73,0.00031571
63980.98,0.29894
64007.02,0.0085484
64007.02,5.73462125
63980.92,0.2347348
64004.78,0.38099093
64011.79,0.00116448
64005.12,0.00068089
64011.8,0.01222798
64011.8,0.00053163
64008.98,0.00059101
64010.51,0.02176384
64009.83,0.00085363
64009.83,0.02098046
64009.82,0.01088018
64011.8,0.00216909
64027.44,0.63843102
64035.39,0.01363121
64025.41,2.1421413
64025.4,0.40256289
64012.93,0.00063076
64012.92,0.0213853
64021.57,0.00476179
64033.01,0.00042759
64033.02,0.00369809
64033.01,0.0019264
64033.01,0.00015774
64033.02,0.00521805
64025.4,0.04739931
64025.39,0.00082485
64025.39,0.06617129
64025.39,0.03196678
64025.4,0.00069643
64025.39,0.11494479
64025.4,0.61016784
64026.93,0.29645267
64026.93,0.00201762
64026.93,0.00065536
64026.93,0.65541058
64012.83,0.50665638
63993.6,0.00116572
63989.3,0.00067558
63989.29,0.04263198
63993.45,0.3954454
64004.22,0.18936999
64004.22,0.02307681
64004.22,0.007112
64018.65,0.02671541
64018.64,0.00057516
64016.63,0.38327591
64018.65,0.72920286
64029.68,0.00121781
64029.68,0.00890794
64029.67,0.0232639
64041.34,0.00071003
64049.49,0.0018844
64049.49,0.1881172
64049.48,0.26238536
64052.26,0.38088119
64056.07,0.05882453
64056.08,0.0148317
64056.08,0.0187606
64056.07,0.00143378
64056.07,0.29184199
64059.79,1.63566587
64065.42,0.01161473
64063.89,0.01775118
64063.88,0.01057259
64063.89,0.03031539
64056.07,0.27859329
64049.45,0.00358282
64049.45,0.00025765
64049.45,0.00444438
64049.44,0.00780521
64046.98,0.00254731
64052.73,0.00657344
64052.72,0.00421922
64048.66,0.0176434
64048.67,1.00451677
64048.67,0.05024942
64048.67,0.0003153
64047.96,0.2093186
64049.01,0.01495813
64039.46,0.08471941
64034.38,0.51233836
64039.46,0.05067848
64053.02,0.10001768
64059.81,0.00639428
64059.82,0.38040174
64062.52,0.15737643
64062.52,0.64148468
64087.54,1.56883263
64120.77,0.01372547
64120.76,0.01581156
64120.77,0.42234839
64123.99,0.014498
64124.0,0.01269621
64120.77,0.0154033
64120.77,0.01596957
64120.76,0.00125288
64126.88,0.23348881
64126.89,2.71554058
64102.25,0.00581561
64102.25,0.88050447
64099.82,0.23501497
64099.81,0.00038932
64099.81,0.7030706
64093.04,0.0033412
64094.95,0.65500532
64115.09,0.00046409
64129.22,0.05411122
64134.8,1.16118034
64134.8,1.66579522
64129.82,0.10537835
64118.92,0.48999048
64117.0,0.00015753
64117.0,0.00150753
64117.0,0.00430027
64116.99,0.36771496
64118.41,0.00033552
64118.4,0.00760861
64101.96,0.38321231
64094.38,0.30804916
64096.81,0.00291833
64096.81,0.00058024
64096.82,0.02360843
64096.82,0.00323262
64096.82,0.00592993
64096.81,0.11821936
64086.81,0.00101645
64093.68,0.00211276
64093.09,0.00039391
64093.64,0.00117878
64093.63,0.00039403
64093.15,0.00727999
64092.68,0.00080824
64092.67,0.00023642
64092.68,0.00860331
64089.27,0.00040962
64089.4,0.00039399
64089.26,0.16317658
64089.26,0.00051278
64089.27,0.06436516
64072.48,0.00501484
64045.92,0.03522995
64021.4,0.02537322
63999.78,0.00208385
63988.35,0.00135004
63979.84,0.01265571
63970.7,0.00668469
63967.26,0.02274995
63977.14,0.01440139
63977.14,0.00062773
63977.15,0.00493698
63977.15,0.00054789
63977.14,0.09518912
63977.15,0.0480222
63977.15,0.00015788
63977.15,0.00169742
63977.14,0.00031581
63977.14,0.00039223
63977.14,0.03778618
63960.98,0.31473772
63932.33,0.00741969
63956.57,0.00015797
63956.58,0.00419207
63946.51,0.95078568
63971.06,0.00023684
63971.06,0.25066952
63966.59,0.35218426
63960.7,0.05117819
63966.55,0.01075523
63966.56,1.07482981
63988.3,0.00023685
63988.34,0.00079555
63988.35,0.10233794
63974.69,0.00315478
63985.17,0.0025107
63985.16,0.01485916
63989.68,0.00023677
63986.37,0.0001578
63986.36,0.40459571
63986.37,0.00223007
63986.36,0.00338047
63989.68,1.62056104
63985.17,0.89383314
63971.39,0.00033991
63978.67,0.00809016
63987.99,0.00442692
63980.92,0.26071569
63975.26,0.00104455
63963.7,0.00082472
63963.69,0.37330991
63947.25,0.45555421
63942.53,0.00094542
63932.55,0.00260699
63932.55,0.01679875
63940.98,0.12633305
63954.61,0.00058545
63948.68,0.42033712
63927.59,0.16956995
63933.97,0.92843613
63933.98,0.12663468
63918.1,0.00126539
63927.59,0.00035367
63918.35,0.00719178
63927.6,0.48185301
63938.52,1.5598426
63956.85,0.03092057
63966.16,0.00151481
63955.09,0.01020229
63953.22,0.0041343
63931.3,0.11524145
63931.3,0.02580577
63931.55,0.00846655
63931.55,0.3253015
63913.87,0.01531085
63913.86,0.26183713
63910.0,0.00086763
63910.01,0.00990341
63910.01,0.00937432
63910.62,0.00484895
63910.62,0.42490223
63923.95,0.00310662
63923.95,0.02268891
63923.96,0.00976472
63923.95,0.00082931
63921.42,0.17100498
63925.73,0.11464916
63947.55,0.2830383
63947.54,0.16385432
63947.54,0.00740457
63947.54,0.03407122
63947.55,1.09857119
63958.89,0.03545099
63958.89,0.01576687
63958.89,0.21198524
63958.88,0.00191925
63958.89,0.0329442
63958.88,0.00744514
63958.88,0.00424618
63958.89,0.06787974
63966.94,0.00234613
63966.95,0.05798016
63958.57,0.00290374
63958.56,0.09202041
63960.28,0.02664399
63948.57,0.00015796
63948.57,0.01235549
63953.89,0.00322345
63953.89,0.00857492
63953.9,0.01199181
63965.99,0.0094154
63965.99,0.02320476
63964.7,0.00386173
63968.72,0.01691644
63964.7,0.00101179
63964.7,0.03059084
63964.7,0.01781056
63963.86,0.00674085
63953.22,0.05068341
63949.41,0.00409625
63953.22,0.00559586
63953.21,0.4666211
63957.74,0.00129985
63957.73,0.00212977
63957.73,0.00539436
63957.74,0.02755017
63964.0,0.07926807
63968.95,0.20543626
63968.94,0.00451574
63968.94,0.04155582
63968.95,0.17129952
63968.94,0.05531579
63968.94,0.03211819
63968.94,0.06467345
63968.95,0.12928279
63968.94,0.01169703
63970.0,0.15798801
63948.44,0.00575326
63954.67,0.00064579
63958.98,0.00066588
63958.97,0.00031583
63958.98,0.00183965
63954.61,0.06531818
63964.01,0.62492169
63964.01,0.05156646
63964.0,0.01473593
63964.0,0.53690623
63945.56,0.01226824
63940.01,0.00174862
63940.57,0.28459283
63911.44,0.00969812
63911.44,0.00036224
63911.44,0.00431712
63911.44,0.38549919
63892.44,0.0051588
63892.44,0.00785628
63876.61,0.50730742
63887.9,0.02409832
63883.02,0.00488312
63900.96,0.01917577
63874.15,0.00436938
63889.22,0.70947324
63895.44,0.81881247
63910.87,0.14750268
63914.23,0.12413696
63915.16,0.06607598
63915.02,0.00679074
63915.02,0.11026429
63929.32,0.00753876
63929.32,0.24939686
63918.24,0.01178203
63918.24,0.00146905
63918.25,0.01561439
63918.25,0.01649447
63922.33,0.0121355
63922.34,0.02180464
63936.38,7.9e-05
63936.38,0.11558975
63936.38,0.28596516
63936.38,0.06863496
63936.39,0.00015799
63944.73,0.54364316
63935.03,0.3730307
63914.4,0.01970166
63907.15,0.25583093
63905.07,0.0
63903.97,0.00263499
63903.97,0.40523557
63907.92,0.38858119
63913.62,0.03152861
63913.62,0.06591688
63894.01,0.38779316
63889.62,0.80693029
63866.58,0.05189369
63887.64,0.25897829
63890.74,0.69386532
63869.69,0.49799109
63806.88,0.18256191
63814.17,0.02774944
63804.73,1.91822345
63748.34,0.38508524
63762.43,0.01954728
63753.11,0.05367235
63760.96,0.73269729
63803.14,0.07139325
63812.31,1.85570135
63780.42,0.25370906
63808.89,1.16493208
63841.2,0.58181087
63857.95,0.17281627
63813.8,0.01266436
63813.8,0.0175693
63782.15,0.00145121
63773.91,0.01510965
63763.92,0.00874415
63781.49,0.01409286
63781.49,0.05701987
63793.85,0.47508132
63784.4,0.01529954
63784.39,0.00057761
63784.4,0.00062423
63784.39,0.55187914
63806.45,0.01203054
63813.57,0.01824525
63829.52,0.0870966
63858.88,0.00833111
63843.99,0.01014171
63835.91,0.01962627
63823.07,0.0068465
63823.06,0.01697745
63823.07,0.01417062
63831.66,0.0290712
63863.96,0.00681759
63858.75,0.01809238
63858.76,0.01739287
63861.47,0.01898461
63878.61,0.01476452
63878.61,0.01921416
63878.62,0.02887352
63880.16,0.12526503
63880.15,0.01769646
63881.83,0.01732626
63881.83,0.00686742
63881.84,0.38072764
63880.36,0.01542902
63880.37,0.00294013
63880.37,0.0233001
63866.55,0.01856206
63874.55,0.01898321
63877.0,0.02346235
63881.37,0.02581593
63874.1,0.00049668
63875.26,0.04143755
63885.08,0.04062211
63885.07,0.7637839
63904.03,0.0855987
63904.04,0.02215483
63897.42,0.01816408
63936.09,0.19154073
63957.77,0.26664091
63957.78,0.41624922
63952.75,0.26309766
63939.64,0.11275502
63938.08,0.0119784
63942.18,0.25398685
63938.07,0.02693826
63938.07,1.12143745
63946.77,0.00780836
63960.65,0.0063474
63953.99,0.08705569
63954.0,0.01066634
63954.0,0.00684798
63954.01,0.03587736
63954.0,0.03224791
63951.24,0.00519105
63951.24,0.00475692
63951.24,0.05305683
63959.23,0.05592317
63959.22,0.26417672
63966.29,0.2643647
63970.57,0.02484352
63970.56,0.25158086
63974.74,0.0166005
63974.74,0.03281926
63974.74,0.08344761
63974.73,0.31505785
63974.73,0.25306376
63978.44,0.38405618
63969.42,0.00856784
63969.42,0.00967009
63967.48,0.00191246
63969.08,0.00075482
63969.09,0.00892452
63969.08,0.01510343
63976.82,0.02836736
63976.82,0.11837026
63975.24,0.14152595
63975.24,1.20986605
63968.52,0.00529983
63968.52,0.20948722
63967.49,0.30273834
63961.8,1.96129766
63947.99,0.44496896
63938.03,0.01089017
63938.02,0.09791787
63938.02,0.00731155
63942.65,0.07836002
63942.66,0.83945464
63954.07,0.35657349
63949.86,0.26170123
63963.51,0.00267814
63962.72,0.00094416
63962.72,0.00211236
63962.72,0.0107537
63962.72,0.13734033
63962.72,0.37277926
63966.19,0.02063452
63966.2,0.699239
63964.63,1.3426869
63964.63,1.79142871
63952.01,0.0007136
63958.04,0.02246525
63965.26,0.91249262
63977.61,0.00015784
63983.84,0.00117572
63995.84,0.01179457
63999.99,0.00817303
64003.88,0.42049771
63991.21,0.00674413
64011.55,0.07784726
64019.89,0.03709902
64011.01,0.00593596
64018.48,0.02382955
64031.54,0.25119753
64025.3,0.10756185
64011.83,0.35112472
63996.69,0.07598068
63996.68,1.17300883
63993.31,0.00951218
63993.3,0.00455666
63996.69,0.02139682
64004.22,0.00031561
64004.23,0.20783923
63997.28,0.07289207
63997.28,0.10088264
63998.72,0.95033519
64009.47,0.55089968
64011.82,0.00031558
64011.82,0.26766927
64021.3,0.11259879
64021.31,0.00325602
64020.37,0.00922481
64017.84,0.29004071
64017.84,0.00167722
64017.85,0.47428688
64017.84,0.01703294
64017.85,0.0436958
64017.84,0.20691153
64042.8,0.00473677
64045.72,0.01561363
64042.79,0.2034416
64042.79,0.21934681
64024.01,0.01839763
64019.77,0.00174804
64019.77,0.21105561
64017.85,0.82237081
64017.85,0.21537249
64016.5,0.0086411
64016.49,0.02830664
64006.14,0.00393503
63993.92,0.00692833
63992.64,0.00587115
63993.93,0.05681182
63993.93,0.00138676
63993.93,0.00759724
63993.93,0.15522176
63999.99,0.18569553
63999.99,1.15925734
63999.92,0.00422252
64001.98,0.00426355
64004.19,0.11354344
64004.19,0.40492054
64005.25,0.01592231
64005.26,0.00125581
64005.26,0.00915561
64005.26,0.09842726
64000.69,0.01244205
64000.69,0.00334796
64000.7,0.01402562
64000.7,0.01531231
64008.56,0.03862672
64008.57,0.00102518
64008.56,0.0252941
64008.57,0.00166
64008.57,0.00154888
64008.57,0.03990302
64011.32,0.86560765
63995.14,0.01383378
63995.15,0.03016439
63995.15,0.0343547
63984.05,0.0424741
63984.06,0.00577782
63995.15,0.04688535
63998.04,0.00683899
63998.04,0.0030115
63998.04,0.08840809
63998.03,0.00510604
63998.03,0.00845681
63998.04,0.09094182
63990.52,0.38606088
63983.54,0.51164193
63983.55,0.01052438
63983.54,0.48847206
63994.72,0.02116954
63994.72,1.0227146
63994.73,0.50784546
63990.27,0.00273519
63990.26,0.01867135
63986.25,0.25290328
63986.25,1.1171284
63983.56,0.02108331
63983.56,0.01398185
64002.0,0.00202766
64001.99,0.00453074
63993.54,0.00211875
64001.99,0.00704828
64015.07,0.25238052
64023.0,0.00655124
64023.01,0.0120739
64024.62,0.01038828
64024.61,0.01867564
64031.78,0.00459132
64037.94,0.01704162
64033.7,0.00636951
64038.82,0.00220059
64055.67,0.13932143
64046.62,0.00522098
64046.61,0.00701339
64046.62,0.00302333
64046.61,0.00286526
64046.61,0.00494833
64046.56,0.00360729
64046.61,0.00494321
64048.02,0.01849443
64054.81,0.0058262
64052.7,0.00714696
64052.7,0.0089732
64052.7,0.19278786
64053.58,0.00826417
64053.57,0.00174922
64056.68,0.44181035
64064.07,0.00073181
64068.56,0.38689627
64064.08,0.00645731
64064.09,0.02208395
64069.96,0.02482106
64069.57,0.00474361
64070.62,0.00513301
64068.85,0.0785589
64070.63,0.02410707
64070.64,0.08396737
64070.63,0.00961502
64070.64,0.00051034
64070.63,0.00429431
64070.63,0.06835646
64070.64,0.04524336
64066.5,1.29724749
64053.59,0.02704397
64057.92,0.00669352
64057.92,0.03773801
64066.48,0.14528369
64066.48,0.1826629
64066.48,0.0262923
64073.67,0.00965338
64073.66,0.21901218
64073.66,0.00762569
64073.66,0.23885757
64073.26,0.00927532
64073.25,0.02228444
64073.26,0.16788373
64073.25,0.28378965
64055.7,0.04125308
64065.16,0.065893
64065.16,0.00323999
64065.15,0.00042512
64065.16,0.01088762
64068.33,0.653799
64078.31,0.80722904
64114.52,0.02665604
64126.01,0.00484995
64117.66,0.3054218
64137.26,0.26401993
64137.5,0.48446833
64172.19,0.68053208
64185.69,0.00571244
64180.46,0.04060797
64180.46,0.62964089
64182.6,0.0119606
64181.21,0.03716162
64160.57,0.01711681
64155.75,0.4574843
64136.25,0.01276569
64128.58,0.04224917
64128.58,0.69279376
64093.62,0.43820217
64092.37,0.29455639
64092.37,0.79572509
64117.33,0.91354265
64064.43,0.24777291
64068.72,0.27162378
64068.72,0.29370169
64068.71,0.035518
64068.72,0.26501665
64094.91,0.01056587
64094.46,0.02308065
64088.26,0.27598539
64094.45,0.78416139
64115.14,0.05344637
64107.02,0.42354286
64090.42,0.01359331
64090.42,0.02263621
64095.95,0.86309539
64107.59,2.47167398
64116.89,0.44984505
64116.89,0.479316
64108.94,1.42386459
64105.87,0.2549646
64106.13,0.75922707
64096.67,0.4769654
64094.14,0.93250703
64079.0,1.18399216
64079.01,0.00557244
64084.85,0.00229185
64084.85,0.92556874
64075.56,0.25896812
64084.85,0.6455666
64092.88,0.76623132
64092.89,0.2505964
64094.89,0.12725729
64100.43,0.38170828
64104.95,0.0514627
64104.95,0.03657842
64117.76,0.01167056
64117.49,0.45995074
64137.56,0.02593673
64132.9,0.58669124
64131.31,0.01325014
64131.31,0.00970428
64131.31,0.1017976
64131.31,0.09332844
64119.62,0.29477064
64119.62,0.01296753
64129.46,0.05828255
64124.0,0.0239924
64116.01,0.45410838
64116.01,0.00315854
64120.31,0.04012295
64120.3,0.10295959
64117.29,1.07466304
64115.19,0.28188569
64126.24,0.89904699
64139.95,0.04956278
64141.13,0.25681337
64149.8,0.01720791
64149.81,0.04909323
64152.79,0.61031125
64149.16,0.26727153
64144.9,0.02545177
64133.06,0.02964453
64135.57,0.00684728
64122.4,0.03457265
64122.4,0.02071979
64122.4,0.26608747
64133.06,0.21460341
64154.53,0.07182913
64153.48,0.00410422
64146.73,0.30783046
64154.48,0.02372421
64164.7,0.03450639
64164.29,0.23761338
64191.07,0.24515731
64197.54,0.25829999
64189.98,0.01450624
64197.54,0.2148738
64197.98,0.37401392
64189.8,0.04521455
64172.33,0.00535832
64190.82,0.01592219
64200.19,0.10455072
64174.36,0.25605484
64180.25,0.1053858
64169.47,0.01897351
64169.47,0.65660816
64155.2,0.47835188
64151.54,0.76177101
64141.31,0.47789053
64143.62,0.43321413
64143.05,0.04138967
64134.83,0.20966309
64126.24,0.4908553
64126.24,0.01439335
64126.25,0.08441772
64126.24,0.01405499
64144.71,0.01194232
64157.35,0.03037404
64148.98,0.01481753
64168.23,0.01639988
64173.44,0.29935302
64165.01,0.02314182
64159.45,0.54497979
64158.71,0.00259905
64153.44,0.37431327
64153.43,0.40038282
64154.64,0.05255589
64143.08,0.01518716
64137.77,0.48906749
64137.07,0.27446065
64129.96,0.00387016
64115.98,0.01889385
64121.05,0.05667963
64129.55,0.00747685
64121.1,0.48714904
64119.59,0.4908277
64121.1,0.16067931
64121.08,0.02659536
64115.4,0.00031709
64115.4,0.00081994
64115.39,0.44296829
64124.87,0.58420392
64143.79,0.22428794
64143.79,0.00674634
64129.96,0.98174134
64129.96,0.43462232
64126.84,0.24539763
64126.84,0.99318991
64108.89,0.03760244
64106.0,0.3865119
64093.27,0.45815332
64099.99,0.01632792
64105.91,0.77209183
64107.49,1.68868817
64122.36,0.00836277
64147.78,0.93349092
64139.49,0.7640082
64139.49,1.04144444
64116.41,0.19207553
64122.52,0.14449704
64107.04,0.42807044
64104.52,0.01931205
64107.02,0.49129429
64093.31,1.33776848
64078.65,0.00213887
64078.66,0.01290789
64056.88,0.00796864
64056.88,0.42876707
64071.04,0.01166676
64071.45,1.47735728
64071.45,0.09602368
64081.87,2.04160565
64076.15,0.02064776
64090.42,0.00015758
64104.25,0.10110051
64108.88,0.76004851
64120.71,0.00881165
64120.71,0.09463265
64127.1,0.2138246
64118.99,0.50851973
64125.51,0.00026697
64125.52,0.76141043
64139.14,0.04744558
64139.15,0.00867528
64139.15,0.00364142
64139.14,0.25971585
64139.15,0.31929973
64145.3,0.02983692
64165.2,0.01161695
64167.33,0.7597302
64167.34,0.57131022
64156.47,0.73896057
64139.16,0.72705677
64144.86,0.21655844
64144.52,0.00353898
64144.51,0.29334565
64127.6,0.002772
64127.59,0.53551999
64138.8,0.28804101
64144.5,0.00513302
64144.52,0.91385714
64142.98,0.01671031
64143.01,1.35912812
64152.02,2.15110516
64167.37,0.06440323
64173.23,0.01288511
64173.23,0.10845858
64164.35,0.51189725
64164.34,0.37200039
64164.34,0.6487249
64164.34,0.67197356
64162.94,0.41677074
64153.65,0.40241345
64137.51,0.00915038
64141.17,0.00074358
64141.17,0.01984641
64145.52,0.38841251
64166.77,0.02090721
64160.75,0.0063026
64160.74,0.44497277
64153.95,0.00542394
64153.95,0.00973882
64165.0,0.00201746
64165.0,0.18140736
64181.53,0.04599519
64184.89,4.18915437
64194.89,1.5931801
64200.0,0.52002782
64214.02,1.10322704
64214.01,0.41545569
64206.73,0.20867187
64200.0,0.00182019
64197.65,0.13800174
64200.59,0.48246173
64223.59,0.7083558
64234.98,0.56237162
64234.97,0.52350056
64223.93,0.045246
64215.02,0.26958902
64215.01,0.46266444
64199.74,0.03061937
64212.34,0.83092638
64227.59,0.00256106
64223.36,0.00552789
64224.3,1.56869444
64222.25,0.00670629
64224.29,0.01882086
64224.28,1.4230093
64250.0,0.68856948
64213.99,0.31229496
64206.34,0.17806493
64232.89,0.10120042
64216.47,0.10304368
64200.29,0.00806767
64202.14,0.00952846
64202.14,0.00338973
64202.15,0.0083343
64195.84,0.00691
64195.83,0.10343152
64190.0,0.02909608
64202.15,0.03215726
64216.3,1.02502164
64280.49,1.00434667
64356.32,0.12708569
64297.55,0.3770384
64301.39,0.016687
64277.02,0.05086389
64276.14,0.03299494
64312.22,0.01062589
64307.35,0.00687898
64285.15,0.01760048
64292.34,1.4001471
64308.6,0.02990933
64312.3,0.01242492
64312.29,0.26794617
64295.29,2.01227942
64298.47,0.08004377
64286.17,0.01292558
64286.17,0.02330306
64308.42,0.0161901
64308.43,0.04845235
64291.53,0.20275243
64299.99,0.00905159
64299.99,0.01158116
64300.18,0.09597994
64301.99,0.01420169
64299.63,0.10374138
64304.13,1.0009303
64304.13,0.14691135
64335.51,0.0009855
64358.98,0.14007536
64352.24,0.59716028
64327.31,0.00103093
64334.92,0.46788252
64373.84,0.00089895
64366.0,0.2337097
64355.21,1.95092333
64335.02,0.01945093
64335.02,0.00343704
64335.02,0.001645
64335.02,0.0008734
64335.03,0.4757989
64327.48,0.37750178
64324.64,0.00173522
64335.03,0.0121588
64335.02,0.01310932
64335.03,0.10722237
64347.71,0.00519935
64358.78,0.04745851
64358.79,0.00087232
64358.78,0.04880131
64354.34,0.00467158
64358.79,0.04751365
64384.46,1.40453795
64341.54,0.30721398
64332.57,0.25598236
64341.0,3.25428431
64356.69,2.27272492
64371.44,2.80640875
64375.22,0.19612526
64364.58,0.71749498
64349.67,0.38771932
64375.21,0.01886326
64375.98,0.01348386
64368.89,0.0048502
64375.98,0.02493439
64375.98,0.19594828
64367.12,0.00332977
64360.08,0.01090972
64360.08,0.00660052
64367.12,0.00836438
64367.13,0.28806404
64375.48,0.01074907
64375.49,0.00963579
64375.48,0.00586561
64375.49,0.21669933
64354.78,0.44656566
64350.07,0.00533641
64350.06,0.05724184
64350.06,0.37070297
64352.89,0.0108747
64350.46,0.0417908
64364.33,0.02087819
64364.26,0.00786635
64364.27,0.05047815
64364.26,1.4277699
64368.22,0.02291455
64368.23,0.01833535
64368.23,0.01071789
64362.69,0.01035477
64355.82,0.56687471
64349.28,0.00952445
64349.28,0.37241036
64349.27,0.56643066
64349.27,0.0165699
64349.27,0.02320845
64349.27,0.01583176
64335.81,0.00633772
64347.91,0.00914619
64339.86,0.01103652
64339.86,0.00691668
64339.86,0.01097314
64339.85,0.02476286
64339.85,0.00330038
64339.86,0.00763841
64339.86,0.01863906
64335.81,0.01040794
64335.52,0.00015699
64335.52,0.00515688
64335.0,0.00582179
64335.52,1.60627906
64344.0,1.23369017
64347.1,1.14177314
64353.15,0.9909339
64356.96,0.37354001
64359.64,0.6617281
64360.0,0.0105389
64369.0,2.10755766
64335.72,1.37166334
64332.68,4.8390717
64328.19,0.15585869
64328.19,2.12162205
64313.04,0.4087103
64302.74,0.50429407
64301.35,0.00695771
64301.34,0.01178805
64301.34,0.19520022
64301.34,0.11043698
64296.23,0.25463853
64287.25,0.01175043
64287.25,0.41405452
64301.34,0.67092944
64301.35,0.01726523
64301.34,0.62397782
64313.97,0.448988
64310.8,0.00224121
64310.8,0.01387563
64298.79,0.00680175
64298.8,0.00214398
64298.79,0.10930219
64308.16,0.20210975
64306.17,0.03209827
64306.17,0.00209262
64306.16,0.01009808
64319.95,0.02541274
64310.09,0.10360023
64312.98,0.00386471
64304.46,0.00352279
64312.98,0.00804234
64312.98,0.00898759
64312.98,0.06750506
64291.43,0.0015796
64282.55,0.02804274
64282.55,4.80515626
64291.43,0.01214016
64279.01,0.05194705
64279.0,0.00319613
64279.0,0.40727079
64274.14,0.01150566
64263.37,0.00793829
64263.38,0.25087331
64269.36,0.00905768
64269.36,0.83686809
64256.84,0.00071464
64256.84,0.00272346
64256.84,0.10155113
64249.36,0.00501331
64249.36,0.00333087
64249.35,0.24570037
64256.84,0.64259158
64265.69,0.51561509
64265.7,0.81263585
64273.62,0.19697548
64280.0,0.05458287
64277.1,0.00143581
64276.03,0.04444542
64276.02,0.00697426
64276.03,0.03245081
64276.03,0.00849805
64273.04,0.25943739
64273.04,0.03409027
64269.9,0.51628114
64269.29,1.04336994
64263.67,0.57541691
64255.25,0.4664071
64250.66,0.03243858
64263.67,0.00118452
64251.51,0.22027402
64251.0,0.00301415
64251.0,0.00350388
64251.0,0.00040428
64251.0,0.9386499
64237.61,1.24774551
64203.83,0.0017965
64213.18,0.06895099
64213.18,0.01586638
64213.19,0.00126351
64213.18,0.0023136
64213.19,1.2281925
64207.92,0.00540303
64209.16,0.02493611
64207.93,0.00272817
64207.92,0.00056608
64207.93,0.01446428
64207.92,0.41208743
64221.15,0.00057591
64221.15,0.00052744
64221.14,0.00074311
64221.14,0.02010492
64224.14,0.37015732
64226.99,0.78310926
64234.85,0.57044667
64249.56,0.00037756
64249.56,0.00131825
64275.27,0.63243125
64296.63,0.21869934
64307.09,0.00297454
64307.08,0.00973223
64307.08,0.01250683
64294.54,0.57643114
64292.23,0.00023568
64292.24,0.00159578
64296.9,0.00459404
64292.24,1.28654669
64298.36,0.39629815
64274.79,0.00106685
64274.79,4.44821908
64341.97,3.86410217
64356.01,0.00431485
64349.87,0.25291768
64341.74,0.03190508
64330.01,1.58958835
64293.73,0.41523922
64293.74,0.33300634
64302.24,0.0064445
64298.22,0.00791583
64298.21,0.00442094
64288.23,0.0165515
64288.23,0.00426175
64288.24,0.00637989
64286.06,0.58391304
64296.83,0.0108832
64317.93,0.02442751
64322.41,0.0210396
64310.63,0.02444115
64317.43,0.704374
64318.01,0.06392715
64326.79,0.01565187
64326.78,0.01667203
64326.79,0.03527069
64326.79,0.66415743
64331.83,0.62830939
64326.8,0.0210703
64318.26,0.02552711
64310.49,0.47674932
64342.81,0.03874627
64342.81,0.02242008
64335.39,0.00948202
64335.39,0.09043581
64351.66,0.05943438
64340.0,0.57397943
64336.89,0.0073172
64334.16,0.00263739
64334.17,0.00015695
64334.16,0.01909139
64334.16,0.00507552
64336.09,0.01323179
64336.1,0.40840135
64324.3,0.00899208
64324.3,0.42629064
64332.28,0.13607026
64324.32,2.00075248
64316.52,0.01754316
64301.45,0.01836029
64301.46,0.00696895
64301.46,0.01814182
64302.85,0.09558028
64307.32,0.03430249
64327.28,0.7404181
64336.12,0.0120764
64336.11,0.17938782
64327.27,0.01765866
64317.81,0.03122732
64317.82,0.00125924
64317.82,0.0658469
64342.1,0.01611274
64313.27,0.01500883
64317.86,0.02409578
64317.87,0.05197116
64317.87,0.65488845
64349.61,0.02335502
64356.4,0.56988783
64353.35,0.03179122
64353.35,0.29136663
64353.35,0.00846956
64344.99,0.02012687
64348.59,0.00616774
64350.17,0.00031393
64349.0,0.00015696
64349.0,0.26812035
64348.94,0.04478471
64348.94,0.00959724
64353.18,0.00979225
64340.73,0.00041782
64347.33,0.00557326
64343.06,0.10015693
64355.64,0.05814578
64355.63,0.0015279
64355.63,0.00156502
64355.64,0.25209357
64351.94,0.00787795
64349.01,0.00969534
64350.97,0.0048755
64350.98,0.00991933
64355.63,0.41746674
64349.01,0.00853099
64349.01,0.00900284
64349.02,0.00056546
64349.02,0.04565885
64343.06,0.00089432
64343.07,0.00370736
64343.06,0.10144768
64340.51,0.12446803
64340.5,0.00658622
64336.38,0.01334298
64338.02,0.67003971
64340.01,0.00264681
64340.02,0.01963304
64340.01,0.00028127
64340.01,0.00039248
64340.02,0.00031392
64340.02,0.00255399
64340.01,0.00801207
64340.02,0.08074272
64340.02,0.00927475
64340.02,0.00796036
64351.24,0.06955387
64358.05,0.0003109
64358.06,0.00930512
64358.06,0.35442185
64332.03,0.88419753
64332.03,0.28228793
64332.03,0.00056355
64332.04,0.05013247
64332.03,0.00023401
64332.03,0.00064871
64332.03,0.00770253
64332.04,0.00037681
64332.03,0.00706815
64335.6,0.12069229
64335.6,0.07810991
64334.24,0.20115383
64334.24,0.00129986
64332.34,0.11720528
64309.84,0.00240064
64309.83,0.00866208
64309.83,0.00381612
64309.83,0.00117969
64309.84,0.0595634
64309.84,0.37524911
64306.95,0.00194877
64304.0,0.37519274
64300.09,0.44138209
64317.47,0.00474819
64317.88,0.00154287
64327.06,0.00076553
64329.18,0.54149962
64351.0,0.51667645
64374.07,0.00260792
64374.08,0.13627556
64365.47,0.00559555
64343.99,0.40018603
64361.74,0.16683798
64364.56,1.69530511
64371.55,0.01044984
64371.55,0.00210671
64371.55,0.24240529
64371.55,0.01214287
64365.81,0.14670559
64365.8,0.00648136
64366.46,0.00219624
64371.32,0.02542658
64371.56,0.10760519
64387.09,0.00653291
64382.81,0.0098475
64397.4,0.01021895
64399.99,0.00868883
64400.0,0.60453939
64431.59,0.09908056
64419.71,0.62511693
64419.39,0.56138879
64396.82,0.00316059
64396.82,1.53981325
64416.85,0.00341531
64407.39,0.43913681
64399.36,0.51114936
64390.77,0.18381288
64390.76,0.00524702
64390.76,0.00425268
64390.76,1.16479484
64367.79,0.87811894
64357.65,0.00050687
64357.64,0.01844543
64357.64,0.00964514
64357.65,0.00326861
64357.65,0.0041312
64348.07,0.36639688
64356.43,0.01150314
64358.11,0.60294093
64365.87,0.05162639
64363.15,0.13111487
64370.0,0.34597372
64379.28,0.31597883
64379.28,0.49450286
64419.57,0.00266374
64419.56,0.00106345
64414.88,0.00492518
64419.57,0.00203095
64430.55,0.01740957
64437.3,0.00273501
64444.63,0.01878822
64477.37,0.00669394
64453.84,0.00031349
64441.34,0.37488906
64420.11,0.00317922
64420.12,0.24430161
64432.0,0.05257031
64429.28,0.00116014
64429.29,0.05915085
64421.08,0.11401459
64426.26,0.01884016
64414.48,0.02651716
64439.99,0.00863461
64437.05,0.01069615
64437.05,0.10186186
64439.99,0.00064135
64438.66,0.00320653
64438.67,1.04259185
64434.3,0.14618591
64434.3,0.07693167
64434.3,0.00490366
64424.3,0.30163885
64424.3,0.00204937
64424.3,0.00146182
64424.31,0.00458207
64424.31,0.00401209
64422.29,0.74386795
64422.28,0.3335649
64418.97,0.0045846
64418.97,0.002114
64418.98,0.00794532
64432.73,0.37103663
64423.31,0.00243071
64423.3,0.55652848
64423.3,0.01139857
64429.9,0.32313683
64437.16,0.06795501
64437.16,0.01125329
64437.16,0.03766078
64423.48,0.02326677
64428.97,0.00073744
64428.97,0.00665931
64407.65,0.00329483
64407.65,0.00266738
64407.66,0.00685019
64418.98,0.01161138
64415.78,0.722894
64409.96,0.0249408
64412.55,0.01285737
64412.3,0.01393367
64416.24,0.0257734
64413.05,0.23518432
64418.98,0.28378084
64414.41,0.00393781
64414.42,0.01320732
64419.74,0.02030522
64423.04,0.00595088
64414.59,0.01362613
64405.6,0.00155877
64396.65,0.00114824
64403.14,0.01384955
64403.14,0.00046439
64405.61,0.00768208
64405.61,0.01049717
64393.59,0.00825516
64395.08,0.0107784
64375.32,0.00063693
64375.32,0.17712547
64375.33,0.00962749
64375.32,0.00026663
64375.33,0.1995137
64387.7,0.00072896
64387.7,1.13946726
64399.21,0.1870578
64412.32,0.00965051
64412.33,0.04188678
64412.32,0.00050601
64412.32,0.00529524
64412.32,0.00046742
64412.32,0.00145727
64412.33,0.33031496
64399.21,0.66825911
64411.26,0.1456153
64412.33,0.00486138
64392.87,0.00039224
64389.76,0.04348341
64389.77,0.00015687
64389.77,0.00815181
64416.57,0.00081601
64415.37,0.0020853
64415.36,0.01724092
64416.53,0.01858919
64394.93,0.00071929
64381.91,0.02915125
64377.68,0.00242273
64377.69,0.00023529
64377.68,0.00268591
64385.66,0.00352267
64385.67,0.00478957
64385.66,0.00051987
64385.66,0.00565358
64385.66,0.43238141
64385.66,0.00023162
64385.66,0.00522958
64385.66,0.00065891
64385.67,0.00565815
64385.67,0.00061795
64385.66,0.00031379
64385.67,0.46686179
64400.0,0.97161285
64408.77,0.26653415
64434.77,0.19406613
64442.07,1.09268924
64451.55,0.03058023
64451.55,0.00108959
64458.67,0.0145967
64456.96,0.41793252
64469.48,0.04508997
64467.04,0.04140823
64467.03,0.00076259
64467.04,0.00884575
64480.0,0.13219079
64467.04,0.01455702
64441.73,0.00148254
64441.72,0.00636551
64441.72,0.26706237
64427.95,0.0001568
64427.96,0.03449591
64426.15,0.00529119
64426.85,0.34843036
64434.99,0.00807578
64432.81,0.02360083
64441.73,0.0191308
64476.28,0.75333557
64509.15,0.0172822
64519.99,1.76434324
64486.57,0.02130837
64492.12,0.00173815
64489.74,0.04113281
64485.77,0.38013136
64481.02,0.03208363
64492.44,0.01741395
64492.44,0.01017401
64499.99,0.00732532
64500.0,0.00328077
64497.99,0.00978839
64497.99,0.0136963
64496.32,0.30505124
64487.97,0.40221318
64483.9,0.38856607
64497.37,0.00190062
64493.01,0.00403301
64493.0,0.00505362
64495.05,0.00227963
64512.93,0.00071736
64512.92,0.0003132
64512.93,0.00108448
64512.92,0.01141628
64512.92,0.00083299
64512.92,0.00932511
64518.03,0.00442414
64506.51,0.00311882
64506.5,0.00232447
64506.52,0.00835351
64490.89,0.01432897
64479.97,0.00618061
64487.96,1.14451826
64485.69,0.00015668
64485.69,0.00814312
64485.22,0.01032268
64485.22,0.00115429
64485.23,0.00056493
64485.23,0.03863082
64485.22,0.04967174
64485.23,0.01046638
64485.22,0.03110819
64485.23,0.00519305
64479.97,0.00024506
64479.97,0.01853321
64477.02,0.08063389
64490.89,0.00352694
64490.92,0.94188726
64486.99,0.25104365
64478.36,0.00015667
64478.35,0.36511567
64485.01,0.00768077
64490.0,0.00497261
64478.35,0.55030163
64468.23,0.11353792
64459.69,0.03143458
64450.42,0.00121135
64450.43,0.00089072
64450.22,0.00109664
64450.21,0.00458212
64454.69,0.00086941
64450.22,0.03252052
64436.54,0.02512536
64436.55,0.02590809
64436.55,0.00520237
64436.55,0.62980595
64439.29,0.00186503
64439.28,0.00805182
64439.29,0.17167322
64440.0,0.63227287
64464.23,0.20033309
64473.7,0.3714534
64474.14,0.00943036
64482.55,0.00028484
64482.54,0.00023506
64482.55,0.68229574
64482.55,0.50351472
64482.55,0.35437525
64476.93,0.06327057
64476.94,0.00938084
64476.94,0.00235131
64476.93,0.0007712
64476.99,0.00700624
64476.93,0.06698494
64479.99,0.06408584
64486.99,0.00261429
64487.0,0.00189491
64487.0,0.25170702
64500.0,0.00015654
64499.99,0.003934
64499.99,0.4452624
64512.95,0.00277738
64525.0,0.00789685
64502.89,0.00026595
64500.01,0.10689882
64508.19,0.01023483
64507.22,0.00026753
64504.86,0.00857037
64500.0,0.01528209
64499.97,0.00142067
64480.01,0.00541764
64495.02,0.43264418
64480.02,0.62106609
64475.31,0.00135934
64475.31,0.03078861
64475.32,1.90235673
64467.11,0.01715562
64448.57,0.25166876
64448.57,0.01363821
64434.26,0.0077658
64440.61,0.02118184
64440.61,0.00031342
64440.6,0.01096523
64440.61,0.02513487
64441.8,0.00037679
64440.61,0.00092603
64440.61,0.00203947
64440.61,0.46816601
64446.95,0.17627136
64452.0,0.00282131
64452.0,0.00415714
64452.0,0.008055
64451.99,0.00996748
64444.08,0.00080463
64441.21,0.00068584
64441.21,0.02502271
64441.21,0.011695
64441.2,0.00082256
64441.2,0.00015671
64441.21,0.16504329
64441.21,0.0002351
64441.21,0.01221243
64441.21,0.00890713
64440.6,0.00032448
64440.6,0.00039195
64440.6,0.37662819
64434.92,0.14541703
64424.06,0.02621988
64408.03,1.10559159
64370.31,0.00702213
64366.07,0.72417284
64399.28,0.00015677
64404.99,0.03462278
64399.97,0.00064366
64403.09,0.04461522
64403.09,0.01191929
64406.0,0.00087988
64405.99,0.00836843
64401.41,0.1004332
64406.0,0.00452516
64406.0,0.00068852
64406.0,0.00872
64406.0,0.02148465
64403.58,0.00943205
64403.57,0.0018475
64403.58,0.00915689
64403.57,0.00178432
64403.58,0.00171702
64399.28,0.39759033
64391.91,0.09706098
64387.38,0.01784547
64382.8,0.43716997
64375.01,0.53120856
64368.37,0.00079403
64367.58,0.00136978
64367.58,0.00128899
64359.34,0.008536
64359.34,0.00152768
64359.33,0.0058306
64359.33,0.00534336
64359.33,0.44884808
64344.0,0.00216615
64338.58,0.05068302
64329.99,0.11855772
64320.0,0.18184801
64312.6,0.00196367
64314.26,0.01255525
64314.26,0.31082593
64294.85,0.46046529
64294.85,0.00015709
64294.85,0.81656771
64293.3,0.20690051
64293.29,0.02288262
64294.85,0.0006548
64294.86,0.00175427
64294.85,0.62297275
64274.02,0.791307
64262.0,0.00265614
64259.79,0.11173557
64241.98,0.70924452
64234.77,0.70275411
64234.47,0.37753654
64242.01,0.2951126
64242.0,0.46184112
64242.0,0.07797357
64240.39,0.00109666
64240.39,0.01664592
64240.01,0.04673896
64242.86,0.00694277
64256.67,0.08534096
64265.19,0.00127077
64284.42,0.00046823
64295.74,0.00134667
64295.74,0.0020441
64295.75,0.00758253
64309.12,0.42847674
64316.73,0.00794656
64310.82,0.00233529
64314.12,0.00212062
64314.12,0.00115563
64312.86,0.29328534
64314.12,0.00619312
64322.85,0.01590057
64326.9,0.000314
64339.23,0.02213413
64339.23,0.00023556
64339.23,0.00838377
64339.23,0.00596257
64339.23,0.07197157
64358.45,0.1129817
64358.45,0.01128248
64367.4,0.42788477
64376.08,0.11115098
64374.82,0.0045028
64378.63,0.00212197
64378.64,0.00545546
64378.64,0.00281167
64378.63,0.00048402
64402.68,0.00843443
64402.68,0.102989
64390.3,0.55565432
64377.62,1.20388606
64369.6,0.00223049
64369.61,0.00252967
64369.6,0.16576092
64369.6,0.00042842
64362.69,0.8130751
64341.19,0.82691065
64338.93,0.22831988
64342.84,0.10645504
64345.07,1.10006697
64360.16,1.59357624
64377.63,0.00280633
64377.63,0.25043924
64371.54,0.00432902
64365.32,1.28410891
64343.27,0.84539789
64337.79,1.71411799
64315.52,0.00194968
64315.53,0.06590351
64315.52,0.0035743
64307.34,0.00150668
64309.28,0.01318781
64309.27,0.00015705
64309.27,0.06717282
64309.27,0.00869556
64309.27,0.00934507
64309.28,0.00166948
64307.06,0.00249071
64300.52,0.00029257
64300.51,0.00087559
64300.51,0.20056272
64300.51,0.00876386
64300.52,0.00462047
64300.3,0.2565434
64291.78,0.00234545
64291.78,0.02715774
64299.98,0.00297669
64299.99,0.48819536
64300.5,0.65391817
64310.88,1.7252193
64288.7,0.00380733
64288.71,0.19744006
64299.51,0.33120523
64299.51,0.00971827
64305.2,0.04531709
64312.34,0.00923036
64310.89,0.12936245
64305.28,0.0013464
64305.27,0.24102153
64310.89,0.00128498
64310.91,0.00202384
64310.9,0.1722404
64301.59,0.0003141
64301.59,0.00303842
64301.58,0.37369656
64305.59,0.01001488
64310.9,0.157025
64310.89,0.36105354
64299.51,0.05196843
64295.95,0.00023567
64295.95,0.00266942
64295.96,0.00740781
64295.95,0.66953713
64302.73,0.01148652
64306.86,0.03692317
64310.9,0.12797174
64310.9,0.37376705
64315.82,0.07434678
64318.67,0.05255902
64323.68,0.00234702
64323.68,0.36567943
64333.0,0.11908903
64333.01,0.01420414
64346.49,0.36761649
64343.26,0.00902
64343.27,0.01128421
64343.27,0.000314
64343.26,0.00425411
64343.27,0.00466568
64343.26,2.26658846
64342.87,5.8680992
64335.24,0.25531518
64327.74,0.00330041
64339.89,0.00674535
64339.89,0.02076431
64339.88,0.00224444
64339.89,0.00048457
64339.88,0.00430942
64339.89,0.00908233
64339.88,0.00240549
64339.89,0.01438544
64339.89,0.00023548
64339.88,0.00168652
64339.89,0.00080198
64339.88,0.02010441
64339.88,0.00490158
64342.87,0.63047976
64354.19,0.03770549
64358.37,0.23220459
64372.34,0.61846328
64375.86,0.23492375
64375.86,0.72464566
64379.56,0.7760463
64386.63,0.37508892
64409.67,0.00174526
64409.67,0.00390711
64409.67,0.14815847
64423.44,0.09030554
64429.78,0.0391942
64429.78,0.05498471
64429.79,0.00070801
64429.78,0.00123918
64429.79,0.01544946
64429.78,0.02967682
64429.79,0.1788367
64421.15,0.0070343
64421.36,0.00722181
64443.21,0.00047585
64443.21,0.00179195
64443.21,0.39233292
64453.27,0.12509383
64446.21,1.21668466
64421.47,0.00510066
64421.48,0.00196778
64430.33,0.47375556
64436.45,0.01007652
64439.39,0.01193675
64439.39,0.00458649
64439.39,0.0011538
64439.4,0.00377735
64439.39,0.00031355
64439.4,0.26093987
64439.4,0.79289884
64481.56,0.15576216
64479.01,0.00417321
64479.01,0.09059555
64479.01,0.01886393
64482.71,0.00257947
64482.71,0.00939273
64482.71,0.06055406
64482.72,0.00096488
64482.71,0.04918558
64482.71,0.18619508
64474.18,0.00258296
64476.12,0.00015664
64476.11,1.125772
64459.56,0.00272113
64462.78,0.00080269
64462.78,0.00559047
64462.79,0.00023508
64462.01,0.0013734
64462.0,0.00946301
64462.01,0.20222204
64470.4,0.01570248
64470.4,0.21917274
64474.59,0.00144659
64474.59,0.00165028
64474.58,0.98375706
64483.59,0.00224563
64483.58,0.00604919
64483.59,0.006113
64483.59,0.01120644
64483.58,0.0582037
64483.59,0.0133002
64483.58,0.02624846
64483.59,0.0003132
64483.58,0.02202577
64483.59,0.00415665
64483.56,0.00051521
64483.57,0.09979748
64483.57,0.0003117
64483.57,0.94240671
64479.3,0.00153682
64479.3,0.00256741
64479.31,0.00379162
64479.3,0.85722892
64459.68,0.1014854
64457.05,0.01219609
64457.05,0.02762366
64457.05,0.00101052
64457.04,0.0160105
64457.05,0.03228787
64457.05,0.0096997
64457.04,0.0053234
64457.04,0.01942899
64457.04,0.00523203
64452.39,0.50283473
64445.2,0.00248416
64445.2,0.00594544
64445.21,0.00242349
64445.2,0.0095081
64445.2,0.65585177
64440.22,0.00023509
64440.22,0.00181325
64440.21,0.00529184
64440.21,0.00899044
64444.76,0.00040919
64444.75,0.0074793
64452.38,0.88704133
64462.16,0.04519176
64476.59,0.00893731
64469.91,0.00514435
64469.9,0.00047907
64469.91,0.24086762
64469.9,0.00301387
64469.9,0.0459308
64469.91,0.00114626
64469.91,0.00323501
64469.9,0.34627527
64469.91,0.10878221
64469.91,0.014918
64483.86,0.00161053
64489.55,0.00379767
64489.54,0.00104171
64489.55,0.13047467
64489.54,0.16631393
64489.54,0.00829499
64489.55,0.00523952
64489.55,0.02389042
64489.55,0.01246265
64489.54,1.27094041
64511.74,0.0007766
64511.74,0.4550092
64489.89,0.4731992
64476.61,0.67395252
64468.37,0.10289086
64460.3,0.00180323
64460.31,0.00180479
64464.5,0.02178546
64464.51,0.07461198
64462.28,0.00169637
64462.27,0.17640095
64453.13,1.12502358
64450.54,0.00039185
64450.57,0.00015668
64450.57,0.00648111
64450.56,0.00858808
64450.57,0.00137049
64453.8,0.83067692
64453.8,1.13842143
64459.0,0.57500589
64461.0,0.4858392
64464.52,0.00222445
64464.52,0.34692759
64453.35,0.00483949
64453.34,0.77080558
64450.56,0.00342921
64450.56,0.01832913
64448.85,0.0007755
64448.85,0.00196678
64448.85,0.00015669
64448.84,0.00404749
64453.34,0.00150121
64453.35,0.00616411
64456.77,0.00746501
64456.78,0.00107997
64451.93,0.00237984
64451.92,0.05032028
64451.93,0.00642033
64451.93,0.00924057
64451.93,0.15677343
64451.9,0.00298656
64451.9,0.08145295
64451.9,0.00255455
64451.9,0.50184472
64448.86,1.39383405
64441.88,0.05037709
64441.88,0.00177132
64441.88,0.06272307
64441.88,0.0003974
64441.87,0.00055254
64441.87,0.03909078
64441.88,0.03956398
64441.88,0.68330272
64441.88,1.0045478
64436.99,0.02760664
64437.0,0.01926928
64436.99,0.01835096
64436.99,0.00565391
64437.0,0.00055516
64436.99,0.00896507
64437.95,0.01590648
64437.96,0.29019465
64445.55,0.724512
64449.72,0.01446725
64447.38,0.39331922
64451.47,0.00742372
64451.47,0.00447144
64451.48,0.0050994
64451.47,0.12204277
64447.28,0.2014743
64447.28,0.16230601
64442.34,0.00247847
64442.34,0.05005383
64442.35,0.01371769
64448.18,0.2163922
64448.17,0.00386883
64448.18,0.11397833
64477.58,0.00147665
64488.67,0.35264309
64488.68,1.30158644
64499.33,2.5352735
64568.73,0.00696102
64589.66,0.02412776
64567.03,0.01263331
64534.99,1.52388958
64533.04,0.00241555
64523.28,0.00142615
64530.43,0.75355929
64552.43,0.01077312
64545.52,0.0045473
64546.88,0.13217371
64545.52,0.00541328
64525.25,0.00394308
64510.06,0.59785106
64482.22,0.33440063
64463.58,0.14144325
64493.82,0.03264999
64499.95,0.00921491
64499.96,0.00616835
64506.93,0.05216975
64506.94,0.02199306
64509.87,0.08938885
64514.26,0.29914341
64511.34,0.05013195
64511.34,0.00388696
64508.0,0.47679274
64504.14,0.00356548
64504.15,0.87211784
64499.66,0.3730112
64497.54,0.00553327
64497.53,0.31589331
64503.43,0.01290687
64503.43,0.0433958
64499.7,0.28301133
64474.69,0.2583568
64457.58,0.37310134
64452.3,0.71303457
64449.33,0.51509954
64444.36,0.00824301
64440.87,0.00468084
64411.89,0.00810054
64404.88,0.3656212
64407.52,0.00469203
64417.54,0.01094155
64400.71,0.01790426
64397.17,0.25085752
64404.27,0.34615221
64404.27,0.00134415
64412.92,0.00300106
64412.91,0.05839879
64412.92,0.0412118
64412.91,0.03534339
64412.91,0.0035241
64409.39,0.00498298
64409.39,0.00195525
64409.4,0.0872298
64409.39,0.96278139
64381.99,0.00180341
64369.01,0.00069783
64369.01,0.25592504
64369.01,0.00109772
64369.0,0.01254328
64366.83,0.00115212
64360.45,0.00496926
64360.44,0.3030585
64352.85,0.45506842
64356.37,0.07518506
64364.4,0.00514287
64358.94,0.00108373
64358.94,0.09502297
64384.86,0.87347646
64395.78,0.58108594
64404.78,0.01608895
64404.62,0.00524035
64412.69,0.01650449
64456.46,0.01491299
64453.46,0.43779335
64445.46,0.00101093
64445.47,0.01380893
64444.27,0.86554546
64437.28,0.47013286
64434.09,0.09023706
64413.1,0.2112642
64411.09,0.00534805
64411.09,0.10426649
64411.08,0.00921908
64399.92,0.01437625
64407.02,0.74307973
64413.98,0.00310613
64413.97,0.01789206
64413.98,0.11451643
64431.19,0.01274891
64440.32,0.38390763
64432.73,0.01684398
64432.73,0.03709732
64449.8,0.00077785
64482.15,0.0370871
64484.14,0.01135925
64484.13,0.00900987
64496.35,4.10678523
64505.05,0.00655376
64483.51,0.01483025
64483.51,0.00870664
64483.5,0.00152898
64483.51,0.00425271
64483.5,0.00526132
64471.25,0.00199065
64471.24,0.00433812
64471.24,0.10060358
64471.24,0.37986413
64456.36,0.00031336
64457.07,0.00674925
64456.35,0.00458541
64456.36,0.04027479
64456.35,0.45500749
64465.82,0.87676322
64473.59,1.31139323
64488.0,0.10080344
64499.36,0.20178872
64552.08,4.54915633
64619.05,2.10960458
64572.18,6.70418499
64680.01,1.92588641
64660.38,0.03718462
64623.02,0.42258787
64652.53,0.21118634
64600.87,0.00783648
64632.53,0.40865959
64619.51,1.09758698
64648.86,0.04949258
64614.46,0.22307451
64614.46,0.15124058
64612.5,0.00443404
64620.63,0.00463321
64601.25,0.01832359
64596.13,0.0137929
64608.03,0.00175786
64608.02,0.02878588
64608.02,1.69504902
64594.99,0.00871896
64595.04,0.04334731
64594.98,0.03846255
64584.14,0.00722668
64581.03,0.55324969
64568.97,0.62557481
64574.17,0.89639353
64606.91,0.3521848
64618.25,0.00132546
64601.36,0.02083492
64596.89,0.00414388
64590.01,0.01202035
64590.73,0.01754938
64604.69,0.00322044
64622.06,0.00317401
64602.14,0.0034392
64607.09,0.35673545
64650.06,0.10636561
64641.86,0.00164981
64633.57,0.00382673
64633.56,0.765758
64649.87,0.31374136
64685.59,0.03584434
64683.33,0.01960899
64675.63,0.30609853
64637.83,0.03514651
64641.57,0.04390675
64641.57,0.41030925
64647.26,0.01909518
64647.26,0.02938268
64647.26,0.01224026
64647.25,0.02014168
64647.25,0.218897
64638.32,0.69901546
64653.89,0.00327558
64658.07,0.00443982
64644.89,0.0003125
64670.11,1.64905516
64647.95,0.01550996
64642.73,0.0032492
64658.45,0.01127962
64636.49,2.83129265
64655.61,0.00354
64655.62,0.01109102
64628.0,0.00385927
64624.37,0.10859271
64629.0,0.0579711
64621.09,0.01159477
64621.1,0.1674734
64621.09,0.00661805
64621.1,0.01409203
64671.4,0.01796993
64701.72,0.01231346
64702.23,0.00796309
64698.79,0.00574123
64695.44,0.02652592
64714.07,0.02370106
64708.19,0.00154911
64712.61,0.02713057
64707.1,0.06567715
64707.11,0.02876108
64706.52,0.36749005
64702.55,0.00370611
64706.5,0.00896136
64697.11,0.04312544
64698.07,0.04305639
64687.07,0.14901414
64687.31,0.0021898
64685.1,0.03569651
64676.07,0.03425802
64684.68,0.02621071
64711.06,0.54303998
64760.61,0.01692338
64752.36,0.010156
64752.36,0.45722342
64748.1,0.11793314
64747.29,0.04885486
64737.01,0.04520873
64735.23,0.00656121
64735.23,0.00710301
64742.18,0.34527372
64722.99,0.00184737
64720.02,0.01148318
64715.28,0.23932471
64712.22,0.00046516
64710.23,0.00748097
64727.74,0.00486195
64707.96,0.03585741
64708.04,0.23408384
64688.17,0.73692876
64705.47,0.01151792
64722.13,0.10587695
64715.05,0.00647632
64710.88,0.02763664
64722.05,0.04155144
64710.39,0.01355739
64720.64,0.010847
64731.92,0.15997211
64731.54,0.10132046
64685.01,0.00921766
64680.47,0.06772992
64666.18,0.00562861
64666.19,0.30929925
64656.21,0.05324587
64656.78,3.6577562
64643.56,0.08445083
64649.17,0.57222195
64651.96,0.5316603
64656.64,0.00401036
64652.21,0.00065684
64652.21,0.19998038
64678.39,0.00621856
64710.87,0.10819812
64730.04,0.03291108
64721.91,0.00486293
64692.72,0.2746362
64699.37,0.00718549
64699.37,0.06144354
64721.79,0.00649287
64706.34,0.25304088
64700.15,0.00534758
64700.14,0.05396829
64708.76,0.55950665
64716.88,1.93393616
64727.45,0.00277596
64747.18,0.02500582
64752.88,2.31592713
64795.65,1.20798516
64859.91,0.19490257
64820.05,0.01167917
64801.95,3.94648909
64804.4,0.39980663
64775.3,0.07654953
64764.4,0.01630641
64761.2,0.17475254
64759.26,0.03314129
64764.24,0.3576967
64772.73,0.95323099
64782.18,0.0013395
64772.98,0.36622397
64772.06,0.00482929
64756.31,0.01097495
64758.26,0.87909818
64770.21,0.00726571
64775.06,0.51659993
64764.52,0.00982866
64735.04,0.29411424
64729.29,0.11882922
64720.09,0.50229325
64710.27,0.01987136
64698.1,0.00544219
64695.97,0.0139723
64694.2,0.01772687
64682.35,0.00581626
64682.76,0.25651706
64672.22,0.16376491
64641.73,0.02580764
64623.9,0.22338682
64645.29,0.18807739
64658.02,0.00181977
64643.83,0.01800155
64667.13,0.21872067
64685.26,0.02505409
64622.6,0.0172959
64645.06,0.10429707
64652.65,0.01478423
64652.66,0.04371176
64652.65,0.41201149
64688.46,0.00247546
64702.5,0.00697196
64722.35,0.00429827
64728.06,0.16818653
64720.18,0.21371261
64715.3,0.00442956
64706.03,0.01408269
64701.26,0.5129652
64677.85,0.04272256
64686.98,0.00659941
64685.88,0.00718915
64667.04,0.04436585
64667.05,0.00682739
64672.14,1.53063859
64660.14,0.00348007
64665.95,0.00099773
64665.5,0.00822488
64665.5,0.00557472
64665.51,0.11965183
64674.01,0.00911156
64698.36,0.00930091
64690.9,0.00047435
64690.91,0.03291242
64690.9,0.03311381
64655.24,0.37217132
64642.61,0.02061186
64642.62,0.51245001
64625.78,0.00285453
64615.79,0.01165445
64615.8,0.00753815
64618.57,0.00369468
64621.52,0.10563558
64621.52,0.13674886
64630.93,0.29887498
64630.93,0.20276906
64630.93,0.00662953
64626.83,0.00974808
64633.35,0.00088439
64633.34,0.01132207
64633.34,0.42259565
64637.2,0.18432216
64641.64,0.0057287
64645.96,0.2223341
64633.34,0.31286469
64620.7,0.01780191
64620.82,0.02881237
64620.81,3.76554813
64628.0,0.00292925
64620.82,0.00763024
64630.75,0.06409975
64623.42,0.01346266
64629.65,0.00940183
64629.65,0.00618009
64628.07,0.01195755
64628.06,0.00802749
64628.06,0.00592148
64639.13,0.00073248
64639.13,0.00333319
64639.12,0.19317598
64653.3,0.07322763
64648.64,0.04880631
64650.29,0.24199387
64636.6,1.5152203
64624.44,0.61172965
64631.26,0.50713746
64625.0,0.21709696
64624.44,0.00758296
64615.05,0.00948867
64615.04,0.10084611
64627.82,0.35177273
64640.0,0.22018302
64637.79,0.00936694
64637.45,0.39867288
64627.81,0.00987444
64628.33,0.02423601
64631.69,0.03954573
64631.69,0.02971381
64631.68,0.01462929
64631.69,0.14304849
64634.98,0.00018639
64634.98,0.00310628
64634.98,0.59631258
64634.97,0.01289428
64638.69,0.01905634
64619.36,0.01227601
64638.7,0.00190877
64645.86,0.94301517
64663.23,0.5168296
64654.49,0.02216436
64654.5,0.00031248
64654.49,0.0996847
64654.5,0.02105924
64654.49,0.01050249
64654.5,0.00936621
64661.35,0.01444305
64661.36,0.00099428
64661.35,0.00079596
64661.35,0.003255
64661.35,0.01471554
64663.47,0.96494974
64703.63,0.24651228
64703.63,0.00999373
64695.21,0.28273392
64685.53,0.01163046
64683.62,0.51331757
64683.61,0.00289324
64683.6,0.00575236
64683.6,0.00023423
64683.61,0.01459711
64683.62,0.01525131
64662.3,0.03793295
64678.12,0.03340935
64673.61,0.0072243
64673.61,0.01676382
64666.43,0.00345522
64665.36,0.00957611
64652.44,0.0052933
64643.51,0.24213189
64638.28,0.01919801
64638.29,1.62846586
64624.26,0.1075324
64624.25,0.53528973
64624.25,0.0112732
64624.25,0.00489612
64624.25,0.00786003
64624.26,0.50794819
64624.26,0.03713736
64634.28,0.00385864
64634.28,0.27227764
64639.89,0.72554619
64669.15,2.35433907
64656.74,0.02289915
64648.26,0.00231623
64648.25,0.00447051
64648.26,0.33055795
64641.75,0.02945197
64641.74,0.02658665
64661.54,0.01262619
64661.55,0.02667617
64672.79,0.5312704
64672.78,2.03741324
64697.38,0.75292933
64687.05,0.20668031
64681.0,0.02657848
64674.74,0.00483822
64671.58,0.00086618
64666.95,0.00547789
64668.64,0.50579148
64668.64,0.00062233
64668.63,0.22274868
64668.64,0.00549872
64668.63,0.00878023
64668.64,0.02984855
64668.64,0.00066054
64668.63,0.87849264
64658.32,0.11696329
64655.76,0.00086413
64655.76,0.11249756
64651.37,0.04296203
64642.79,0.01046582
64650.54,0.02220929
64650.53,0.03170425
64650.54,0.00272167
64644.21,0.00840749
64644.22,0.29876789
64644.22,0.01428914
64646.48,0.05049436
64645.42,0.00142618
64645.43,0.04636131
64639.59,0.04277938
64639.58,0.17230302
64639.58,0.00132412
64639.59,0.37949371
64646.36,0.00054372
64646.36,0.00526669
64646.35,0.00023444
64646.36,0.00153479
64646.36,0.05941689
64640.74,0.05924426
64634.0,0.02950656
64634.0,0.01098212
64634.01,0.30597374
64634.01,0.45460242
64626.54,0.00292437
64626.54,0.00741738
64612.01,0.00627106
64612.0,0.21559827
64597.23,0.4704446
64597.23,0.00698671
64597.23,0.00911923
64597.24,0.20366097
64593.35,0.00210651
64593.35,0.01123566
64593.36,0.01010928
64583.67,0.44371382
64583.67,0.00825765
64583.47,0.00068308
64593.36,0.05875409
64602.54,0.03349185
64611.81,0.02385437
64610.54,0.05112708
64596.25,0.00194174
64596.25,0.00502181
64596.26,0.00922237
64596.25,0.0142174
64596.26,0.22382553
64604.88,0.30886709
64604.88,0.01162854
64609.98,0.00445988
64608.03,0.07961745
64608.04,0.00684767
64608.03,0.12547852
64608.03,0.00568136
64608.94,0.0093244
64608.95,0.00437555
64608.95,0.10468784
64607.57,0.04006312
64607.57,0.37514826
64598.47,0.27522955
64598.46,0.00985735
64599.0,0.05969147
64599.0,0.01885841
64598.99,0.01853134
64598.99,0.03360215
64598.99,0.07592684
64598.99,0.00358007
64598.99,0.00508921
64599.0,0.01498918
64603.95,0.09664259
64607.58,0.00271943
64617.1,0.31896545
64624.73,0.25433465
64623.96,0.01186171
64623.95,0.01414616
64623.96,0.0478639
64610.91,0.48724246
64606.12,0.73216689
64606.8,0.00107912
64606.8,0.01409847
64606.79,0.29937351
64616.76,0.62963872
64645.19,0.00500669
64637.35,0.00099997
64637.35,0.00474982
64637.34,0.00131846
64640.0,0.97582206
64679.99,0.00234936
64679.5,0.13918707
64685.96,1.30471682
64703.38,0.00254873
64703.38,0.01474786
64703.39,0.19836325
64730.0,0.9182047
64781.31,0.0009217
64787.7,0.06344377
64775.38,0.67333455
64764.75,0.08177974
64757.04,0.76314384
64771.55,0.04582296
64758.85,0.00594913
64742.21,0.15759485
64765.06,0.51386933
64772.49,0.25419345
64760.25,0.01208133
64763.18,0.2190858
64745.98,0.33678034
64769.75,0.96470463
64746.96,0.31069903
64739.21,0.0056735
64770.63,0.01356586
64752.63,0.23986295
64784.91,0.00090382
64735.55,0.47852421
64764.11,0.19514244
64764.82,0.00431964
64776.75,2.79238585
64834.22,0.019657
64825.11,0.61180485
64802.59,1.72521889
64802.07,2.94171183
64804.39,0.00876643
64817.85,0.19386127
64818.99,0.10042749
64821.55,0.00046519
64825.72,0.03730428
64798.76,0.01775668
64798.76,0.11627902
64790.37,21.25358001
65016.59,1.86311324
64961.68,4.72020922
65038.8,2.56221954
65114.36,0.54194053
65107.9,0.91443865
65117.43,1.42772666
65127.41,0.54143456
65100.34,0.7760684
65116.3,3.45386212
65137.87,0.78928959
65154.1,2.25684101
65148.17,0.63112461
65176.29,1.32383902
65162.41,0.39512001
65158.09,0.45855261
65160.68,0.01766069
65170.79,0.03654399
65151.1,0.14172705
65183.37,0.06323294
65131.61,0.05596328
65167.99,0.04948672
65158.02,0.08203505
65160.08,0.67911179
65182.52,0.04507608
65156.92,0.58123195
65106.67,0.04504091
65117.89,0.08317569
65158.19,0.35187176
65176.43,2.12462851
65153.62,0.80395543
65150.52,0.4242689
65169.51,6.34908068
65298.68,0.12824955
65335.74,0.01579475
65323.94,0.03105886
65345.33,1.00321284
65361.75,11.72401861
65399.86,0.62599677
65375.28,0.22705244
65360.92,1.29536568
65438.16,0.86212549
65419.42,0.01917307
65409.33,0.23821881
65398.47,0.03760113
65413.39,0.02262614
65369.57,0.11703166
65344.44,0.23937019
65359.55,4.40372475
65411.73,0.55548097
65416.3,2.11415378
65396.29,0.31371232
65354.18,0.16532583
65379.69,7.13324034
65383.4,1.30782064
65370.54,0.47375803
65322.14,0.21730277
65334.13,0.01733658
65336.08,0.17155814
65336.08,0.03282189
65350.64,0.63247885
65363.47,0.19644043
65399.48,1.92094712
65363.47,0.70996542
65324.85,1.76369032
65362.04,0.82059061
65423.53,0.25060243
65427.99,0.98977758
65453.59,0.59094237
65450.77,4.7639832
65476.11,1.51755432
65438.76,0.62863319
65414.21,8.48472438
65426.5,1.38341686
65376.11,1.0507942
65349.95,0.07373589
65410.4,0.01305435
65370.47,0.00031059
65342.55,0.00538843
65335.54,0.00360354
65295.49,0.0021225
65296.79,0.00090148
65295.67,0.10466176
65314.43,0.42529126
65299.43,0.40147482
65293.69,1.6524231
65294.18,2.07360073
65267.84,0.00579639
65268.47,1.25518677
65271.72,0.00467828
65271.05,0.03112082
65239.46,0.40779638
65259.29,0.74025339
65261.17,0.97476218
65286.36,1.39061052
65310.25,0.49836987
65325.53,0.01176725
65320.45,0.11462677
65305.5,0.45104918
65274.14,0.1083726
65280.77,0.05558585
65280.77,1.29188588
65327.89,0.27130921
65341.09,0.43506345
65349.2,0.39844146
65347.05,0.33279336
65348.43,0.64879154
65399.66,0.12440478
65341.87,0.00403829
65343.3,0.5921188
65340.58,0.23958094
65367.07,0.50549108
65394.94,0.24639619
65379.3,0.06248921
65344.9,0.15500176
65359.22,2.39432088
65300.59,0.38597301
65308.34,0.33206076
65303.2,0.407797
65327.73,1.14244631
65338.88,0.39342269
65324.19,0.16380116
65297.01,0.60271044
65286.59,0.10748179
65243.26,0.18691248
65227.41,0.77189129
65211.84,0.84398928
65196.8,0.59550128
65150.2,0.89107519
65153.96,1.48435177
65152.52,0.20662956
65137.31,0.63297002
65146.11,0.31285366
65149.09,0.22973648
65183.74,0.21702005
65159.6,0.30240914
65157.36,0.4546663
65144.57,0.0874376
65129.91,0.6775186
65097.16,0.45935759
65073.36,0.46405528
65093.46,0.00201841
65072.74,1.21731699
65110.01,0.23692502
65078.6,0.42429036
65112.43,0.009736
65164.86,0.04957551
65175.44,0.04047044
65156.74,0.00197663
65175.21,0.32079093
65138.89,0.00246213
65108.72,0.00849867
65165.11,0.07949734
65148.64,0.0078442
65143.27,0.01329439
65137.59,0.20784201
65122.59,0.00291112
65088.59,1.09064116
65056.92,0.00057363
65074.3,0.00133899
65072.59,0.85632601
65080.69,0.00212571
65084.94,0.00950006
65093.18,0.10128722
65091.0,0.16404027
65097.64,0.1897815
65130.64,0.0024097
65117.41,0.58363802
65083.22,0.40093826
65121.2,0.00359724
65106.43,0.0146183
65110.0,0.00456851
65124.03,0.00129596
65112.16,0.11129048
65070.44,0.00490599
65055.24,0.45224138
65007.0,0.02935517
65023.1,0.14939177
65059.88,0.00592009
65043.19,0.80890535
65071.95,0.01404889
65066.14,0.01856141
65098.09,0.02557835
65120.08,0.13866185
65126.94,0.5504866
65125.85,0.01785195
65145.58,0.00857887
65142.73,0.30722878
65135.85,0.00056521
65095.38,0.20985726
65124.73,0.10083445
65093.73,0.48153155
65088.21,0.76570077
65053.6,0.38136839
64995.2,0.42521843
64985.05,0.00843988
64951.07,1.36444692
64957.85,0.27418569
64987.17,0.22092671
65004.01,0.16705753
65020.87,0.37530102
64999.1,0.30917509
64992.21,0.4853221
65011.88,0.02322613
65004.57,0.01830474
65010.72,0.3935539
64979.93,0.00246039
64970.18,0.0004031
64983.89,0.71225349
64966.84,0.26269854
64953.17,0.14655991
64938.39,0.20658307
65001.0,0.4682849
65004.24,0.08621151
65004.41,0.10114795
64983.51,1.67857188
64863.99,0.41967666
64883.5,1.21162858
64932.15,1.23768357
65016.5,0.03094215
65029.4,0.0353747
65049.64,0.47212696
65055.28,0.50355738
65049.84,0.1683187
65027.5,0.57093488
65033.72,0.05532606
65033.71,0.00151301
65091.22,0.00659708
65085.48,0.03589986
65101.68,0.54561827
65111.17,0.6895055
65091.67,0.00077304
65119.6,0.00202271
65103.39,0.00870691
65101.5,0.0017263
65103.25,0.01549722
65142.26,0.59172699
65151.19,0.00547215
65146.23,0.20771096
65151.95,0.98696294
65143.06,0.10278632
65122.38,0.11378582
65151.64,0.00050095
65129.16,0.02438391
65125.97,0.10971218
65101.88,0.00338672
65127.19,4.18578042
65105.94,0.0107642
65128.71,0.00175631
65115.36,0.00867976
65146.74,0.00050072
65132.16,1.2455746
65158.6,0.10059424
65141.32,0.00096709
65150.12,1.03936347
65141.16,0.00069509
65111.66,0.00851647
65086.47,0.05506481
65119.75,0.00948915
65124.1,0.11421114
65160.06,0.00233358
65157.17,0.04603212
65128.39,0.003022
65138.09,0.14142414
65106.39,0.05521405
65117.58,0.00276475
65138.42,0.20633903
65132.43,0.00056126
65138.89,0.00097898
65138.9,1.52227983
65123.48,0.02498888
65076.77,0.00961441
65059.77,0.00200601
65067.19,0.00166519
65056.07,0.24677223
65074.19,0.25153968
65078.96,0.26098169
65171.88,0.37728659
65165.35,0.25131376
65171.75,0.15126884
65186.72,0.19645563
65174.61,0.00024857
65194.42,0.01324503
65202.66,0.01845613
65210.51,1.51765635
65181.24,0.60099119
65190.8,0.01098882
65198.07,0.19651875
65178.35,0.0035008
65158.31,0.00849591
65158.31,0.00255268
65121.99,0.02994267
65122.03,0.00479346
65085.49,0.0156833
65084.83,0.02937816
65106.99,0.00355544
65112.57,0.10496419
65106.08,0.00468642
65106.98,0.54353421
65119.75,0.0022407
65114.39,0.09982487
65155.28,0.30726369
65181.29,1.4927807
65193.45,0.01087213
65167.96,2.75815547
65114.7,0.14381247
65160.6,0.00249143
65166.07,0.00443818
65166.04,0.00019832
65166.84,0.25489708
65142.58,0.00018444
65125.47,0.00526799
65165.66,0.00576159
65176.39,0.46976379
65190.6,1.02117354
65219.0,0.10870265
65219.61,0.10121732
65232.91,0.00087924
65234.6,0.00392644
65230.3,0.01695475
65231.25,0.09617289
65214.38,0.83252104
65237.96,0.00260891
65236.94,0.41693775
65275.99,0.35309984
65253.97,0.0031913
65279.58,0.01765813
65270.39,0.00135547
65270.44,0.0222844
65270.44,2.00620862
65255.62,0.18347292
65199.61,0.12055086
65207.95,0.05301045
65213.46,0.0063026
65213.33,0.00214542
65213.33,0.003032
65225.92,0.00015485
65234.94,0.10589996
65234.93,0.00233296
65248.85,0.00547561
65225.69,0.0152121
65235.86,0.12148895
65269.06,0.00030952
65268.97,0.20160455
65284.3,0.00520399
65289.96,2.72577809
65301.91,0.05294486
65301.92,1.70457481
65281.0,0.00069098
65271.07,0.60074088
65252.05,0.09248269
65239.42,0.18984187
65227.21,0.56420672
65245.32,0.0518191
65245.33,0.00206068
65239.0,1.42867399
65213.06,1.2293638
65213.07,0.02210144
65221.86,0.75030979
65235.59,0.00401176
65224.7,0.0002308
65222.1,0.03617982
65227.75,0.00346021
65226.83,0.9044285
65282.34,0.00605815
65280.2,0.0007944
65269.0,0.01361846
65282.41,0.01380698
65316.77,0.00533332
65285.71,0.25128103
65225.34,0.0080799
65208.31,0.08927416
65185.03,0.00188472
65212.88,0.00088468
65232.63,0.00062963
65252.4,0.0139504
65251.07,0.11468048
65283.24,0.00680552
65285.59,0.19463404
65337.12,0.00962663
65319.08,0.00109063
65363.71,0.66212361
65348.81,0.77016838
65405.46,0.09553872
65400.4,0.70297788
65330.17,0.02269391
65335.53,0.07530143
65292.01,0.00199166
65253.44,0.51271007
65232.43,0.10434062
65264.61,0.19354384
65229.72,0.03254094
65214.65,0.45220105
65198.86,0.46747128
65239.12,0.00046142
65246.29,0.5390358
65263.86,0.19674
65269.06,0.00810964
65321.38,0.1182631
65302.3,0.05791437
65295.4,0.08123214
65301.29,0.01973199
65345.01,0.34481289
65338.38,0.00071295
65317.8,0.00974321
65332.7,1.47873448
65278.03,0.00372996
65280.85,0.00447285
65304.7,0.0080342
65284.79,0.00758589
65295.22,0.00781747
65284.78,0.17445473
65275.35,0.00255206
65260.39,0.01034679
65258.86,0.01429778
65258.86,0.00118505
65244.32,0.1654053
65247.11,0.0155058
65247.11,0.0666218
65234.22,0.00015487
65232.17,0.03813141
65225.95,0.40307773
65247.9,0.00313419
65249.6,0.00713878
65253.02,0.00478254
65226.93,0.0478281
65250.1,0.03695654
65255.63,0.00030957
65250.73,0.1069207
65242.72,0.30520585
65261.42,0.00125061
65295.62,0.00143768
65300.1,0.53311491
65315.48,0.00297464
65332.15,0.1071702
65315.49,0.25254846
65293.41,0.1294094
65297.84,0.00296743
65323.35,0.10093883
65328.07,0.02246225
65318.62,0.00382414
65354.36,0.08087365
65369.42,0.015566
65362.72,0.10365308
65338.14,0.40194189
65346.88,0.14782462
65334.01,0.20678791
65334.01,0.11862753
65348.23,0.25158181
65352.92,0.00057373
65349.96,0.20198518
65336.71,0.29269465
65354.23,0.00339659
65354.36,0.01609255
65340.4,0.00856147
65343.43,0.00478068
65333.5,0.00291048
65331.05,0.26277606
65311.8,0.00460544
65338.17,3.96493787
65332.62,0.00360728
65332.61,0.01180174
65327.09,0.01303437
65336.99,0.35946857
65345.6,0.37015457
65336.99,0.35438404
65302.9,0.20980266
65303.89,0.30338998
65297.2,0.19852275
65303.59,0.15667416
65303.59,0.00585963
65304.25,0.00220691
65310.05,0.00140486
65321.64,0.00662771
65321.65,0.0586309
65333.56,0.00108368
65343.63,0.01295357
65351.79,0.01284195
65395.69,0.9538218
65407.69,0.41845332
65403.67,0.01101668
65398.78,0.7799553
65405.4,0.11363432
65427.91,0.21637381
65460.0,0.48182759
65472.86,0.26807505
65450.78,5.49507765
65613.1,3.65351842
65554.09,0.6443785
65458.59,3.43671724
65509.59,1.51865661
65543.14,0.05141436
65582.08,0.71288505
65568.43,3.56804603
65534.07,0.10780402
65539.03,0.0648666
65572.56,0.1487705
65582.54,0.30822049
65541.27,0.22040673
65506.5,0.04325546
65510.56,0.00918104
65478.57,1.24256166
65479.37,0.94211399
65467.62,0.07928619
65476.96,0.00573319
65471.8,0.27703107
65466.07,0.01283951
65459.88,0.03868811
65417.11,0.00426023
65418.46,0.22539183
65430.5,0.010765
65416.57,0.14123421
65440.99,0.50174968
65466.24,0.51544843
65489.22,0.00582733
65486.85,0.52552301
65486.85,0.00743489
65491.03,0.01799056
65500.73,0.00646573
65462.8,0.10544106
65455.52,0.20917772
65438.41,0.07909396
65453.02,0.00376151
65460.67,0.53848553
65483.81,0.00952091
65470.74,0.00371034
65433.58,20.06116132
65443.41,0.01909228
65436.61,0.03851901
65384.13,0.12451379
65390.28,0.3449321
65362.48,0.0176026
65357.71,0.00123075
65374.08,0.1094488
65374.09,0.0637001
65363.31,2.32282725
65364.03,0.00999244
65377.29,0.69977709
65382.64,0.28875788
65373.37,0.1419094
65357.7,0.31771537
65344.45,0.66531639
65366.32,0.23622117
65362.6,0.37941398
65365.68,3.45241445
65365.07,0.04164998
65380.78,0.10649637
65344.72,0.03764911
65334.35,1.81620531
65291.01,4.50256609
65360.98,0.62489679
65327.91,0.10332234
65337.07,0.05307354
65350.02,0.12423932
65352.88,0.00404212
65359.48,0.04950212
65344.24,0.05082106
65345.49,0.00090669
65353.47,0.64868007
65362.18,0.00322908
65372.82,0.0259667
65369.75,0.10515992
65369.17,0.00090799
65380.96,0.00030897
65382.12,0.06869841
65381.99,0.23606212
65371.36,0.00220978
65369.17,0.75622622
65355.27,0.01599022
65367.79,0.24858604
65354.81,2.67395861
65265.0,0.60839582
65245.21,0.04355301
65258.7,0.02083213
65258.69,0.21576671
65262.77,0.31274516
65288.67,0.21248931
65253.77,1.15388698
65228.49,0.48794247
65209.15,0.27292058
65177.95,0.21977764
65191.62,0.4046234
65187.8,0.67885044
65184.63,0.0494714
65214.08,0.00687597
65222.25,0.25551497
65247.48,0.02965917
65244.0,0.02271597
65263.79,0.00788788
65246.96,0.27107996
65246.97,0.00084958
65236.77,0.21031606
65235.51,0.31516517
65219.58,0.09829384
65224.45,3.75091442
65252.35,0.7416522
65242.35,0.32451552
65219.57,0.26836584
65210.61,0.45744733
65196.14,0.00769863
65170.0,0.35843502
65180.49,0.47401001
65150.95,0.0152222
65156.22,0.95162576
65144.68,0.20608172
65162.97,0.00409155
65150.01,0.11689592
65161.99,0.0117949
65173.6,0.0129735
65180.86,1.14578232
65138.18,0.06880764
65120.26,0.11776966
65110.65,0.28928211
65129.85,0.40261743
65134.56,0.33503192
65132.13,0.01382164
65121.33,1.78226495
65136.61,0.40158414
65180.49,0.12511109
65200.93,0.00700025
65187.97,0.03923008
65162.58,0.12646287
65147.5,0.5314174
65147.01,0.08108965
65179.51,0.3205891
65164.34,0.84406153
65195.35,0.02982987
65192.44,0.83034371
65150.8,0.3018472
65166.92,0.03722473
65168.3,0.31546786
65153.75,0.022758
65171.55,0.46658593
65170.99,0.00212227
65130.78,0.11404561
65115.33,0.04130746
65115.33,0.19337005
65138.84,0.54871553
65126.05,0.38478224
65112.6,0.00754394
65109.49,0.04555748
65109.4,0.01032566
65105.98,0.52263898
65105.98,0.01212223
65111.21,0.00878088
65106.36,0.03772268
65111.21,0.05188885
65146.53,0.39241711
65118.47,0.04919388
65143.16,0.05769366
65140.67,0.14869408
65110.37,0.53960521
65100.53,5.0746328
65082.1,0.00112526
65082.11,0.2587576
65110.66,0.03423097
65121.17,0.04025709
65121.17,0.00313753
65131.15,0.01914484
65118.75,0.8950633
65113.37,1.4150297
65045.07,0.07942088
65042.58,0.10563932
65051.42,0.05514833
65053.09,0.04047126
65070.87,0.01229132
65040.0,0.24782628
65070.7,0.06297394
65070.69,0.02070048
65054.72,0.31206364
65051.46,0.57000369
65093.7,0.00896326
65087.21,0.00433251
65086.64,0.07165073
65095.08,0.02907482
65061.64,0.00262903
65061.64,0.03077115
65062.0,0.02961387
65081.36,0.01763307
65078.9,1.87648649
65078.89,0.00768006
65081.32,0.06959796
65134.75,0.009189
65121.34,0.0150546
65144.73,0.08003114
65154.53,0.06719524
65168.1,0.0076387
65161.12,0.02127201
65166.64,0.00624149
65165.03,0.01042666
65167.02,0.01350496
65162.77,0.11224499
65168.75,0.07123067
65172.1,0.19888612
65204.25,0.00441577
65210.98,0.93720131
65254.21,0.79035527
65252.05,0.0107683
65269.61,0.66736305
65246.2,0.02180167
65265.07,0.00061299
65254.54,0.01077569
65237.32,0.00149628
65241.33,0.00141911
65241.33,0.01070298
65241.33,0.82210226
65222.13,0.01334375
65223.53,0.65380937
65237.75,0.25520085
65232.7,0.1686948
65240.7,0.22211497
65241.33,0.99252353
65236.61,0.0085743
65236.6,0.01270964
65232.95,0.2815637
65212.57,0.56857856
65217.76,5.4506794
65208.41,0.11661749
65208.41,0.0137033
65212.15,0.01510895
65208.45,0.01354782
65196.15,0.01216445
65196.16,1.09947038
65212.35,0.00847682
65214.57,0.01901749
65196.16,0.02737798
65179.86,0.01976019
65179.86,0.63270465
65200.99,0.03355767
65223.05,0.53739743
65207.58,0.65989501
65178.86,0.28146064
65180.81,0.12722631
65178.88,0.00932491
65182.29,0.13721787
65189.99,0.13416262
65186.22,0.28775626
65209.08,0.03137013
65219.26,0.01402226
65206.28,0.01362039
65219.05,0.10760102
65234.02,0.02078236
65277.43,0.50840576
65296.5,0.10418136
65296.51,0.00643967
65322.98,0.0199105
65301.6,0.00388922
65301.59,0.00437691
65291.3,0.01305741
65291.31,0.04174456
65301.6,1.3444227
65302.81,0.01069234
65306.19,0.06709019
65306.18,0.1202439
65306.18,0.13401351
65291.11,0.07403413
65291.13,0.0273718
65296.39,0.02671244
65299.62,0.16485822
65299.63,0.49861272
65332.26,1.7094219
65349.75,0.09971315
65341.12,0.03673023
65347.68,0.06542551
65350.86,0.00266629
65350.99,0.49599683
65348.43,0.00924294
65313.43,0.6335237
65313.44,0.04962163
65313.43,0.27695538
65309.81,0.54158673
65286.32,0.01385921
65286.31,0.38330219
65289.79,0.02501649
65306.17,0.01065731
65302.92,0.04118479
65291.76,0.01742588
65291.75,0.48289912
65279.55,0.45048839
65277.43,0.62177543
65279.08,2.04764435
65254.47,0.68503118
65250.17,1.05587971
65242.19,0.61055697
65217.32,0.61209589
65230.45,0.62510667
65223.2,0.60939144
65241.26,0.603099
65244.26,0.88679623
65251.62,0.60887269
65251.63,1.42196919
65251.15,0.45496648
65242.15,0.87199603
65223.99,1.13929263
65202.29,0.00577013
65198.15,0.51217886
65187.47,0.04925805
65198.15,0.61778773
65200.72,0.00424975
65198.94,0.00480202
65192.87,0.10687281
65199.87,0.17425834
65192.24,0.34690217
65153.72,0.60472542
65144.49,0.08384187
65127.24,0.01277423
65150.45,0.2155569
65112.62,0.18185081
65113.3,0.00290216
65118.96,0.50932728
65060.15,0.24862388
65118.36,0.00378125
65129.13,0.13944897
65118.37,0.04637464
65131.09,0.17897981
65144.33,0.01438367
65144.96,0.00174852
65147.51,0.01302321
65149.17,0.0040147
65149.16,0.64002265
65146.12,0.02169765
65146.11,0.07619316
65113.25,0.46069348
65125.08,3.15696969
65110.9,0.03477964
65102.2,0.93323864
65088.36,0.00366388
65085.07,0.2739467
65077.1,0.88203344
65089.89,0.18074323
65086.98,0.00343834
65078.09,0.04089974
65063.01,0.01441765
65063.0,0.51248314
65039.97,0.21321898
65060.02,0.34840197
65053.19,0.01554007
65057.05,0.01527301
65062.19,1.42251251
65048.96,0.02799365
65047.74,2.1199303
65063.56,0.33275784
65067.7,1.78618777
65115.26,0.01673603
65100.26,0.5848837
65154.95,1.1902671
65123.29,2.06732478
65156.99,0.64019901
65196.25,0.16472331
65190.29,0.08902357
65176.17,0.5049238
65165.46,0.45810067
65128.55,0.50772794
65122.99,1.95100137
65051.82,0.03899416
65031.45,0.05597808
65063.41,0.08837101
65087.29,0.56306339
65050.21,0.2650161
65043.81,0.02059172
65012.69,1.00876502
65007.68,0.58723328
65000.93,0.03541792
65007.54,0.33301114
65001.88,0.01317433
65001.88,0.47183614
64978.91,0.32482439
64979.75,0.01874639
64986.77,0.13391723
64971.61,0.14922275
64951.97,0.02002047
64947.68,1.34916192
64870.44,1.56638137
64850.0,0.45602632
64790.58,1.48732795
64819.37,0.15939684
64816.49,0.0100364
64854.38,0.05312705
64880.39,0.40707736
64908.33,0.24536495
64920.0,0.05454002
64925.45,0.28758833
64993.46,0.02576515
64990.24,0.02818036
64980.96,1.90793023
64991.0,0.46775815
65048.11,0.44262353
65059.27,0.3239211
65073.27,0.01219828
65078.61,0.25046565
65022.59,1.01171973
65024.49,0.0116872
64963.09,0.90943368
65004.07,0.55553786
65027.75,0.0139102
65021.62,0.01559832
65036.49,0.00015529
65036.5,0.59400199
65023.65,8.56194786
65011.87,0.26918753
65029.07,0.99784022
65008.31,0.30954662
64987.4,4.85697164
65054.14,0.3618781
65033.43,0.00771638
65030.39,1.161071
65028.34,1.02631436
65014.96,0.05491201
65017.25,0.1171142
65002.42,0.36603944
65003.51,0.11475858
64986.15,0.01287762
64997.81,0.00436691
64996.07,0.01142761
64960.64,0.75274252
64911.52,0.02690804
64926.81,0.028736
64902.24,2.66863959
64926.89,0.02926569
64948.98,0.01231417
64955.42,0.26329698
64941.54,0.84623265
64901.91,0.01742014
64917.41,0.00438839
64918.02,0.04762709
64888.2,1.03750983
64866.77,0.10250006
64867.3,0.50533418
64888.87,0.6195226
64889.72,0.0216719
64881.86,3.4213987
64928.13,2.28563081
64974.35,0.16946718
64953.95,0.71704313
65081.25,6.6917776
65020.41,4.40046698
65157.98,0.82106279
65207.44,2.28135982
65285.97,0.79951365
65305.0,4.79912741
65366.11,10.16107366
65493.26,10.93559354
65559.42,13.1227552
65557.28,5.81705259
65572.15,7.4209945
65614.06,8.04441583
65581.27,3.25893052
65456.75,1.60417002
65479.05,7.70245437
65607.13,6.83541498
65560.24,0.67224463
65567.78,6.95180071
65593.96,4.12028632
65433.92,2.25647809
65344.14,2.89511028
65374.24,0.68328652
65384.55,3.51615731
65296.57,5.65063684
65176.61,3.498629
65184.55,2.90269773
65158.14,1.5924498
65226.0,3.40454816
65252.76,0.97030016
65325.84,4.2389723
65222.25,0.21072666
65255.88,1.37739532
65204.35,1.80462827
65120.52,0.72156529
65180.39,1.35972659
65287.69,1.33672419
65333.52,1.12595172
65198.77,1.26555569
65209.74,0.97046661
65296.32,0.67890951
65274.45,0.57314353
65300.99,2.07961128
65271.04,0.42446087
65265.75,2.98429301
65200.33,2.95293294
65168.16,2.08156488
65129.7,4.12246429
64957.26,2.93595918
65052.29,1.75884169
64975.11,3.24011107
64906.07,1.74166553
64987.46,0.45444867
64958.19,1.58702302
64984.53,1.87228325
64899.75,2.86246803
64884.21,0.50216588
64813.08,17.45389136
64560.25,6.55011408
64746.77,1.80730668
64650.49,4.66768536
64622.35,2.21711955
64585.07,1.40654332
64637.01,3.10980787
64556.12,6.79415325
64459.62,3.56633026
64553.99,1.69667795
64595.34,2.81596311
64532.16,5.35268583
64554.41,1.07860223
64544.29,1.0980762
64505.53,2.43742671
64404.12,4.89371666
64488.39,1.02347665
64568.64,1.20076103
64555.21,0.47435792
64511.22,0.67910968
64538.32,2.74029091
64589.21,1.53987148
64578.75,0.12134201
64571.98,2.07956156
64512.71,2.25645786
64508.58,2.07574411
64609.0,2.45930137
64587.7,0.99497193
64613.86,0.3028181
64580.02,0.49985523
64621.53,2.03376913
64650.01,0.10861941
64603.94,0.15036199
64590.9,1.09258103
64591.85,0.47105728
64652.59,0.48760273
64686.2,0.15323417
64607.32,0.55243649
64590.94,1.33311289
64570.76,0.65905481
64536.35,1.89406231
64540.65,1.12110849
64560.01,0.289162
64606.55,0.86846747
64676.51,0.78578097
64658.03,0.26206688
64631.72,1.34086136
64654.11,2.81101604
64545.86,0.13899582
64565.77,1.5175885
64644.22,0.6450235
64687.39,0.10456908
64611.65,0.10567512
64668.98,0.28219331
64570.74,0.68586304
64547.23,0.88083421
64565.89,0.48968089
64528.23,0.56360884
64526.45,1.69739252
64491.6,0.4278781
64589.6,0.77901987
64589.35,1.46829718
64562.56,1.23638839
64517.77,0.41534234
64489.28,0.50943961
64501.01,4.76605814
64451.52,2.11429432
64423.14,1.29391881
64380.59,0.68734381
64440.38,0.3003497
64501.29,1.81482175
64504.04,0.86882244
64500.99,0.05994764
64522.71,0.53829171
64503.04,0.15156151
64506.32,0.3537453
64472.54,0.30795385
64517.11,0.03318142
64515.92,0.08384305
64531.12,0.22624024
64507.57,0.36872365
64527.16,0.14004468
64547.63,0.07628902
64530.2,0.13333159
64533.42,0.43524923
64512.43,0.07961697
64538.63,0.11416072
64509.41,0.46422804
64523.68,1.95421542
64490.15,0.18461507
64479.45,0.60455702
64483.96,0.29347225
64465.04,0.3302106
64479.63,2.2883452
64535.88,2.42824456
64571.3,1.14048722
64559.95,0.6061711
64541.86,0.11094048
64548.92,0.47181267
64565.77,0.02196237
64563.05,0.97880584
64598.72,0.02530804
64592.04,0.12626708
64607.62,0.07694162
64552.87,0.01298311
64544.75,0.12153803
64511.85,0.04659315
64486.24,0.13983866
64492.14,0.38806152
64496.14,0.14357804
64516.98,1.01818221
64532.17,0.85656382
64527.89,0.10509169
64514.96,0.05751407
64470.01,0.77902088
64530.43,8.34271251
64672.39,2.05819397
64639.97,1.35249676
64674.21,1.5106941
64675.86,7.73183634
64650.61,3.54664619
64741.11,0.04654858
64734.31,1.16625499
64697.22,1.97335457
64745.36,0.63141903
64810.28,2.04798696
64837.19,0.42407443
64877.2,0.3977628
64837.27,0.62199895
64866.5,1.79369857
64854.92,0.01760396
64869.79,0.02304552
64853.39,0.09917864
64863.46,0.03763242
64844.38,0.0590204
64844.39,0.46784255
64846.97,0.45826014
64823.05,0.15675701
64854.51,0.0546994
64862.2,0.04447853
64852.06,1.25424051
64806.3,0.16334973
64794.3,0.10369604
64790.15,2.38913912
64763.6,0.2846312
64761.34,0.83036026
64763.52,0.03030729
64781.63,0.06367772
64825.23,0.75142969
64848.06,0.05108393
64828.97,0.4543691
64860.8,0.07611334
64841.43,0.56366241
64768.69,2.88105297
64751.34,0.59849306
64756.4,0.68432021
64748.38,0.14215786
64754.7,0.46223931
64777.93,2.94066178
64768.97,0.06272305
64782.6,0.21084731
64792.56,0.05178105
64782.33,0.1189072
64795.05,0.13805716
64810.17,0.08192006
64823.78,0.11209126
64847.13,0.23774762
64862.64,1.02881192
64861.64,0.14955555
64862.62,0.44867817
64870.78,1.72063425
64989.94,0.09016751
64981.3,0.95575508
64978.06,0.48754753
64966.01,0.12517451
64968.05,1.23074067
64963.47,1.80886547
64961.32,0.12718501
64957.34,0.13150428
64931.76,0.11822007
64929.06,0.3901354
64931.76,0.62381175
64956.65,0.51520691
64984.0,0.11310545
64986.62,0.12315965
65007.99,0.11121381
64995.43,0.60440662
64993.87,0.19556045
64967.75,1.91745885
64988.0,0.10664527
64967.53,1.93239259
64971.99,0.1398081
64989.08,0.64945767
64971.99,1.13004864
64943.34,0.12226357
64930.01,0.04787525
64900.29,0.21441161
64908.6,0.04328146
64917.04,0.07185521
64891.22,0.0555381
64896.73,0.19653007
64897.23,0.01198742
64897.23,0.2616213
64901.32,0.22030539
64890.05,0.08513726
64907.09,0.40820291
64912.63,0.86183042
64952.0,0.04003408
64958.05,0.08168595
64944.84,0.51109406
64948.17,0.51914021
64974.82,0.08853608
64976.41,0.06815889
64960.56,0.58236167
64973.09,0.56265693
64945.39,0.36722713
64939.24,1.97037744
64929.4,6.40529234
64930.24,0.78601239
64914.52,0.05747594
64914.52,0.03640042
64907.83,0.02207139
64907.84,0.00118198
64909.18,0.06036134
64899.88,0.57306679
64889.44,1.45668213
64798.43,0.35315831
64806.55,0.06255984
64817.75,1.18982978
64816.41,0.93366107
64788.46,0.16569291
64782.4,0.20011438
64789.24,0.63720874
64788.37,1.73151411
64794.96,0.05302489
64819.28,0.03770834
64832.25,0.41027151
64833.96,0.06043666
64842.23,0.34477321
64840.72,0.0140294
64840.72,3.12125311
64840.72,0.03504891
64835.62,0.15292517
64809.14,0.60008627
64775.34,0.76828174
64740.67,0.11991571
64756.54,0.88659403
64764.61,0.46794162
64751.9,0.0243764
64740.0,0.01952559
64726.09,1.47731711
64689.31,13.14860513
64796.75,0.13206732
64781.4,1.33816589
64796.64,0.15440807
64771.66,2.41435193
64767.83,1.66041624
64737.99,0.49035887
64702.79,2.58217264
64738.32,3.24047139
64701.41,0.58118578
64692.62,0.27413747
64698.58,1.4156051
64768.27,0.05916422
64760.79,0.14087192
64770.01,0.70457931
64804.13,0.33987912
64795.8,0.04047041
64792.72,1.38935718
64798.93,0.07903387
64807.99,0.04336618
64809.52,0.1880607
64776.38,0.04996428
64765.16,0.00364462
64765.86,0.03231597
64765.75,0.41535898
64739.34,3.45815654
64812.91,1.73733919
64864.47,0.44081864
64857.89,0.33160861
64866.64,1.56396877
64928.02,0.01788938
64919.72,0.61503076
64943.96,0.96816561
64903.14,0.02424281
64899.79,0.47182475
64902.12,2.88681307
64896.72,0.27936842
64897.21,1.30783368
64896.28,0.60606474
64907.26,2.38918272
64944.82,0.95399721
64905.74,0.42828964
64878.79,0.89893088
64889.48,0.13384786
64889.48,6.42292944
64866.09,0.01191138
64858.01,6.40483319
64877.73,0.01907717
64877.73,1.34365189
64926.9,1.1512546
64920.2,1.51245732
64947.41,0.57925224
64939.07,1.10805062
64975.17,0.32000914
64964.02,0.80245613
65002.67,1.2529911
64966.05,1.83806537
64957.07,0.37222926
64938.27,0.57422063
64935.66,0.12435982
64953.67,0.07677997
64940.38,1.248274
64916.14,0.03283111
64907.9,0.43751312
64908.55,0.74682719
64894.98,0.21368218
64886.66,0.19447466
64902.71,1.76608364
64887.83,0.5342484
64887.79,7.245499
64868.05,0.48153869
64859.13,0.11228996
64875.42,1.56097056
64881.92,0.09775729
64888.0,0.07800243
64900.0,0.01756918
64899.99,0.02303728
64891.91,0.03179035
64899.99,0.17931928
64928.53,6.8227293
64980.61,0.95595304
64982.33,0.37294721
64978.3,0.00573016
64963.28,0.11303
64940.14,0.14850294
64925.55,0.27211433
64910.05,0.26422006
64885.98,0.04315121
64885.97,0.00176407
64885.97,0.10891057
64881.2,0.09043414
64885.87,2.67179651
64879.68,0.00186137
64871.86,0.25089806
64883.15,0.00840605
64866.03,0.09278087
64855.25,0.35109849
64868.3,0.51372726
64839.69,0.29198057
64846.82,0.27287331
64863.92,0.0034195
64857.11,0.03388025
64862.05,0.08194568
64875.71,1.36483446
64899.97,0.04423387
64914.79,0.00183998
64913.16,0.02488334
64913.16,0.48533367
64919.63,0.4259864
64940.95,0.46383779
64917.09,0.26600159
64926.7,0.05716713
64926.7,0.071092
64936.5,0.05603272
64926.33,0.34358345
64943.66,0.01974776
64948.1,2.71660634
64933.23,0.00555138
64898.1,0.12487884
64898.11,0.11754303
64886.06,0.16552964
64893.26,0.01145861
64892.1,0.01957546
64892.1,0.01348337
64881.53,0.40486334
64871.73,0.38337203
64857.34,0.00620176
64856.76,0.1755088
64847.6,0.07642278
64859.51,0.1005405
64852.54,0.43092428
64858.34,0.27009745
64866.03,0.00055466
64867.55,0.31395611
64866.02,0.01797214
64879.72,0.10023353
64894.64,0.00115916
64893.53,0.11850228
64891.01,0.00333386
64893.53,0.69968386
64882.18,0.00158256
64879.72,3.35947483
64875.17,0.87981386
64870.12,0.07483041
64844.15,0.11031595
64843.55,0.00138825
64844.15,0.25081459
64865.5,0.00490005
64864.42,0.01985647
64864.42,0.0021549
64866.95,0.25734008
64866.95,0.5800733
64848.0,1.0214531
64836.16,0.00377448
64839.05,0.01181618
64839.04,0.09810331
64834.39,0.11954645
64792.61,0.17226283
64809.06,0.04911701
64809.07,0.03117056
64815.94,0.02418025
64805.74,0.0202126
64810.28,1.00311663
64813.62,0.00151591
64809.3,0.05924301
64796.25,0.06195704
64796.25,0.01263165
64796.26,0.2684849
64785.78,0.76139306
64766.93,0.02515253
64791.04,0.00368363
64780.43,0.05360688
64791.04,0.01032862
64805.93,0.14716194
64805.93,0.19025832
64779.01,0.00900323
64779.01,0.00213142
64787.64,0.00634204
64787.64,0.23535537
64753.18,0.02786608
64753.18,0.01263874
64738.02,0.00773401
64744.64,0.00872011
64741.65,0.00229656
64765.21,0.12807892
64746.39,1.06539399
64736.9,0.25585555
64744.27,0.00937413
64752.98,9.55226959
64760.96,2.35951554
64747.56,1.78112756
64779.01,0.31824382
64779.0,1.10517675
64773.37,0.0418482
64780.81,0.24048897
64780.82,0.01125234
64775.02,0.00161779
64775.02,0.0283516
64761.14,0.05996254
64757.32,2.20353136
64713.54,2.21494742
64624.89,2.22474076
64603.81,0.13838965
64634.55,0.05581877
64648.45,0.27040128
64639.16,0.0415957
64657.36,0.39190586
64650.29,0.09663228
64642.71,0.40786152
64672.42,0.42114422
64668.24,0.01875138
64654.93,0.24886704
64654.92,0.07868779
64659.44,0.14980603
64659.03,0.41187247
64661.73,0.43768983
64671.67,0.39924214
64685.54,0.01742571
64692.24,0.05724617
64676.54,0.13536764
64663.42,0.47178193
64644.7,0.28438252
64661.71,0.34585579
64629.48,0.63745855
64614.85,2.77620949
64544.02,1.91500459
64565.23,0.01580389
64542.88,0.02972069
64550.01,0.0071529
64542.88,1.02273346
64515.95,1.22802725
64493.97,0.11219808
64512.32,0.09213401
64524.86,2.11317697
64466.52,0.09862389
64472.13,0.15415111
64505.98,9.67856395
64461.62,0.71179294
64462.59,0.37487316
64470.01,15.809701
64172.21,1.15450444
64181.56,4.00465079
64119.18,3.50839357
64181.18,0.63731806
64150.42,3.06069418
64087.71,1.4104688
64081.84,0.46491325
64039.87,0.95843903
64078.82,0.39660811
64060.73,3.09639237
64006.15,4.18456758
63991.17,0.38050649
63963.86,1.77461335
63932.04,0.75767872
63942.11,2.00588554
63988.3,0.66165189
63973.13,5.21045117
63767.49,0.91445468
63829.71,1.41561371
63738.0,7.58597326
63706.73,2.99475107
63632.76,1.22087512
63629.57,1.05405578
63621.5,3.21498403
63636.47,2.35692691
63729.82,1.08945759
63779.02,2.56941223
63730.27,3.36061965
63638.71,2.0014144
63608.01,2.15925245
63621.59,1.38103535
63681.28,0.42594176
63719.22,2.23020166
63761.81,0.04474959
63744.94,0.99970905
63721.6,0.8569894
63675.86,1.35313202
63747.83,2.05995312
63826.22,1.88120977
63854.9,0.67572418
63855.65,1.07540309
63856.69,0.02716223
63850.8,1.14867389
63809.01,0.11019909
63792.38,3.75869469
63868.81,0.45102225
63855.43,0.62252335
63808.4,1.5865244
63847.17,0.0058924
63835.47,0.5735224
63857.81,0.04992611
63825.77,0.01614635
63816.85,0.00779622
63803.69,0.8420509
63768.69,0.86434587
63739.43,0.15179614
63745.44,0.30739996
63708.78,0.28152153
63718.64,0.27686336
63702.05,0.01782407
63694.77,0.72877746
63636.03,0.59977353
63601.82,0.19834764
63624.85,2.3437793
63631.63,0.76858193
63647.68,0.019381
63633.37,0.69656281
63661.42,0.86365889
63660.01,0.3795584
63642.19,0.07953114
63643.96,2.14618123
63698.01,0.01669587
63709.77,0.59804348
63719.92,0.28738935
63704.85,0.16078838
63693.61,0.26459589
63716.42,0.04590652
63717.69,0.01953202
63707.71,0.05923806
63697.72,0.44717629
63708.86,0.00818774
63677.88,0.13740962
63662.61,0.44721636
63698.17,0.50137287
63697.69,1.98633337
63602.9,1.35245227
63612.79,0.03254136
63599.41,0.23882203
63583.24,0.11273239
63612.29,0.90507463
63517.57,6.1479919
63563.1,0.25126711
63575.53,1.81759788
63540.46,3.52994737
63621.6,1.00597336
63672.54,2.16322675
63632.06,0.43763368
63677.55,1.35127811
63697.17,0.35909985
63724.22,1.40267697
63730.0,0.79478246
63696.44,0.48869283
63608.72,2.06425437
63573.54,1.08201661
63593.73,0.36913812
63592.14,0.27084618
63572.59,0.19889032
63560.14,0.24656783
63613.55,0.39883693
63635.64,0.66366712
63568.84,0.46201278
63519.23,0.07779636
63563.71,0.37286303
63619.71,0.01811825
63637.6,0.19839565
63635.75,0.00402482
63627.63,0.46775355
63611.32,0.01340521
63636.03,1.87776484
63647.36,1.34403159
63613.37,0.48310162
63608.88,0.38272414
63599.31,1.13169182
63601.66,1.74544606
63532.57,0.4594827
63501.72,0.653076
63557.88,0.8420092
63497.59,3.25281794
63457.74,0.23468645
63476.51,2.85716479
63455.36,1.04329578
63437.7,1.67978266
63469.23,0.45642713
63466.53,0.03388862
63451.19,3.04021448
63506.38,0.02427238
63464.46,1.9780038
63485.54,2.37901136
63431.88,0.28872244
63438.18,1.2543701
63421.99,4.13898608
63424.79,0.06993344
63436.29,0.11279957
63453.48,1.86322823
63390.0,9.57169027
63305.93,3.18331964
63240.42,5.86051779
63072.26,7.5945026
63072.24,3.0279558
63146.57,0.71310307
63105.07,2.27434671
63164.13,0.61796703
63114.46,0.93489565
63162.36,0.01751058
63145.0,0.00381937
63169.33,5.90661168
63116.75,0.35568429
63118.18,3.87557769
63129.3,0.51579736
63136.17,0.45206086
63137.83,1.03612242
63201.25,1.30574361
63146.96,1.50400166
63155.29,0.40117216
63146.39,1.38883051
63191.27,0.76327557
63208.16,0.16224426
63223.89,0.61505158
63254.75,0.01681913
63250.42,0.22342866
63258.74,0.00299083
63287.64,0.20204966
63285.0,1.2565064
63307.45,0.00056127
63329.85,0.75949545
63258.0,0.84495962
63257.99,0.52369554
63209.56,0.56448647
63220.01,0.29518376
63211.89,0.05408489
63136.98,0.98728057
63161.41,0.21294065
63160.78,0.00291868
63164.38,0.33623743
63131.85,0.13084156
63127.97,4.34768336
63179.83,0.34815913
63185.49,1.51312701
63203.62,0.54494674
63231.19,0.83997076
63225.03,0.18781936
63160.79,0.3090628
63170.54,0.09249468
63171.58,0.01196314
63152.26,0.00293309
63128.24,0.03614516
63183.81,0.0093832
63162.79,0.00717296
63164.51,0.0235845
63167.49,0.01203087
63153.68,0.35275482
63143.41,0.00068925
63140.53,1.32271021
63119.69,3.3785153
63120.62,0.00380596
63100.55,2.30799003
63120.01,0.3741931
63173.08,0.25589387
63172.11,0.00559861
63187.23,0.4411786
63198.34,0.00721138
63208.9,0.01335099
63218.22,0.0163666
63175.99,0.30932011
63204.39,0.10391088
63192.64,0.79231525
63161.13,0.00082936
63175.0,0.52920302
63159.43,0.29123457
63201.92,0.68052004
63214.9,0.12125684
63227.58,0.0654797
63226.98,0.22281309
63211.57,0.00313952
63226.73,0.05836809
63225.04,1.6262991
63193.95,0.10054762
63189.12,0.00149846
63189.13,0.56067533
63175.0,0.00326557
63175.0,0.53780046
63160.0,0.01774542
63168.54,0.27592166
63147.65,0.36332316
63159.05,0.00095055
63160.81,0.08209155
63151.88,0.2079688
63138.22,0.46097042
63148.59,0.00759835
63127.9,0.4748305
63108.1,0.27634764
63097.13,0.10080751
63096.58,0.01685802
63069.96,0.01678166
63068.62,0.04901326
63077.7,0.00201052
63070.26,0.002625
63066.48,0.0095286
63045.04,0.20330095
63061.11,0.13497272
63079.56,0.84303841
63075.81,0.49256775
63101.47,0.27327793
63134.75,1.84883185
63121.31,0.00032001
63120.23,0.00015998
63132.34,0.00666504
63123.02,0.39193527
63134.65,0.16106601
63118.29,0.20299549
63146.34,0.63157953
63132.19,0.05038789
63149.29,0.01412274
63156.56,0.00539523
63130.03,0.00380262
63119.59,1.0241832
63115.76,0.42886723
63151.3,0.18280058
63152.58,0.50536675
63120.94,0.26190695
63136.65,0.03059224
63171.56,0.05381707
63171.66,0.35807716
63201.21,0.48156229
63207.0,0.85880579
63211.34,1.08225939
63235.42,0.00994507
63224.39,0.00901416
63233.99,0.01010712
63258.82,0.01662476
63263.18,0.99854528
63247.74,0.71805762
63243.51,0.25681288
63246.05,0.00909092
63245.65,0.00289494
63245.66,0.00875094
63225.63,0.00066244
63221.33,0.10090294
63221.33,7.6151799
63227.13,4.49569473
63182.66,3.34871684
63187.27,1.15674117
63220.11,0.03403235
63231.62,0.00036254
63244.3,0.10082913
63240.31,0.00542723
63232.83,0.24898243
63250.45,0.60018612
63268.01,0.00061365
63269.8,0.03329692
63298.11,0.00354554
63291.4,0.01609127
63293.77,0.00267092
63301.55,0.02200271
63285.11,0.27530006
63273.64,0.53427421
63253.6,0.63023957
63245.48,0.40674236
63252.71,0.00435109
63257.48,0.00132335
63241.24,0.00163665
63233.59,0.01187769
63234.54,0.00077839
63254.86,0.00261246
63263.22,0.60241029
63247.54,0.00146139
63236.54,0.07950014
63216.13,0.00071823
63234.78,0.7809514
63273.87,0.00657339
63267.83,0.00277816
63254.36,0.00349128
63260.96,0.00063234
63256.89,0.0443973
63267.18,1.37108029
63279.02,0.04594615
63275.13,0.09632777
63280.49,0.1005555
63270.74,0.0052963
63270.22,0.00766553
63270.22,0.00103043
63270.23,2.90466687
63243.51,0.54832648
63251.79,0.40278132
63261.01,4.30971511
63271.93,0.10235675
63272.68,0.10496198
63256.48,1.34633281
63272.05,0.32020719
63289.0,0.30159658
63247.89,0.00015974
63247.89,0.86504529
63270.51,0.38358784
63270.5,0.00139105
63264.36,0.10150302
63256.52,0.01896696
63249.11,0.25403093
63235.5,0.18130931
63223.69,0.01012816
63223.68,1.03738927
63187.76,0.47125504
63195.13,0.05636653
63176.65,0.00066642
63176.64,3.26320274
63171.59,0.20055542
63171.59,0.6931934
63164.62,1.19341606
63174.05,1.33164542
63170.36,0.60055348
63172.62,0.60209853
63164.65,0.86034048
63173.66,0.30540711
63178.2,0.00532715
63188.94,0.20927493
63213.66,0.02549821
63214.44,0.00574577
63239.85,0.00094165
63239.85,0.06121853
63221.16,0.24070665
63222.05,0.00315193
63229.08,0.44590332
63234.91,0.08869594
63251.96,0.29189545
63263.85,0.14738064
63269.7,0.26765066
63283.64,0.00017534
63283.64,0.00341519
63279.62,0.06796012
63263.03,0.20725897
63285.02,1.21392808
63284.93,0.38684393
63332.0,0.53051062
63351.0,0.03585042
63352.0,0.97298478
63388.77,0.00128412
63370.84,0.31583033
63385.57,0.60525766
63395.66,0.64443418
63390.83,0.10707825
63404.42,0.11540636
63403.47,0.20055618
63400.53,0.01862905
63392.06,0.25925162
63392.06,1.19578184
63389.15,0.00233297
63387.91,1.45752449
63436.34,1.08569912
63466.55,0.25267418
63466.18,5.43601086
63522.0,0.35073544
63476.52,0.87923306
63516.37,0.59892861
63452.0,0.013257
63437.08,0.04163658
63437.48,0.00590017
63428.92,0.00644226
63442.02,0.10044796
63435.58,0.05226605
63461.44,0.00023868
63476.05,0.00620737
63456.62,0.05595142
63470.75,0.52644021
63410.48,0.40662169
63410.48,0.00743371
63406.43,0.13561726
63369.5,0.10418775
63396.52,0.13310426
63424.53,0.05094662
63403.77,0.00578555
63451.47,0.00972921
63451.47,0.01460182
63462.37,0.00412992
63469.57,0.00305172
63475.65,0.12667055
63475.65,4.66271375
63497.6,0.05056711
63467.9,0.00237686
63464.99,0.40367636
63456.74,2.04524858
63453.17,0.00548025
63455.81,0.39808429
63450.0,0.0007114
63449.99,0.00612335
63439.3,0.01045999
63435.01,0.17803348
63430.99,0.458248
63421.45,0.08090485
63415.0,0.00696164
63406.51,0.15155688
63390.81,0.13566378
63382.54,0.02033777
63387.68,0.21412647
63376.09,0.45400322
63357.04,0.40142044
63355.18,1.12533349
63347.28,0.88265507
63346.01,2.34074228
63339.03,0.67503725
63339.03,1.81732295
63359.44,0.28146164
63343.52,0.00188015
63346.09,0.00372449
63344.78,0.18705997
63360.0,0.10052965
63359.99,0.10580094
63377.82,0.00353149
63369.98,0.00521631
63372.73,0.63259097
63376.53,0.01040155
63376.53,1.59508155
63392.01,0.37240162
63456.97,0.0095342
63448.91,0.56891277
63431.2,1.87145942
63418.79,0.10154947
63429.72,0.03228883
63448.31,0.00393627
63433.18,0.29957555
63456.2,0.02221962
63456.21,0.01799989
63456.91,0.06988143
63473.83,0.00565283
63457.89,0.59001226
63454.38,0.0024045
63463.36,0.1004554
63479.61,0.01862128
63492.78,0.04255749
63471.37,0.05158154
63491.27,0.00602472
63495.14,0.00168057
63506.99,0.00980786
63492.65,0.10275087
63501.93,0.01889874
63511.67,0.38122194
63511.03,0.50362473
63505.01,1.19597062
63500.48,0.00983008
63500.47,0.56205353
63491.38,1.07697764
63491.28,7.87805545
63549.99,0.02583912
63544.58,0.03273151
63544.59,0.34644135
63544.59,0.02813604
63561.87,1.51339577
63577.09,1.64988677
63561.0,0.01778859
63560.99,0.02225315
63560.99,2.2176908
63569.7,2.88891211
63569.69,0.50308019
63561.0,0.00047371
63560.99,2.1902704
63540.52,0.00031788
63540.52,0.00745151
63514.16,0.44500824
63501.8,0.26947616
63501.79,0.35580465
63508.27,0.11343246
63508.99,0.02226873
63497.35,1.0570198
63494.22,0.00755583
63489.17,0.01814572
63485.77,4.33639966
63512.45,0.64731149
63486.33,0.00155497
63487.77,0.34823663
63493.41,0.00619036
63501.35,0.41631868
63495.77,0.60275218
63448.05,0.22438208
63462.67,0.03738119
63479.71,0.24107054
63468.98,0.26352182
63492.01,0.10302164
63494.81,0.64698846
63516.41,0.3759406
63486.61,0.02137061
63488.61,0.12253253
63494.21,0.02157609
63485.43,0.00209879
63490.81,0.55633585
63497.19,0.43060519
63498.44,0.40545371
63498.48,0.13471462
63476.08,0.1782185
63459.29,0.34973354
63428.78,0.00427966
63437.24,1.01001435
63468.64,0.01648037
63454.12,0.03202786
63439.3,0.00373372
63439.79,0.21027386
63426.39,1.1673379
63418.65,0.24529898
63419.67,0.04357419
63415.01,0.18569237
63394.11,0.31884574
63396.85,0.01272786
63410.61,0.00047793
63408.94,0.45229499
63426.48,0.30355302
63431.85,3.00039217
63426.49,0.04193337
63430.6,0.01484824
63449.41,0.05580069
63451.51,0.44652701
63436.66,0.77907403
63430.5,0.01131473
63433.8,1.42545956
63399.94,0.30892708
63425.71,0.1036184
63456.03,0.04086087
63453.01,0.01247844
63452.33,0.00327756
63453.52,0.01588454
63464.01,0.29194982
63436.91,0.43152354
63427.54,0.14405681
63419.91,0.10426103
63397.19,0.08534995
63387.5,0.70918326
63385.35,0.00097797
63385.35,0.10527007
63365.89,0.0058294
63407.05,0.00276654
63388.08,0.04155139
63388.06,0.01507368
63383.32,0.01378452
63414.49,0.04362068
63412.0,0.00419795
63407.59,0.00540625
63387.06,0.00346567
63386.82,0.32499538
63421.59,0.07904089
63404.1,0.20757336
63398.71,0.02568649
63422.07,0.00224988
63406.64,0.0065098
63406.12,1.06806052
63389.4,0.79741423
63372.07,0.02183148
63379.48,0.42940633
63351.98,0.03136289
63366.72,0.00958746
63360.96,0.00097628
63360.97,0.01260854
63362.54,0.02901052
63387.93,0.03807103
63382.37,0.76594731
63419.98,0.01588105
63438.58,0.07763225
63408.56,0.38549603
63437.06,0.3832052
63431.84,0.06208612
63433.17,0.10251489
63436.05,0.05811649
63424.97,0.02487614
63423.23,0.12258965
63415.99,0.02782107
63415.99,1.05680408
63383.08,0.00875228
63370.0,0.14195364
63350.01,2.45442423
63350.01,0.14507843
63347.59,0.0033704
63347.58,1.17803235
63348.98,0.01402906
63355.93,0.01363607
63355.22,0.12207486
63356.6,0.80994164
63390.05,0.2245556
63358.97,0.18255499
63348.46,0.16129835
63343.77,1.18216648
63323.41,0.4447174
63353.64,0.98791492
63365.99,0.11497592
63378.27,0.07078913
63378.27,0.42913203
63375.12,0.10997032
63378.19,0.05773563
63382.2,0.06134697
63380.53,0.69648061
63363.65,0.00354079
63368.52,0.10502908
63368.68,0.10901823
63363.65,0.00567274
63363.65,0.00368297
63379.04,0.00107126
63398.68,0.20349866
63404.7,0.10498982
63404.7,0.6173487
63386.81,0.13468884
63405.35,0.01516929
63400.02,0.02091294
63393.69,0.28741844
63384.32,0.01612787
63397.3,0.11354268
63425.37,0.12163193
63438.23,0.6052506
63466.31,0.00889621
63460.91,0.62562868
63458.97,0.17427367
63458.98,0.0057031
63457.57,0.01040811
63454.22,1.49460955
63426.06,0.0589137
63453.88,0.20575273
63484.0,0.38521214
63479.18,0.16988
63459.44,0.00511891
63459.43,1.32480838
63457.42,0.28085663
63441.15,0.00015921
63441.14,0.29659166
63442.65,0.00260632
63442.65,0.00306886
63440.06,0.02724226
63441.66,0.28811772
63475.18,0.0117601
63462.97,0.05012303
63406.38,0.00703658
63388.34,0.1681091
63336.19,0.00146731
63330.35,0.01091283
63315.34,0.05908051
63300.0,0.07230523
63320.78,0.00524056
63319.72,0.14042584
63320.78,0.00096286
63332.67,0.12348614
63322.0,0.20040976
63314.65,0.59442974
63302.75,0.01770636
63279.84,0.01965536
63277.59,0.00649353
63268.78,1.65221256
63265.51,0.17563093
63265.52,0.0588929
63261.67,0.27342444
63290.98,0.1663783
63258.77,0.11588086
63268.93,0.01047488
63268.93,0.99793734
63274.85,0.45008356
63308.79,0.04429796
63309.4,0.38151927
63360.79,0.05961755
63348.89,0.06324316
63346.12,0.04177414
63332.74,0.06301277
63294.5,0.07144203
63290.37,1.2286443
63303.35,0.60621803
63252.92,0.12988047
63235.14,0.00631485
63253.3,0.16024077
63283.18,0.81820333
63307.82,1.07535211
63320.87,0.28203887
63325.44,0.65050046
63304.57,0.84582327
63309.77,4.66986018
63353.94,1.10756737
63355.62,0.01584009
63386.33,0.21261301
63422.02,1.93367577
63418.78,0.10664021
63412.5,0.53291582
63405.26,0.182296
63413.95,0.22166928
63441.99,0.39767407
63429.95,0.19959641
63449.32,0.40544809
63459.23,0.18218114
63459.23,0.15166132
63469.74,0.0175909
63463.41,0.04724811
63459.59,0.02174869
63469.59,0.1725699
63481.64,0.01786729
63448.46,0.01414491
63448.46,0.07299163
63446.87,0.01610759
63435.62,0.07841947
63435.62,0.89391203
63418.69,0.02494554
63418.43,0.62311926
63401.9,0.17820201
63406.35,0.26267934
63410.5,0.32760323
63373.49,0.00941847
63378.26,0.39374702
63363.89,0.02015784
63358.72,0.27867409
63368.7,0.13791571
63333.81,0.95955247
63357.77,3.01544464
63339.55,1.67644146
63324.0,0.06354239
63305.73,0.47829817
63305.27,0.70789341
63298.02,1.35275957
63289.69,9.84189992
63340.67,1.51899861
63335.24,0.61531453
63365.3,1.52539563
63473.3,0.42823862
63502.03,0.59550753
63488.5,1.23912794
63485.81,0.54104862
63460.92,0.64216101
63398.29,1.05382079
63392.38,0.20516412
63391.21,0.44642917
63401.01,0.80142459
63369.05,0.0450008
63357.11,0.47615761
63371.17,0.53714457
63381.56,0.87978474
63431.94,1.59372109
63433.0,1.05553805
63437.57,1.92530786
63436.77,0.91768369
63437.44,2.12646961
63479.7,0.97519272
63448.17,0.31329471
63443.38,1.0932332
63415.93,1.43721056
63392.21,1.63747929
63341.03,1.913766
63305.12,0.74192234
63316.97,1.77263295
63331.01,0.40155552
63340.5,0.94049951
63394.6,0.75885023
63403.79,0.66563557
63422.3,0.37438033
63427.97,0.05460335
63412.6,0.06838827
63429.28,0.00620552
63421.04,0.03187961
63401.67,0.01394068
63394.9,0.18318966
63402.04,0.38011206
63394.9,0.62086832
63396.84,0.77198739
63433.83,0.26896103
63392.54,0.91901969
63386.35,0.15910526
63363.2,0.65341497
63378.14,0.79386545
63383.3,5.87031515
63457.67,0.64667455
63437.81,0.06915259
63433.95,0.3699372
63437.89,1.35709417
63425.19,0.15282915
63410.06,0.18658275
63420.05,0.1761143
63403.77,0.0181343
63394.81,0.01578255
63394.82,0.16429333
63372.31,0.19863199
63369.61,0.25574829
63370.58,0.07611331
63370.57,0.31796694
63375.98,0.578701
63373.05,0.0328454
63373.04,0.06341149
63385.83,0.19023295
63369.7,0.29358928
63376.6,0.6380097
63397.07,0.8039397
63394.19,0.42452276
63409.28,0.21688191
63439.49,0.62875962
63387.35,0.83160702
63355.93,0.43466921
63382.3,1.14853951
63363.48,0.27535858
63368.53,0.47626895
63333.2,4.73611702
63354.95,0.56064319
63364.53,0.6655376
63361.88,0.68961875
63346.64,0.34589623
63342.44,1.67754943
63361.96,0.3802065
63352.04,0.30865147
63356.07,2.22645669
63392.57,0.37598673
63399.47,0.39591469
63399.48,0.36408236
63377.83,7.71103115
63478.13,0.35122862
63478.14,0.26477527
63478.13,0.53670047
63493.24,1.21591056
63444.53,0.55463679
63459.68,0.25537204
63450.93,0.23921772
63447.59,0.24051831
63462.83,0.40950041
63442.02,1.41700568
63469.11,0.49645769
63493.58,0.20699593
63487.73,0.79427031
63475.65,1.6051395
63472.82,0.54739292
63469.87,1.28542949
63448.87,0.04994574
63444.71,0.27510652
63454.42,1.14159371
63447.33,0.10395597
63484.99,0.13841226
63502.99,0.19316577
63514.82,3.65864627
63435.84,0.55717774
63416.64,1.89532714
63424.09,0.03418626
63418.81,0.09161459
63408.09,2.09335663
63431.71,0.40611432
63415.86,0.18827938
63414.45,0.53554684
63400.25,0.2893963
63417.97,0.54666761
63404.25,0.55467401
63405.56,0.51359288
63374.55,1.11402093
63336.62,0.19015851
63318.21,0.06112978
63329.64,2.41241536
63294.88,0.0244782
63282.16,1.26620867
63235.61,0.15558026
63241.63,1.5578811
63235.61,2.53279057
63263.65,1.26990357
63260.39,2.24041286
63196.41,3.32913664
63191.81,0.57436475
63188.14,0.84602971
63294.56,1.31347518
63215.08,1.09397997
63110.52,1.2839097
63058.61,21.11322116
62898.96,3.42544528
62985.96,2.83511671
62968.41,3.06460267
62916.61,0.9219034
62934.45,1.33832464
62918.61,4.59638264
62877.92,4.77654468
62771.17,4.68086592
62713.92,1.71072586
62868.96,3.60921123
62842.63,1.1008388
62928.91,1.71308294
62954.5,1.20042763
62962.2,1.19464093
62949.86,2.16548224
62930.95,3.2473173
62940.47,1.63495767
63038.68,1.97902939
62997.58,1.03114134
63012.33,2.60388712
63026.56,5.36406948
63141.17,0.79728691
63108.01,0.74236917
63101.15,0.85859661
63084.77,0.82245027
63109.96,1.71028301
63177.95,0.71490974
63215.95,0.38872515
63180.18,0.85318703
63148.2,0.58602532
63125.84,0.84648252
63140.96,0.42085659
63194.99,2.06994924
63156.28,0.62733031
63146.77,2.2791959
63073.74,1.08060253
63027.14,0.63482938
62943.05,0.8648269
62953.16,0.93403991
62925.0,1.77700736
62917.64,0.36378995
62937.01,5.24507843
63028.89,2.71320061
62979.8,0.33972136
63068.3,0.54675314
63129.54,0.55841501
63100.58,0.3361605
63125.26,0.53502154
63091.75,1.18945153
63087.91,0.36589729
63108.65,0.27884559
63130.59,0.58923157
63135.0,0.5436294
63105.14,0.33585675
63093.15,0.58213533
63077.69,0.50255941
63166.3,1.91678604
63252.95,0.74718043
63242.82,1.07555279
63199.75,0.46424517
63156.09,1.04837089
63231.5,1.71318943
63328.82,1.14335433
63303.08,0.36476253
63315.33,1.45108735
63280.46,0.26003433
63251.56,1.49687989
63282.22,0.70978207
63330.7,2.13163371
63407.89,0.86143333
63415.88,10.64888444
63407.08,1.98172344
63414.2,2.16564971
63389.63,0.68948863
63409.0,1.53435358
63384.78,1.76741638
63395.8,0.11611676
63388.2,0.97711047
63355.81,0.01105512
63355.8,0.63103307
63331.33,0.62710019
63361.26,1.38600852
63353.14,0.50888722
63275.69,0.29729896
63247.97,0.61339162
63247.18,5.28290863
63233.7,0.32108307
63282.48,0.48962775
63250.01,0.22843561
63262.88,1.23320662
63341.61,2.48751462
63308.14,0.69862847
63319.78,0.60565505
63405.78,0.34733038
63388.71,0.39398947
63380.17,3.6767594
63338.26,0.61061046
63331.44,0.20249584
63336.97,0.69938187
63335.18,0.07286699
63329.58,6.78497447
63517.99,4.62350382
63711.79,1.3187359
63645.37,1.19429344
63725.25,2.73291695
63802.52,2.04051838
63800.49,1.98363393
63871.67,0.83631451
63758.52,0.70703267
63718.15,0.15093368
63673.83,0.5617155
63662.57,0.0589596
63660.25,0.32075063
63656.98,0.16014326
63707.47,0.10259593
63701.43,0.20600486
63739.95,0.33368279
63740.82,0.24551256
63773.18,0.92860575
63770.91,0.28561941
63774.45,0.51633539
63783.02,1.10911346
63821.1,0.57590419
63781.38,0.16070137
63789.84,0.62840727
63795.11,0.62512258
63814.8,4.04304399
63841.53,12.39618578
63918.0,2.48864028
63867.63,1.56684652
63817.53,1.56656489
63783.16,0.62924301
63769.8,0.14621556
63798.49,1.445633
63818.12,0.14192377
63783.37,0.20981614
63754.65,2.85422091
63790.55,1.12878552
63806.67,0.46357147
63847.21,0.51783999
63866.04,0.79142332
63861.41,0.45038941
63848.04,1.06608932
63844.33,0.10258329
63848.1,0.20558073
63819.38,0.73349099
63807.49,0.12766249
63794.83,0.91529571
63758.73,0.06641834
63769.9,0.7069954
63776.35,0.06655013
63750.59,0.71048866
63806.17,0.04755981
63784.23,0.14940266
63743.2,0.29096223
63743.32,0.09721687
63754.11,0.04072745
63754.11,0.08350572
63755.34,0.2984738
63780.86,0.91351468
63860.76,0.86228239
63839.08,0.27108421
63814.55,0.41082483
63765.9,0.93024896
63736.28,0.59447358
63775.77,0.36153898
63767.15,0.05376675
63778.55,1.00424633
63770.01,0.05995482
63773.09,2.92278397
63767.09,0.2379614
63717.47,0.89582608
63730.35,0.36444404
63782.8,0.54834285
63774.85,0.84069999
63735.62,0.33382991
63745.74,1.46733412
63738.71,0.36583607
63735.79,0.24645643
63753.7,0.16711745
63777.98,0.53034515
63795.92,0.13205407
63841.41,0.27166543
63846.55,0.16080773
63875.44,2.68524966
63848.38,0.22898293
63866.41,0.03872803
63801.75,0.09969269
63839.66,0.35113664
63826.88,0.6629197
63847.78,1.06899651
63886.93,1.78687946
63999.06,3.4821224
64004.43,1.05567424
64011.58,0.70663141
63989.4,0.23681039
63975.01,0.51608112
63958.27,0.31714923
63994.69,0.26081201
63959.8,2.39241228
63968.29,0.26413554
63946.16,0.22342251
63927.34,1.26956221
63928.62,0.73827293
63907.4,5.20275565
63913.6,0.45384272
63916.45,1.51516561
63884.96,0.50897476
63876.96,26.73196016
63805.98,0.51661514
63792.67,3.29528326
63749.03,0.70044867
63735.21,4.32347296
63768.4,2.13064034
63743.52,6.65082908
63739.82,3.01990497
63735.86,2.22164091
63722.95,4.32164223
63679.56,0.27384894
63667.88,0.11802173
63663.48,6.91769305
63751.94,0.41301059
63727.98,0.61591611
63751.89,0.77564736
63720.18,0.48223102
63681.06,0.03146946
63680.55,2.18078193
63661.98,0.50497783
63706.88,0.55621635
63674.28,1.36294429
63670.13,1.70662547
63619.82,0.90212118
63570.9,0.13212824
63542.31,1.88479787
63573.7,0.57575731
63579.56,0.62937457
63587.03,1.0112393
63537.79,1.47094202
63454.65,1.24428248
63473.34,0.27650998
63477.31,2.59410392
63518.07,1.85271881
63522.09,0.33415136
63497.13,1.10983571
63505.25,0.01118061
63491.88,0.39453055
63534.98,0.15209735
63545.0,0.06192514
63548.43,1.53089987
63605.17,0.15329485
63595.36,0.37180807
63555.54,1.27377916
63562.93,0.56379493
63557.82,0.84962122
63553.53,2.99322088
63548.61,0.21920385
63548.62,0.70703532
63556.64,0.44220905
63573.96,0.57542796
63577.79,0.06473606
63612.63,2.00131797
63691.3,0.61083067
63695.07,0.26303034
63710.05,1.24129678
63742.83,0.1108444
63720.73,0.54996231
63679.85,0.24008805
63691.85,0.2426936
63669.01,0.7253357
63652.58,0.86043761
63660.21,1.28726454
63678.57,0.06225928
63666.49,0.0562908
63650.89,0.45356171
63642.8,0.07340858
63618.46,0.47884517
63634.25,0.24687143
63648.91,0.42923932
63617.0,1.95507551
63623.54,0.21270908
63618.14,0.76554633
63634.29,0.27527492
63639.02,0.13005173
63651.47,0.07544343
63666.69,0.02042884
63648.49,0.20769702
63628.61,0.09417957
63616.2,0.150696
63632.68,0.254942
63625.82,0.21735775
63625.81,0.32614576
63602.59,0.52032859
63602.59,0.11244054
63618.67,0.63985609
63662.97,0.41498271
63662.97,0.48592379
63638.13,0.17034584
63630.28,0.49922999
63672.84,0.44549308
63670.95,0.25989976
63646.91,0.01496396
63646.91,0.04137534
63646.92,0.13089715
63679.49,0.02123179
63691.86,0.03941108
63684.27,0.06049321
63682.34,0.1262924
63705.18,0.03946805
63694.26,0.67733537
63712.46,0.8736355
63705.71,0.20489884
63705.72,0.1825927
63709.78,2.4033525
63642.28,0.01201595
63642.28,0.71340353
63627.52,0.57815724
63626.34,1.12261574
63634.99,0.48398716
63649.64,0.07403866
63649.64,0.07610236
63649.65,1.49577702
63701.73,0.02688894
63691.99,0.31268515
63759.91,0.03987879
63761.22,1.73759887
63749.99,0.50410387
63783.9,1.1395596
63726.03,0.02074854
63720.01,1.94924178
63675.6,0.27439452
63706.02,0.08343582
63696.02,0.27055415
63699.73,0.15561637
63693.51,0.49974904
63688.35,1.20915422
63685.28,0.04668679
63667.23,0.92297842
63655.25,1.41536573
63661.2,5.60965399
63652.0,0.03276755
63655.08,0.13961877
63661.22,0.27701694
63661.22,0.09091442
63671.49,5.65190861
63686.48,0.50457538
63686.24,1.16476238
63666.48,0.14114721
63657.82,0.6177627
63664.72,0.11228874
63678.41,0.77301007
63674.87,2.56316268
63777.02,0.35168972
63734.19,0.06035478
63724.7,2.13022386
63741.92,0.02890781
63746.78,0.15557497
63736.67,0.23787731
63723.47,0.0356039
63732.02,1.14868268
63718.02,5.34544587
63688.35,5.42629176
63687.95,4.55350904
63669.67,0.67338213
63660.86,0.14597837
63630.01,0.12287349
63618.42,0.90609891
63613.11,0.19646843
63626.87,4.75311936
63643.92,0.61280818
63653.06,0.13163817
63651.13,1.16092961
63674.38,0.9739164
63683.94,0.89493644
63693.99,1.12296973
63725.17,0.58842242
63750.05,2.93026457
63759.44,0.71301434
63779.16,0.08581161
63792.64,0.22507753
63790.91,0.33014487
63824.3,2.80619291
63861.52,1.41683886
63833.38,0.36286445
63797.46,0.65703462
63845.15,0.58254931
63880.79,2.82056057
63850.79,0.32573454
63827.58,0.541304
63840.62,1.64350052
63831.38,0.71763824
63862.43,0.16869804
63845.9,0.54546266
63867.86,0.3665058
63875.15,0.85539392
63892.25,0.96157301
63910.52,0.75579848
63920.93,2.20715333
63941.06,0.7731625
63913.45,1.14778524
63921.82,0.20670357
63912.08,0.3295825
63891.29,0.24121239
63850.92,0.16273258
63869.92,0.10684915
63854.98,0.00937942
63842.75,0.02555112
63857.15,1.08460678
63841.03,0.30066085
63846.29,0.29408078
63827.99,0.18294468
63819.66,0.20527779
63817.32,0.48190642
63827.37,0.37623521
63835.8,0.43088469
63825.46,2.14859659
63822.55,0.27355037
63852.58,0.21309072
63850.98,2.89841727
63830.89,1.46466094
63807.1,0.35036407
63802.71,0.20567717
63805.48,0.14895551
63834.31,0.10152542
63854.9,0.02628442
63844.1,0.0367559
63853.87,0.23709149
63850.04,0.33020506
63845.14,0.40275637
63825.92,0.08417407
63855.22,0.25148464
63861.04,0.52224112
63836.24,0.3117616
63836.24,0.27872209
63844.45,0.24084881
63830.69,0.53018409
63844.26,0.01610301
63852.31,0.0001582
63852.31,0.09829948
63852.31,0.26730588
63838.42,0.00436092
63838.42,0.32663137
63869.42,0.01881543
63858.0,0.14087837
63867.43,0.45943784
63873.66,0.07428325
63889.91,0.93660806
63894.12,0.09883646
63869.76,0.19937609
63853.38,0.01805337
63851.11,0.04558703
63852.03,0.11864659
63855.21,0.28187631
63855.2,0.5590659
63873.48,0.64824301
63861.41,0.34003101
63841.82,0.24115889
63841.82,0.32903033
63832.27,0.24104547
63832.27,0.40106014
63841.04,0.1045673
63842.69,0.00306644
63841.03,0.00304077
63841.04,0.11127314
63809.84,0.00617493
63817.77,0.01422002
63820.98,0.55394403
63826.17,0.73617991
63820.49,0.72853895
63832.81,0.01835679
63832.81,0.13242388
63832.81,0.00969193
63820.49,0.05485208
63820.49,0.00454764
63820.49,0.03314776
63820.5,0.00265633
63832.82,1.06416862
63924.98,2.06618712
63914.53,0.10077837
63905.23,0.25369857
63913.92,0.00347936
63926.44,0.00251004
63916.89,0.05453545
63945.8,0.11390846
63944.18,0.00156075
63949.49,0.00125693
63962.24,0.05796865
63962.46,0.90471474
63957.74,0.00154965
63950.61,0.50958427
63936.02,0.385096
63949.85,0.25794534
63954.18,0.00527997
63945.02,0.44259314
63941.34,0.95291375
63939.79,0.00104024
63940.72,0.01004783
63940.04,0.35712192
63937.73,0.30643281
63939.62,0.05339604
63937.74,0.01306677
63902.09,0.02713029
63838.07,0.27117293
63833.34,0.32209161
63887.1,0.02112258
63910.18,0.01789493
63918.42,0.20724387
63921.55,0.31572852
63908.3,0.47615778
63934.06,1.10975906
63936.8,0.0008726
63902.19,0.06590482
63880.49,0.27735752
63926.58,0.10439564
63927.88,0.18285419
63897.61,0.0140717
63912.42,0.39291044
63939.86,0.06355206
63938.41,0.05541769
63922.31,0.47316802
63908.05,0.03347133
63903.84,0.2072243
63891.94,0.06948218
63909.28,0.03218703
63912.93,0.37886196
63893.74,0.24533283
63874.98,0.15127818
63861.33,0.04134354
63854.63,1.13719889
63852.7,0.03273914
63843.44,0.00072181
63843.43,0.30967976
63803.55,0.20332172
63815.37,0.22031135
63800.31,0.24073963
63785.32,0.03224135
63792.81,0.04348127
63792.89,0.00928494
63811.95,0.00180302
63802.95,0.00471539
63794.46,0.17586651
63792.72,0.02054079
63813.42,0.97200379
63815.5,0.01450993
63820.73,0.04700575
63808.0,0.35000529
63802.08,0.10376597
63780.84,0.12170583
63755.36,0.09116322
63740.61,0.15325699
63740.73,0.01978916
63735.74,0.01068733
63732.92,0.04496678
63704.82,1.02729291
63716.28,0.12271875
63710.54,0.00617076
63714.18,0.07411356
63752.57,0.32453078
63765.25,0.12996518
63754.44,0.73167199
63724.21,0.00023779
63701.51,0.07983237
63691.04,0.02759761
63672.1,0.20083184
63648.15,0.01842065
63633.62,0.02148544
63635.3,0.1606546
63606.36,0.01528535
63582.34,0.08526516
63571.62,0.05472032
63570.67,0.0623072
63539.5,0.13178386
63572.82,0.00162009
63543.8,0.11659209
63548.49,0.18938376
63538.94,0.04138923
63547.06,1.11358779
63569.0,0.10816621
63573.11,0.00338484
63572.51,0.49698994
63563.37,0.10463827
63556.87,0.04588532
63557.36,0.00115647
63557.38,0.04922865
63557.37,0.3987376
63502.37,1.56402461
63509.24,0.42705809
63499.56,0.40001275
63528.71,0.17433007
63513.37,0.05464325
63532.26,1.8263859
63556.87,0.02413444
63626.63,0.00263621
63656.57,0.40325368
63683.22,0.79245481
63690.03,0.37364514
63733.7,0.17137587
63707.95,0.01255453
63709.08,0.10511828
63683.9,0.13784454
63707.83,1.34566701
63730.86,0.31626392
63728.03,0.45817913
63723.69,1.64699614
63688.76,0.49188699
63701.59,1.66474267
63759.7,0.9665281
63809.29,0.45788661
63817.95,1.02641566
63849.51,0.32282663
63869.96,0.00654896
63838.4,0.39058088
63838.25,0.41493796
63811.87,0.0009796
63804.22,0.70079956
63822.91,0.93724642
63844.1,0.14790337
63818.54,0.45873662
63836.61,1.02976901
63859.55,0.75656381
63873.45,0.66432865
63849.63,1.17894492
63900.18,0.19553739
63933.36,0.6000244
63944.95,0.16074767
63949.93,0.17040665
63964.77,3.74381567
64056.7,0.54764234
63965.51,0.19709301
63995.81,0.03253923
63993.6,0.20081104
63980.8,0.31453678
63935.01,0.00800636
63934.74,0.24606654
63958.02,0.37978075
63965.09,0.29488327
63934.17,0.66945001
63988.0,0.69541036
63985.72,0.02005203
63968.8,1.4991924
63974.02,0.09029144
63975.08,0.84531021
63951.89,3.51605983
63980.39,0.40193828
63935.08,0.09403816
63917.62,0.35286706
63897.7,0.49079014
63925.7,2.28130663
63920.89,0.10332655
63915.4,2.73279795
63878.24,3.23371449
63932.53,0.11150307
63884.54,0.0
63862.32,0.0065664
63814.87,0.30333534
63835.27,0.48223261
63819.84,0.00622195
63796.06,1.06897993
63860.03,0.12960649
63967.98,0.00206986
64009.61,0.00312492
63984.9,0.11124289
63960.99,0.76143678
63920.02,0.10740749
63966.42,0.73901713
63990.68,0.00759907
63999.99,2.23281337
64091.45,0.73217118
64032.4,0.35091729
64032.69,0.40014588
63955.99,1.34585931
63968.18,0.13891636
63970.27,0.38896936
63977.2,0.0035902
63977.96,0.38268291
63986.56,0.35701954
64012.99,0.1404255
63966.03,0.00084747
63914.26,0.39607104
63918.52,0.15209203
63870.78,0.32962119
63874.62,0.09172053
63836.94,0.69578606
63889.0,0.4809766
63901.11,0.38046947
63909.68,0.40137431
63902.81,0.00051752
63888.0,0.31139246
63842.78,0.39066421
63879.75,0.00734303
63849.13,0.10048866
63838.28,0.00097709
63791.82,1.41507426
63726.13,0.50033859
63778.22,0.0548978
63770.91,0.58047883
63739.61,0.00511363
63731.32,0.33623752
63734.76,0.55975916
63724.76,0.72922173
63739.19,0.04748761
63775.72,1.09928457
63776.38,0.00072127
63797.67,0.10031134
63836.07,0.0429169
63841.71,0.06316235
63821.82,0.7803245
63827.65,0.00125104
63839.31,0.10080878
63865.92,0.00191544
63855.31,0.54242609
63826.04,0.58615014
63843.25,1.46191602
63789.11,0.74090072
63817.21,0.31144203
63769.6,0.01728934
63792.07,0.07804366
63774.03,0.02269347
63772.37,0.12091084
63794.83,0.35745203
63753.52,2.18933205
63818.31,0.02989211
63780.68,0.04666723
63800.65,0.00131044
63756.92,0.27420703
63712.39,0.17770541
63733.08,0.78617113
63726.57,0.0018938
63745.01,1.55510064
63702.81,0.61531612
63730.12,2.78639327
63676.15,1.4881893
63699.82,0.53786341
63662.21,0.20929073
63659.98,0.23927761
63663.13,0.04259528
63661.07,0.38247309
63649.17,0.02269968
63648.26,0.06016167
63625.16,0.04885477
63636.94,0.59107312
63618.12,1.87691422
63570.18,0.00303813
63666.06,0.55475582
63599.52,0.23527785
63647.96,0.10840846
63622.61,0.38133219
63641.73,0.00179865
63692.97,0.03787389
63709.35,0.00934877
63698.93,0.05287694
63697.18,0.20281221
63694.22,0.25739865
63716.63,0.25175035
63768.58,0.00251317
63768.84,0.04408315
63753.12,0.10252907
63714.8,0.5114948
63693.23,0.12601249
63637.26,0.0150477
63666.43,0.00056996
63666.71,0.00050801
63689.96,0.03007636
63721.49,0.20464848
63764.92,0.10848693
63780.0,0.35730258
63751.38,0.00248669
63789.22,0.00252498
63805.37,0.08549981
63811.72,0.40530224
63883.9,0.95356294
63946.18,0.07783533
63928.69,0.00276921
63912.85,0.00103882
63886.37,0.06425398
63872.94,0.03072177
63874.85,0.08747168
63915.03,1.24383612
63959.02,1.12001028
63941.0,0.352737
63955.16,0.81885295
64017.01,0.40323558
64010.09,0.03364521
63990.99,0.18835724
63954.76,0.01909162
63961.58,0.18562701
63948.44,0.2927318
63954.45,0.34062411
63917.06,1.10857863
63842.09,0.23237865
63841.33,0.31240658
63841.14,0.64760325
63874.64,0.00136836
63889.5,0.00482262
63866.82,0.00042329
63875.82,0.0003161
63904.46,0.10280322
63882.33,0.00319396
63878.27,0.00120392
63884.73,0.30033009
63884.74,0.00248853
63886.0,0.2552783
63878.79,0.11387073
63852.96,1.45850055
63821.73,1.22016393
63807.23,0.0016575
63805.12,0.00984537
63832.8,0.10513213
63819.97,0.41214485
63862.46,0.00017364
63883.69,0.35732856
63918.27,0.15534899
63904.97,0.00336738
63900.43,0.0506117
63880.41,0.00064299
63860.61,0.00051071
63854.29,0.15117582
63834.34,0.33817164
63883.56,0.11607578
63855.89,0.34267417
63832.08,0.20190227
63787.66,0.00080446
63826.32,0.00285759
63812.76,0.26339457
63843.68,0.00815295
63801.41,0.23972668
63780.31,0.11901744
63781.74,0.00436255
63778.72,0.43719353
63748.99,0.01615437
63731.71,0.0640774
63698.1,0.05806891
63656.98,0.00598253
63643.75,2.19226425
63648.68,0.00559568
63674.31,0.0423367
63658.89,0.00181484
63685.01,0.05191716
63722.59,1.24464441
63762.18,0.05711319
63749.93,1.08196616
63719.32,0.13952543
63714.93,0.48758525
63697.02,0.00082585
63678.31,0.00159486
63666.58,0.00367894
63681.51,0.38688322
63688.46,0.28705769
63654.46,0.4974011
63674.11,0.13975424
63647.35,0.00299311
63647.35,0.17374445
63665.62,2.75248829
63634.83,0.00188691
63634.84,0.03293683
63634.83,0.54797306
63650.71,0.00153249
63638.75,0.00023809
63646.38,0.01728946
63643.13,0.01028697
63638.95,0.37013497
63658.56,0.66730523
63630.01,0.25065169
63613.02,0.39698241
63612.94,0.01726199
63570.68,0.20670744
63563.84,0.0018681
63560.77,0.37226128
63519.88,0.12753905
63575.96,0.25510701
63611.92,0.2050691
63665.46,0.85059163
63626.8,0.0011047
63621.97,0.39656267
63668.67,0.00555201
63660.55,1.10366054
63650.65,0.37150175
63627.56,0.02693358
63608.69,0.50727972
63603.44,0.0105811
63575.26,0.00086749
63594.48,0.32742404
63570.41,0.0376207
63549.89,0.00240847
63598.8,0.31231003
63607.61,0.25029167
63684.49,0.15197549
63669.1,0.00099237
63687.57,0.00283869
63721.39,0.807887
63707.43,0.01761576
63712.01,0.26835751
63727.91,0.00154387
63728.08,0.01948792
63707.72,0.10410154
63703.11,0.10060163
63713.86,0.00015854
63743.38,0.4249221
63780.18,0.20207105
63805.75,0.22952402
63843.13,0.00072604
63823.2,0.00283342
63817.28,0.10112116
63802.22,0.00247047
63799.35,0.00984291
63793.71,0.02694544
63775.23,0.18938903
63777.1,0.00417472
63779.7,0.00038648
63809.1,0.0016869
63811.22,0.25718004
63782.48,0.01676711
63768.48,0.0843137
63826.23,0.05402974
63812.76,0.00483942
63821.18,0.21643096
63834.13,0.55785341
63835.67,0.02054926
63838.85,0.20854265
63829.85,0.0478767
63853.07,0.58362949
63880.23,0.33682817
63891.39,0.10024036
63894.81,0.03000255
63891.75,0.0029881
63899.64,0.1345926
63875.17,0.78232253
63862.05,0.20804641
63890.2,2.5835928
63902.82,0.26309391
63904.94,0.42766502
63893.45,1.2430856
63927.58,0.12321525
63931.12,0.00455589
63911.97,0.05232767
63919.96,0.34107102
63912.99,0.38675627
63860.63,0.02243313
63863.19,0.00109184
63843.13,0.00094143
63843.13,0.11053993
63842.02,0.49387644
63827.53,0.16216853
63839.34,0.6254045
63900.8,0.3374132
63873.18,1.57265815
63855.7,2.09252709
63870.01,0.25415815
63872.51,0.26517377
63887.02,0.4625216
63879.61,0.18326812
63871.2,0.90576615
63860.6,0.21360703
63872.54,0.1765268
63893.13,0.19066321
63898.99,0.21088222
63906.61,0.94084367
63944.88,0.30411954
63935.52,0.17838336
63913.81,0.06417698
63944.24,0.05597805
63946.56,1.66482016
63963.46,0.12437787
63942.03,0.18348056
63961.65,0.39938948
63944.25,0.44485773
63944.26,0.67100448
63932.73,0.23243723
63949.6,0.1926792
63957.09,0.22017869
63955.67,0.22755659
63945.48,0.11771826
63958.27,0.50395435
63974.67,0.00385154
63993.07,0.34389041
63995.43,0.24319298
64009.1,0.20165372
64002.45,0.25992496
63983.66,0.09352387
63983.67,1.53020895
63975.43,0.13386583
63979.21,0.86091283
63949.24,2.83266273
63989.48,2.07962426
64004.33,0.00645781
64001.41,0.13799661
63985.89,0.47507218
63992.86,0.01061088
64000.25,0.00335884
64010.73,0.06605132
64002.26,1.94428628
63961.99,0.50409776
63965.02,0.70810454
63988.1,0.42928166
63993.36,0.28602552
64013.15,1.34949077
64037.41,0.10041272
64015.57,0.10288139
64022.97,0.1541871
64042.81,0.58380643
64048.82,0.01007265
64042.8,0.0082327
64050.07,0.00542427
64056.51,0.76433954
64063.97,0.05704965
64083.76,0.13434327
64107.0,1.03513069
64178.0,0.37462024
64166.7,1.49932155
64245.2,0.32341112
64285.15,0.91689
64317.24,1.94312755
64314.87,1.7679802
64300.02,0.83505587
64361.07,0.00979616
64331.74,0.02916755
64339.46,0.07459733
64365.54,0.02625913
64354.43,0.10051437
64354.43,0.10021315
64326.72,0.08070502
64338.78,0.37920994
64347.98,0.07346655
64350.81,0.01415081
64347.99,0.00031384
64347.98,0.08680678
64373.98,0.84878235
64336.57,0.04880862
64327.21,0.16211238
64352.58,0.04150294
64326.56,0.90859239
64325.21,0.17334467
64347.14,0.13496981
64342.1,0.16188399
64347.74,0.80597013
64341.96,0.48695494
64335.25,0.15882911
64333.24,0.08367754
64333.23,0.25389001
64338.4,3.18077798
64348.12,0.12076768
64348.13,0.26512145
64350.67,0.89015129
64329.48,0.00423545
64329.48,0.10178461
64328.29,0.06164835
64340.92,0.13206989
64340.93,0.02175233
64350.65,0.829069
64383.81,0.12882538
64378.33,0.38251972
64378.77,0.41527281
64383.82,0.10593212
64372.13,0.0049789
64395.34,1.00800324
64376.82,0.30204929
64384.32,0.35986825
64378.76,0.10106711
64377.06,0.58431382
64378.72,1.27592948
64354.71,1.10170549
64409.15,1.89654436
64420.23,1.59800355
64374.83,0.80232006
64354.94,0.97358261
64389.35,0.00652497
64365.82,0.63108577
64366.51,0.70698159
64383.77,1.15130395
64402.0,0.58000088
64427.82,0.00405237
64432.98,0.36652684
64413.8,1.59433767
64400.7,0.64961622
64404.41,0.70254269
64375.93,0.288446
64368.67,0.2890799
64365.95,0.01157183
64368.68,0.04971279
64370.61,0.50882312
64370.6,0.00415699
64379.94,0.37686083
64384.22,0.71530033
64384.52,0.32392868
64393.32,2.21449843
64407.19,0.08659844
64416.82,0.8298994
64396.91,0.53553783
64412.75,0.16055437
64422.58,0.40926651
64417.72,0.81818181
64435.92,0.02037808
64432.46,0.01673066
64408.51,0.91257632
64409.78,0.63586536
64408.5,0.4550665
64386.02,0.28863846
64407.44,0.29093
64414.08,0.09021873
64424.7,0.9359563
64481.27,1.44753051
64502.78,0.42595081
64477.04,0.74769
64445.85,3.99239277
64447.1,0.04872925
64440.67,0.5776133
64447.8,0.88072171
64423.42,0.23069225
64406.77,0.26427664
64399.07,1.8559827
64392.53,0.32316395
64360.37,1.18097849
64347.59,1.38694276
64310.02,0.72122254
64283.26,0.13198407
64316.1,19.69956833
64288.87,0.17516546
64288.88,1.08994561
64293.27,1.54695568
64298.12,0.74694006
64313.39,0.73639075
64313.39,0.64422795
64313.39,0.53760568
64316.27,0.08119086
64300.71,0.60019143
64259.11,0.49401165
64259.12,1.14194048
64229.0,0.11245838
64224.84,0.32277417
64232.08,0.1441033
64220.21,0.0030396
64220.3,0.41486219
64241.81,0.72855461
64252.68,0.21726531
64262.03,0.13153326
64246.19,0.53000495
64229.6,0.28832648
64240.22,0.35844286
64235.91,0.12344769
64244.25,1.6598414
64241.89,0.18339109
64242.3,0.50788748
64249.51,1.39060919
64252.52,0.52860547
64281.09,0.63495298
64322.62,0.14645047
64357.99,0.47174812
64419.14,0.40156757
64446.7,0.53644822
64434.61,0.20451287
64378.8,0.37073005
64378.8,0.01947065
64374.33,1.76940608
64334.37,0.01965216
64334.37,0.00302262
64334.36,0.09639686
64324.07,0.00085807
64328.48,0.02459343
64328.48,0.41915562
64334.36,0.00199968
64342.06,0.01947209
64342.05,0.01770954
64342.06,0.09988143
64367.49,0.72735698
64367.49,0.06610367
64366.81,0.3071617
64347.7,0.02198209
64321.68,0.11597471
64320.27,0.9596679
64320.26,0.44576888
64318.0,0.0037596
64354.3,0.74989995
64379.94,0.028047
64372.62,0.00482383
64389.83,0.8500485
64368.0,0.53304974
64377.97,0.17196287
64368.01,0.26532898
64356.03,0.01579971
64361.26,1.04185813
64397.73,0.17015802
64391.67,0.08044978
64395.47,0.20716265
64382.72,0.27226681
64391.67,1.1913576
64364.64,0.58690861
64387.01,0.30672914
64403.27,0.11340729
64387.0,0.46331931
64379.68,1.24631201
64374.44,0.6459824
64388.3,0.00701517
64400.66,0.17159598
64434.2,0.15429509
64429.28,0.46454067
64407.85,0.75683818
64411.65,0.09135786
64397.13,0.43522178
64410.79,0.18113776
64444.64,0.54604586
64499.05,1.98599309
64519.93,1.23063202
64576.15,0.80276314
64573.06,0.55657752
64552.27,0.45315726
64516.07,0.20492096
64530.68,0.11017954
64507.43,1.10487195
64470.88,0.1444331
64444.81,0.01127286
64473.52,0.01885877
64481.26,0.22445717
64479.51,0.91609012
64483.24,1.47311348
64551.77,1.00806161
64588.43,0.31453117
64595.06,0.31676443
64620.08,0.93416428
64623.39,1.36214216
64647.56,0.2040027
64641.57,1.16823101
64625.51,0.32807739
64626.74,0.37416585
64632.18,0.69266709
64606.34,0.00216851
64587.12,0.67438535
64580.33,0.96330978
64579.85,0.18153167
64564.24,1.339071
64563.15,0.22510289
64581.2,0.36910784
64593.46,0.55801961
64568.25,0.40174252
64564.61,0.00198922
64562.26,0.10789228
64577.2,0.01926231
64593.44,0.75223976
64588.45,0.99300133
64598.75,0.49759274
64589.64,0.66645632
64625.77,1.20109808
64598.11,0.29616119
64590.67,0.01816623
64590.68,0.26764678
64601.0,1.2330895
64584.97,1.33782794
64574.72,1.75670343
64557.94,0.43199079
64561.76,0.00963474
64557.95,1.49598714
64544.87,1.34786133
64549.08,0.80000443
64542.59,0.47525287
64549.18,0.14593345
64552.52,0.75149569
64552.51,0.43337221
64542.59,0.06787529
64542.59,0.0750038
64542.59,2.18373018
64522.43,0.9534377
64510.85,0.48641401
64492.89,0.66121045
64503.74,0.37857525
64545.11,0.07849928
64594.61,0.28946009
64601.99,0.25573963
64599.36,0.58960822
64570.92,0.99689662
64554.78,0.86759321
64551.35,0.14125628
64549.56,0.02415114
64532.3,1.1885179
64515.35,2.63423505
64433.41,3.81367342
64377.8,0.61972665
64368.21,0.61158285
64368.49,0.23334635
64346.74,1.17531495
64379.52,0.0036782
64389.8,0.48290349
64390.99,0.3647742
64402.49,0.0361816
64424.72,0.00417715
64430.21,0.20680663
64403.45,0.06168704
64435.41,0.02228808
64400.35,0.5807528
64397.89,0.70011809
64384.0,0.2379433
64411.0,0.02060158
64411.2,0.01604991
64424.21,0.15247006
64429.07,0.01441115
64423.39,0.07590663
64436.11,0.02371001
64454.19,1.78584173
64454.18,0.01420546
64479.53,0.01081949
64443.64,0.29165547
64443.65,0.07803092
64440.71,0.55853891
64408.06,0.79672637
64473.68,2.33867766
64503.42,3.69658028
64457.18,1.49071454
64464.39,0.50602044
64461.89,0.1963468
64451.44,0.91204382
64451.63,1.04155299
64467.61,0.28802768
64458.0,1.25470549
64428.44,0.98354993
64412.87,1.9572368
64431.12,1.72137052
64378.4,1.10487808
64380.34,0.49805543
64365.79,0.81712959
64356.88,0.00093358
64357.46,0.01142293
64357.47,0.53320945
64354.52,0.12633163
64351.27,0.43309347
64376.77,0.02891609
64353.2,0.31777736
64354.76,0.12449711
64354.75,0.00872903
64354.75,0.41007857
64357.17,0.02849692
64374.84,0.04247604
64396.75,0.02940657
64408.91,0.02235448
64408.91,0.13423917
64419.73,0.22153952
64419.68,1.59431062
64411.89,0.01861117
64393.79,0.00111695
64393.79,0.0093264
64406.38,0.06792722
64409.88,0.28982352
64411.86,0.02137306
64424.51,0.00971936
64435.21,1.18609303
64408.35,0.14153653
64435.68,0.39570855
64402.44,0.85957933
64392.34,0.59121371
64393.75,0.02558888
64397.06,0.02475763
64397.3,0.01970618
64380.35,0.00328471
64364.48,0.18015622
64364.49,0.03624498
64367.43,0.12693883
64371.42,0.01797303
64371.41,0.61629055
64405.6,3.8545539
64371.42,1.42096038
64334.11,0.64837523
64261.0,2.16225408
64249.61,0.19880038
64251.23,1.28847423
64249.26,0.75418092
64265.96,0.26260892
64267.41,0.02303812
64267.34,0.01857557
64290.68,0.01280687
64266.75,0.07681216
64287.28,0.01141462
64277.42,0.00768513
64288.63,0.01004367
64288.35,0.00549687
64261.4,0.16344996
64249.62,0.26867828
64258.57,0.16917402
64282.11,0.10127539
64272.94,0.24532047
64307.19,0.06082517
64289.48,0.20451139
64243.57,0.00878496
64245.97,0.00540293
64253.56,0.04061226
64265.32,0.20293937
64248.12,0.12307108
64246.04,0.02076325
64236.0,0.2980947
64249.92,0.0425629
64259.75,0.18105496
64268.53,0.00614756
64261.68,0.041639
64259.52,0.01477309
64266.5,0.06167213
64243.98,0.12180697
64249.27,1.31601374
64215.16,1.09974572
64216.31,0.5003146
64213.23,0.22834192
64216.13,0.16008815
64229.66,0.06565384
64239.0,2.20623278
64186.44,2.54414674
64201.74,3.85058265
64199.95,9.15016312
64191.91,4.8947008
64171.43,0.4989648
64181.76,0.84399609
64161.69,0.04064547
64194.12,1.64101712
64179.33,0.0093342
64181.25,0.39520819
64200.45,0.41607837
64223.96,0.28830099
64211.0,0.02223956
64211.0,3.33328198
64227.25,0.15856062
64236.55,0.09165641
64225.9,0.02395276
64245.6,0.05727467
64235.04,0.97541442
64191.19,0.09120062
64125.34,0.35321902
64124.78,0.19179242
64130.49,0.02860759
64101.99,0.22217952
64147.98,3.17848853
64127.68,1.71697469
64100.95,1.09082874
64134.21,0.89614651
64100.95,0.23746352
64144.76,0.0288084
64146.71,0.02072135
64149.04,1.2812388
64118.37,1.32003813
64161.45,1.44819316
64194.0,2.16565978
64285.97,1.44592172
64232.18,0.09322549
64268.89,0.5579481
64279.14,0.5470997
64223.56,1.00540059
64169.08,2.0077965
64100.33,2.58287006
64271.46,1.07911984
64221.23,0.95313779
64248.51,0.81606392
64350.84,0.92167425
64353.33,4.24987477
64389.09,1.74771328
64400.0,2.45650896
64386.01,1.66291674
64413.27,1.34679592
64472.37,1.18974665
64558.45,2.20353712
64486.0,0.35156842
64503.94,1.73561463
64379.72,1.13828959
64412.28,1.26668904
64404.42,0.89757099
64318.02,1.40390924
64244.12,5.45342281
64339.23,1.56686091
64487.77,1.41639416
64596.06,3.45433978
64512.04,1.25457332
64504.31,0.07977302
64491.32,0.08413298
64459.32,0.0881134
64512.85,1.43897103
64528.76,3.22324519
64505.75,0.97284599
64433.46,0.06923293
64426.56,0.03327623
64408.9,0.03678688
64369.63,0.27617298
64346.76,0.08354518
64302.11,5.44788453
64218.08,0.28157157
64202.96,0.63420801
64222.1,0.2724818
64270.45,0.53739011
64213.23,2.21161985
64215.58,0.47132328
64221.8,0.48147105
64280.52,0.42003725
64323.56,1.80731686
64273.73,1.81499582
64283.99,0.46881197
64225.0,2.46983576
64125.0,1.76907204
64132.08,6.08128865
64083.55,1.20096032
64129.41,1.02561052
64116.99,1.52821161
64177.44,4.57046736
64128.77,0.40767929
64183.95,0.71846431
64214.73,0.23980911
64080.07,1.80815818
64105.41,0.93953383
64086.01,0.81563328
64073.46,1.30994791
64091.36,1.33925723
64057.41,1.12997836
64033.88,2.77966701
64051.99,1.27298253
64011.95,1.11561504
63989.07,0.36606052
64014.25,1.24466559
64022.58,1.98710301
64026.27,3.17863359
64068.07,3.51951609
64002.04,0.79717532
64055.74,0.56870224
64090.42,0.82564153
64034.69,1.35448091
64125.61,1.92780361
64127.91,4.47271334
64167.73,1.31250463
64094.96,1.56233056
64058.57,1.24967054
64048.43,1.01543598
64034.03,2.17826239
64014.28,0.62902671
63994.13,2.36163363
64043.94,1.00603669
64041.96,1.21989949
64069.82,0.73393638
64047.2,0.83418556
64019.99,1.08013453
64006.04,0.78946211
64062.25,0.92529935
64056.62,0.46167505
64094.76,2.8079179
64072.89,0.82242037
64042.69,0.40833137
64085.37,0.19102619
64053.55,0.1618042
64041.03,0.37180515
64030.24,0.1716388
64060.07,0.27293397
64019.76,0.30836567
63965.08,1.72834149
63884.83,0.90298215
63910.46,0.90787902
63924.24,1.23569639
64000.0,0.77666436
64001.97,0.91175073
63937.99,1.35301814
63945.01,0.89201214
63921.6,1.18569004
63994.14,1.50469364
63987.29,0.9600466
63999.03,0.97619496
63990.83,0.7724952
63968.18,0.8788145
63957.08,2.72952638
63998.89,1.39663096
63967.97,0.98143305
64012.53,1.11510569
64054.86,1.0907886
64032.72,1.62858343
63964.66,1.1998483
63890.45,0.27033342
63917.08,0.24039118
63942.12,0.3362181
63916.76,0.63705817
63883.82,0.44108296
63887.0,2.01400249
63866.26,1.13005761
63891.7,1.13377889
63906.59,1.2970683
63906.04,1.01080849
63947.72,0.39529087
63917.71,1.42815019
63934.69,1.26484177
63915.36,2.44455805
63880.18,2.89806744
63853.28,7.32663537
63842.83,7.70404591
63845.41,6.162941
63831.76,3.37864039
63843.91,0.75642969
63871.93,2.74388463
63900.0,4.00856335
63860.72,1.69135096
63854.47,1.09614751
63838.23,2.59950745
63831.17,0.85526942
63856.35,2.00980088
63859.41,1.1783413
63880.38,1.79000576
63892.04,1.25613184
63900.62,6.69528324
63910.08,1.97910004
63879.99,1.3650881
63878.49,0.47420272
63879.95,2.0309379
63861.6,1.20435005
63899.03,1.00090048
63866.94,0.8003891
63866.3,0.99257514
63845.09,1.50356372
63871.38,1.23373325
63879.98,0.6563003
63902.13,1.06681714
63994.31,1.70208593
63989.19,0.54148976
64000.55,1.49375379
63984.39,0.76015108
63992.83,0.88975225
63960.01,0.3879561
63959.95,0.04720722
63937.43,0.81598713
63955.67,0.60242662
63904.84,0.3106797
63854.18,0.99884874
63898.82,0.46016948
63825.0,0.35487146
63815.5,1.67732618
63785.45,1.2506987
63757.52,0.01697904
63790.49,0.30427534
63797.1,0.12094551
63806.51,0.01566099
63750.01,0.38572976
63713.38,2.56293112
63587.27,2.25159845
63605.59,0.90237305
63591.01,2.34911489
63633.06,5.1802805
63692.82,1.73166954
63624.14,2.64307317
63593.95,0.73779908
63635.4,0.28536255
63607.07,0.06636336
63652.74,0.54211552
63652.6,0.18320629
63669.13,0.03313974
63710.18,0.11420762
63738.77,0.00176159
63728.77,0.02945844
63712.61,0.20333127
63722.34,0.3398135
63733.61,0.07147106
63740.58,0.0780135
63719.99,0.04992929
63754.26,0.18726166
63695.43,0.06018914
63618.11,0.67531789
63650.04,0.19018699
63644.52,0.26058776
63688.47,0.80804126
63668.21,0.61920079
63747.6,0.57327005
63731.63,0.26239933
63758.04,1.77945299
63733.45,0.35080852
63774.65,0.29249847
63720.7,0.73594072
63723.15,0.53159511
63684.11,1.17935744
63691.02,0.07307302
63695.54,0.11771518
63714.63,0.11868583
63735.75,0.03426782
63716.17,1.45918436
63747.4,0.11724559
63710.61,0.70335276
63692.23,0.18447287
63723.61,0.01709111
63688.01,0.40377937
63688.95,0.40221566
63669.05,0.4254989
63642.44,0.05934932
63694.89,0.21735841
63728.01,0.3923103
63782.55,0.16756816
63786.13,0.10861152
63740.49,0.46690075
63735.87,0.26756462
63763.0,0.0307315
63738.77,0.00236646
63760.12,0.02166373
63794.92,0.02730689
63816.27,0.24862074
63844.43,0.96631272
63887.92,1.31432986
63882.03,1.52591482
63846.61,0.24234301
63894.23,0.67869805
63889.09,0.23706237
63890.15,0.22211034
63911.83,1.6161
63967.3,0.18965898
63974.89,1.63062151
63983.0,0.67196789
64063.26,1.49518633
64114.46,4.5432152
64095.72,1.44490344
64127.23,1.40071391
64108.33,0.5573461
64116.93,2.50018395
64186.24,23.24220025
64418.79,10.40320863
64474.37,3.2190507
64414.76,1.46233517
64425.77,1.50704194
64339.44,2.56303303
64315.3,1.43577904
64436.11,4.66582082
64326.21,1.99346502
64394.15,0.65181008
64353.93,2.20327068
64350.77,0.37380487
64392.34,0.61776257
64298.2,1.02721341
64323.01,1.03813995
64259.73,0.89570365
64266.62,0.02370336
64227.64,0.31449234
64220.0,0.24622162
64175.61,2.42174702
64160.03,1.37316286
64166.89,2.94490302
64149.79,0.87027657
64107.41,6.38354161
64054.34,0.33699213
64033.81,2.03524502
63930.25,2.13230184
64000.0,1.00283996
64014.31,0.9725982
64016.36,0.08716927
64021.13,0.4899307
64116.85,4.07054118
63911.0,4.4718084
63822.0,3.78787863
63912.28,2.29593267
63876.99,2.09917883
63835.92,0.55617287
63908.51,0.82595867
64000.0,1.13624738
64065.3,2.30360493
64112.47,6.84956332
64169.35,9.23495806
64251.68,2.06644096
64233.75,2.90057346
64305.12,2.10224721
64325.63,0.96110176
64304.92,0.4327277
64309.79,0.85850759
64343.23,1.05365404
64353.0,0.30307107
64427.3,2.15384909
64397.34,0.75669671
64438.35,0.68167218
64492.28,0.29906615
64545.17,0.37734214
64521.36,0.1633722
64438.04,1.01858207
64392.88,1.02618543
64410.94,0.58220917
64412.2,1.18117349
64426.56,0.41868039
64400.82,0.82068128
64495.55,0.88731068
64478.29,1.59041975
64411.58,0.97075193
64386.58,0.95006919
64368.1,1.51377723
64323.28,2.51603147
64198.4,0.43131183
64195.69,0.53464353
64141.3,0.7967445
64147.17,0.75937531
64237.19,0.1565057
64247.76,0.93160031
64228.62,0.19876443
64192.5,0.421594
64307.67,0.24610764
64297.19,0.59845062
64216.12,0.29471273
64161.32,1.88076887
64184.19,0.20795813
64108.47,0.98740782
64087.98,1.89678236
64074.24,1.57766298
64069.03,0.48900576
64066.96,2.70357753
63990.72,0.84338943
63951.14,0.67524717
63933.93,1.01907865
63904.75,0.29538872
63963.46,0.79758661
64037.11,1.56129261
64017.89,10.18037352
63933.13,2.90591006
63840.91,19.38114533
63885.26,0.63839992
63883.7,0.2372017
63954.0,0.51244842
63928.69,0.66565735
63868.84,1.03418324
63820.65,3.63250232
63845.6,0.21312596
63823.94,1.04022884
63845.84,0.88407997
63871.27,0.4206368
63806.72,1.51246956
63674.38,2.44258975
63665.37,3.89521691
63474.55,0.35930352
63577.7,0.72980143
63650.19,10.7099323
63590.93,2.68750031
63590.86,1.6827991
63566.62,0.75664316
63566.74,1.23049834
63584.84,3.32567173
63587.4,0.24011435
63579.76,0.2970515
63551.25,2.18930382
63523.57,1.76453468
63520.4,2.89941921
63494.65,9.28375368
63458.92,3.61040608
63455.26,0.52973453
63480.73,1.47541262
63441.99,7.30369248
63453.54,0.87077841
63527.15,0.9546981
63478.95,5.17030283
63363.93,0.73073118
63308.89,2.06729835
63396.95,0.19796461
63452.99,0.33015686
63474.79,0.26305024
63530.55,0.14080833
63538.05,0.71375451
63581.34,0.21655638
63606.66,0.67040089
63637.19,0.96866114
63576.52,0.76536325
63567.11,0.39159514
63572.91,0.10366613
63615.09,0.1495196
63592.2,0.4137746
63596.42,0.46701145
63537.89,0.87528056
63500.55,2.24030349
63474.01,3.58010153
63373.1,8.15671087
63403.29,0.48568696
63447.84,1.45182995
63464.51,0.07540223
63450.23,1.39573703
63497.04,1.4919276
63480.64,0.66664361
63511.91,2.36146946
63571.33,2.9576403
63539.93,1.09026454
63561.9,1.50227229
63618.77,0.02477804
63622.89,0.04667637
63651.67,0.66368768
63597.87,0.26567451
63568.28,0.07743235
63587.97,0.03483765
63515.89,1.11949612
63534.07,0.66962856
63497.5,0.03490726
63507.77,0.03165879
63447.5,0.0688592
63451.5,0.15193776
63462.12,0.02446982
63466.51,0.61190176
63487.87,0.11487495
63469.12,0.04689895
63491.65,0.32914055
63436.52,0.67219111
63441.4,0.03124848
63434.87,0.31599383
63410.01,0.88903985
63439.03,0.9978917
63453.14,0.02309551
63404.6,0.21839592
63415.75,3.3201984
63304.21,1.51442215
63253.21,2.88832726
63295.99,0.25975204
63293.26,4.94910801
63290.77,13.39402639
63233.11,1.16472875
63271.61,0.7995424
63371.69,0.16847924
63348.42,1.34604406
63393.23,0.12255655
63401.25,0.41857618
63390.0,0.19580661
63365.77,1.27867457
63336.44,0.26141272
63297.73,0.18095734
63332.1,0.04345
63378.38,0.36087888
63402.12,0.01825473
63397.46,0.02174206
63406.83,0.02196867
63426.28,0.03637985
63430.56,0.0061524
63415.18,0.05839929
63415.19,0.41745493
63453.05,0.12929553
63452.0,1.37113047
63498.27,0.30045476
63492.93,0.00180596
63472.64,0.06363568
63517.73,0.29925335
63516.13,0.10946333
63506.91,0.14467985
63475.61,0.00740602
63484.38,0.48468812
63500.13,10.32943693
63551.63,0.00833075
63534.33,0.6778171
63569.39,0.13588515
63562.67,0.50626912
63518.87,0.46927142
63515.65,0.43166526
63490.49,0.55431796
63482.78,0.01819015
63504.92,0.00955974
63490.93,3.17118889
63600.26,2.8330037
63548.87,0.39904947
63551.91,0.00662868
63570.24,3.96815493
63692.74,0.0904499
63684.28,0.02464961
63667.22,0.02277181
63651.99,0.04021826
63658.28,0.06343541
63700.16,0.08485182
63770.89,0.01717647
63786.72,0.91160426
63801.96,2.55771592
63831.99,0.87061495
63858.52,0.6632078
63875.79,0.54420305
63840.84,0.38565606
63982.15,1.90120317
63962.77,0.80389405
63881.69,0.38304361
63920.88,5.8147474
63894.39,0.19883586
63955.74,0.93390069
63948.85,2.56731714
63998.18,0.63980986
63974.55,0.06585975
63935.03,0.41849934
63893.62,0.41391252
63940.84,1.7860194
63994.45,0.11790049
63984.9,1.87306675
64023.87,0.08162698
63992.93,0.26407077
63984.29,0.03771188
63939.33,0.01063144
63949.24,0.05227057
63920.24,1.7473179
63946.19,0.14674172
63941.91,0.0067275
63942.45,0.00566658
63920.47,0.08991426
63960.75,0.05892388
63891.11,0.74768036
63896.17,0.76214347
63890.08,0.01770806
63875.62,0.12333619
63867.97,0.67237269
63860.85,1.05294155
63869.8,0.83528031
63872.58,0.40613188
63871.2,0.27613797
63874.25,0.00972738
63874.24,0.01262408
63881.2,0.76137204
63901.12,0.96178301
63941.38,0.02673153
63928.88,0.237315
63938.83,0.39832904
63872.8,0.05591358
63860.8,0.00352279
63857.76,5.54462859
63849.17,0.10213907
63849.16,0.56961119
63859.46,0.74035833
63832.58,0.4816195
63840.12,0.63429988
63841.48,0.35363091
63855.46,0.0083974
63855.46,0.16241815
63855.46,0.00659497
63853.35,0.04331653
63853.36,0.78174115
63845.28,0.00117435
63839.53,0.97120253
63843.4,0.73209691
63838.7,0.26305902
63847.17,2.03855503
63826.51,2.21819629
63847.71,0.02934928
63841.48,2.04265606
63881.67,2.8934902
63876.57,0.6948045
63838.47,0.18323929
63814.11,0.73633395
63815.94,0.01507272
63810.03,2.21660169
63834.23,0.00725865
63834.22,1.79128137
63884.91,1.75973669
63904.52,3.36745862
63935.01,1.29011179
63968.01,0.13135106
63956.91,0.0485947
63947.17,0.70988704
63927.02,0.69377629
63940.21,1.16687627
63920.01,0.26586023
63901.47,1.20450085
63918.07,0.94114527
63937.02,0.01252209
63937.03,0.00767781
63924.07,0.03554328
63935.8,0.26041672
63940.0,0.03498522
63940.0,1.81179859
63859.35,1.0719452
63874.75,1.86841277
63905.16,0.44698582
63890.63,0.00891378
63856.9,0.25982198
63858.0,0.75194316
63879.14,0.04327933
63862.05,1.47122398
63884.85,0.73485629
63887.99,1.54144037
63903.63,0.63291274
63913.13,1.06037784
63943.97,0.90794823
63958.79,0.02413742
63922.67,0.00409715
63929.51,0.15258917
63908.79,0.17221796
63915.26,1.31496289
63888.0,0.03173529
63873.56,0.74658933
63885.95,0.97827929
63935.47,0.24705934
63914.0,0.04910367
63903.7,0.96010702
63891.03,0.27206325
63896.78,0.28147939
63894.24,1.54806126
63937.66,0.35441795
63928.0,0.86100715
63911.34,0.86828753
63892.54,0.35511051
63913.92,1.40644618
63914.93,1.24212924
63964.45,0.05281157
63932.26,1.25631048
63953.44,0.25980072
63955.0,0.05606419
63938.53,0.84242323
63963.56,0.69915343
63962.77,1.43970569
63999.99,0.00141271
63942.6,2.18449332
64008.33,0.73983445
63997.63,0.03778155
63970.2,0.76682868
63995.03,0.03477539
63956.2,0.68459659
63930.23,0.27860932
63932.81,0.49864178
63943.42,0.00591436
63929.6,0.25216711
63899.21,0.10493735
63899.24,0.70043532
63908.7,0.33446565
63880.58,1.46738908
63908.7,0.50214176
63915.52,0.01099378
63892.33,0.53265159
63842.34,3.70228931
63775.78,0.00358376
63785.24,1.69128155
63750.36,2.19886658
63762.6,0.37557179
63739.7,0.10574838
63717.08,1.05394035
63731.54,0.81888057
63713.91,0.87930664
63722.18,0.25441154
63707.51,2.9031915
63631.7,0.8352635
63630.07,0.33129715
63603.5,1.35366815
63630.53,0.89940295
63628.06,0.82052911
63618.06,1.00461501
63639.58,0.50537761
63657.92,0.00689512
63596.4,0.85132201
63631.21,0.4064339
63637.65,5.92730782
63542.06,0.37108134
63526.17,0.25699392
63536.0,0.00344671
63533.42,0.58944492
63526.77,1.12572916
63557.8,2.43353886
63605.11,3.94366735
63601.36,0.54189029
63614.44,2.06690602
63667.83,0.85261192
63690.12,2.11589722
63738.98,1.1863386
63673.64,1.18405914
63723.71,0.56955028
63774.62,0.37293935
63763.25,1.57618811
63713.79,0.66094685
63691.07,0.45651581
63688.76,0.63319056
63681.05,0.00055221
63675.79,1.07679239
63614.32,2.58554922
63608.02,0.86316656
63636.27,1.00892937
63642.78,0.32766849
63630.69,0.51029664
63652.96,0.77156609
63645.76,2.21491805
63673.81,0.69561777
63701.58,0.24759271
63707.92,0.43657995
63747.0,0.00470369
63741.39,0.00666233
63728.26,0.00049065
63746.47,0.01674898
63756.62,0.10766152
63753.38,0.38822332
63784.9,0.86773209
63799.01,0.56324584
63854.92,0.21386126
63877.93,0.00951979
63887.19,3.6613854
63935.23,0.01349793
63940.74,1.30911147
63920.71,0.00888121
63920.07,0.5843267
63881.4,0.31664605
63942.34,0.79729411
63974.69,0.10686352
63977.18,0.00135941
63986.54,0.02505803
63981.69,0.48140278
64009.88,2.98292311
64131.5,0.24673176
64126.45,0.3841124
64141.89,0.19105468
64151.16,0.35124853
64116.22,0.0046658
64121.32,1.92302378
64121.69,0.50722026
64167.01,2.00010712
64218.19,0.34530282
64225.85,0.05549041
64222.79,0.14848679
64228.88,0.16691339
64179.94,0.00055913
64179.02,0.10671226
64238.64,0.44481298
64169.74,0.21321421
64180.91,0.51636848
64210.55,0.00425602
64186.13,0.30231193
64207.73,0.02339673
64222.1,0.09115232
64247.94,0.34732997
64275.33,0.25303986
64233.29,0.02117587
64214.6,0.01425884
64230.72,0.81046807
64276.54,0.24990265
64272.67,0.25232908
64246.81,1.41585901
64245.48,0.24094613
64224.39,0.01153241
64240.25,0.0517237
64299.51,0.11351741
64250.16,0.47554646
64275.81,0.55439512
64289.47,0.61124304
64292.09,0.07479899
64266.83,0.00969028
64256.63,0.03103624
64242.78,0.4518489
64242.78,0.30079169
64247.84,0.31362035
64273.35,0.93315478
64264.97,0.128795
64242.99,0.05981762
64213.52,0.40935164
64193.37,0.34901877
64173.05,0.02967048
64169.76,0.71720948
64142.99,0.00426782
64143.25,0.33490038
64145.93,0.02300648
64162.62,0.00250943
64162.61,0.37176536
64178.1,0.32278883
64163.99,0.49005646
64194.7,1.56089585
64223.85,0.01345132
64234.87,0.50868358
64199.5,0.15045318
64206.26,0.01525197
64212.74,0.00694082
64228.43,0.04678412
64168.15,0.099415
64167.97,1.64859401
64195.84,0.00197323
64184.74,0.46612028
64190.03,1.88941321
64166.87,7.872e-05
64166.87,0.0009224
64107.49,0.13055211
64079.28,0.7745167
64089.56,1.12855447
64099.83,0.11606348
64099.63,0.11901701
64119.18,0.00297551
64143.5,0.00310221
64136.26,0.07840045
64145.13,0.00278483
64154.43,0.10035162
64179.41,0.20746289
64173.51,0.81258992
64109.02,0.01133499
64109.01,0.41780599
64082.14,0.9349354
64074.62,0.00210941
64054.36,0.00871232
64054.36,0.03633819
64115.2,2.12954499
64113.18,1.9381828
64194.94,0.16141691
64189.1,0.08721616
64194.6,1.20915706
64136.99,0.10256809
64144.04,1.44806219
64149.14,0.10134077
64122.9,0.62703992
64137.85,0.00080317
64135.49,0.23596086
64155.42,0.00516225
64157.46,0.14155945
64177.74,0.02292333
64173.43,0.00710325
64178.63,0.07533581
64127.57,0.03049901
64103.26,0.10236405
64080.86,0.00415562
64119.61,0.00152043
64116.54,0.00149289
64104.71,1.33452595
64058.13,0.00184947
64061.98,0.0948442
64067.53,1.47539199
64074.94,0.26487578
64086.07,0.02054645
64079.51,0.00229216
64079.5,0.00079445
64079.5,0.212469
64074.88,0.80747545
64091.97,0.25153586
64087.57,0.3323486
64109.36,0.08198567
64116.15,0.01228678
64107.03,0.00948187
64113.0,0.00119248
64124.8,0.10309337
64128.97,0.15738796
64116.14,7.875e-05
64116.14,0.25310292
64122.52,0.1000788
64116.15,0.08285428
64097.57,0.06035952
64080.51,0.05091196
64078.47,0.03192634
64053.67,0.01812275
64068.44,0.01178647
64067.98,0.00585902
64032.66,0.0532835
64058.76,0.00095147
64064.01,0.00917301
64052.07,0.0097992
64048.12,0.12654255
64047.99,0.00566903
64042.34,0.2839519
64029.28,0.02228221
64022.39,0.00708081
64028.94,0.93089554
64026.95,1.38393913
64045.37,0.01032785
64051.99,0.10271188
64049.2,0.00204362
64037.29,1.93561009
64029.06,0.15006031
64019.44,0.05795218
64025.6,0.0223777
64036.71,0.06733483
64020.47,0.02273587
64029.34,0.21596725
64013.7,0.00031252
64013.69,0.00935617
64016.89,0.0860039
64046.56,0.00542617
64015.36,0.29292152
64009.11,0.22524522
64027.36,0.00726939
64040.14,0.00015767
64025.97,0.48444904
64062.02,0.00121648
64062.01,0.07318843
64060.79,0.00742474
64066.05,0.0006293
64016.99,0.00126778
64000.01,0.04829507
64014.51,0.04600419
64030.07,0.00194978
64008.84,0.14443469
64000.2,2.443702
63977.0,1.41709488
64009.25,0.00422071
64024.03,0.73955247
64057.56,0.00523973
64040.06,0.08739493
64004.6,0.07568859
64020.92,0.03950037
64011.76,0.1011361
64011.77,0.36517317
64037.47,0.00269462
64033.14,0.0397718
64011.13,0.11684285
63989.22,0.00291161
63979.65,1.4253471
63936.9,1.31874366
63922.0,0.00748563
63931.53,0.10463749
63928.46,1.11839194
63916.06,1.487302
63876.76,0.01776366
63857.58,0.18731649
63905.04,0.10164072
63933.7,0.01362764
63926.08,0.00125621
63917.32,0.03998032
63918.7,2.69963634
63896.14,2.18976611
63900.77,0.00610099
63894.38,0.10103696
63893.48,0.00303881
63903.92,0.51306767
63895.11,0.05305504
63895.1,0.07110325
63894.84,0.00478485
63884.38,0.00270314
63899.77,0.43567409
63897.88,0.27099138
63872.48,0.00082915
63863.11,1.2664223
63850.02,0.38726558
63828.43,1.54448009
63835.41,0.08478481
63845.44,0.09121482
63862.74,0.68713948
63879.13,0.97383462
63925.24,0.5416177
63932.2,0.21458539
63965.5,0.02208256
64011.12,0.65392417
64053.02,1.375e-05
64038.71,0.30574268
64038.75,0.00285361
64015.32,0.00203154
64012.96,0.105981
64012.96,0.00195094
64002.27,0.59743114
63976.94,0.06221761
63985.13,0.32802802
63991.29,0.06755727
63999.03,1.72693671
64021.41,0.00949023
64034.83,0.00640963
64027.8,2.22619937
64040.26,0.41601919
64045.05,1.0399023
63992.92,0.04846848
63998.58,0.00293142
64006.08,0.00103122
63980.18,0.07919683
63968.13,0.137351
63942.75,0.19015071
63943.01,0.10443384
63905.56,0.13740716
63946.02,0.90080414
63961.15,0.0064724
63944.19,0.00180077
63952.23,0.0715703
63944.19,0.00849511
63949.0,0.00695654
63933.53,0.00703441
63936.74,0.09667101
63977.95,0.00823221
63956.61,0.19798228
63956.3,0.01699702
63975.2,0.00180289
63941.12,0.28796338
63914.66,0.03168623
63908.46,0.0090275
63920.02,0.10145792
63931.8,0.01805677
63926.93,0.01139403
63910.58,0.41621032
63904.3,0.95148083
63912.39,0.01615721
63908.25,0.11022737
63896.16,0.00349565
63892.19,0.00414445
63879.23,0.5087314
63916.68,0.00264661
63905.42,1.5264712
63916.69,0.10751844
63933.38,1.2766044
63977.03,0.0731851
63965.02,0.00910757
63972.68,0.03809377
63972.68,0.00245509
63990.71,0.02889613
63972.68,0.01224776
63973.91,0.00058879
63972.68,0.39223389
63956.01,0.10632955
63925.99,2.32047501
63904.18,1.48773636
63886.66,0.03969858
63909.23,0.01033606
63921.49,0.02903415
63929.03,0.40376519
63910.42,0.01294515
63930.96,0.13934891
63926.21,1.07139239
63916.74,0.08882454
63914.92,0.02642007
63926.86,0.00223402
63926.86,0.03849457
63896.5,0.18919103
63901.42,0.0142536
63920.36,0.00921429
63903.27,2.92255305
63893.11,0.00180197
63887.34,0.00596231
63893.19,0.09896749
63913.51,0.10031492
63897.02,0.01473208
63890.75,0.00152013
63909.01,0.00136711
63901.92,0.07125018
63908.88,0.42303007
63960.56,3.43475646
64029.55,3.19681371
64039.31,3.25850753
64043.17,2.3277738
64007.26,0.08986447
63998.91,0.00137885
63988.41,0.01098819
63973.63,0.0442729
63934.24,0.21464241
63983.99,0.62569595
63973.44,0.01259026
63979.68,0.39822664
64004.94,0.00638587
63985.01,0.10152267
63970.46,0.00370571
63955.04,0.00076871
63945.83,0.04794091
63902.54,0.07814119
63955.41,0.51383062
64045.58,0.0167076
64022.42,0.01632338
64019.2,0.61335232
64003.42,0.40982494
63998.8,0.15794853
64035.19,0.20075263
64005.11,0.18880566
63994.16,0.04799549
63963.09,0.20319382
63972.79,0.00483582
63979.0,0.41241533
63951.38,0.0212813
63930.9,0.73001398
63896.45,0.0030164
63884.99,0.21475602
63894.95,0.02852115
63892.52,0.43309378
63859.35,2.30040828
63915.75,0.14990728
63922.62,0.08334351
63931.53,0.54807034
63940.01,0.08562815
63939.27,0.0625078
63933.31,0.08311382
63953.44,0.08548206
63953.24,0.10676944
63930.65,0.05103592
63920.65,0.02337408
63925.17,0.01149702
63927.5,0.01020747
63915.68,0.19930591
63901.14,0.77272817
63901.14,0.01357257
63908.02,0.48974304
63944.02,0.42760455
63924.13,0.10275946
63909.96,0.50884989
63891.34,0.74192804
63899.95,1.94070557
63920.68,2.52710114
63921.0,0.54500697
63915.13,0.00462254
63915.14,0.36583536
63945.37,0.78539832
63907.22,0.24778814
63937.08,0.08785489
63952.18,0.03528793
63935.92,0.01155214
63935.02,0.01341924
63954.35,0.22121061
63924.95,0.0623437
63932.9,0.00574018
63936.69,0.24683968
63968.01,1.82540651
63950.16,2.2208878
63910.0,0.2996272
63923.14,0.30837581
63939.38,0.68462216
63953.32,0.35141818
63937.56,0.05118701
63931.61,0.14065884
63978.43,0.00182122
64002.36,0.14837754
64002.36,0.40230154
64082.34,0.14027614
64114.37,0.1429679
64158.43,0.03444869
64153.77,0.3271513
64188.59,1.29964743
64180.39,0.00083075
64190.0,0.07314858
64202.34,0.10509131
64226.73,0.36843573
64229.95,0.38081808
64197.8,0.13101814
64180.0,0.52495452
64175.21,0.10758504
64203.25,0.01426562
64200.2,0.76471656
64171.98,0.52927321
64163.45,0.58010952
64148.28,0.73243076
64191.98,0.63787247
64189.96,0.10383916
64229.99,1.2163948
64253.8,0.20431085
64254.3,0.01351923
64240.04,0.00349652
64242.42,0.00757434
64220.94,0.00803203
64231.37,0.00486362
64240.01,0.06294053
64233.41,0.70934589
64218.0,0.76962913
64216.1,0.04201103
64208.37,0.71463278
64200.02,0.00156653
64209.1,0.01534139
64209.1,0.02166987
64218.38,0.19032076
64210.43,0.03614886
64193.6,0.10660209
64216.0,0.03355476
64208.57,0.33902098
64192.03,0.34730844
64216.07,0.66593669
64201.57,0.48004673
64214.99,2.74496713
64232.07,1.1319312
64237.14,1.39037489
64249.72,3.01985447
64213.7,3.60945231
64232.15,1.48712813
64274.07,2.10801516
64299.74,2.37522343
64311.43,1.64956429
64300.64,1.49966525
64323.26,2.42906456
64324.12,5.33161187
64338.24,1.03349876
64313.81,4.21535767
64331.45,4.21944111
64401.79,1.48226125
64407.35,1.92380092
64398.22,1.73626475
64409.08,1.18385003
64412.87,0.28249147
64398.08,3.07832202
64432.19,1.78560886
64424.34,1.07842976
64406.78,0.5818145
64426.33,1.20828331
64429.94,1.51832535
64433.93,1.1843643
64454.77,2.22244518
64517.42,1.51316949
64480.79,0.88009522
64505.27,0.46790645
64505.27,0.32619446
64510.63,1.33202081
64491.8,1.71950026
64480.87,1.39586194
64523.59,0.51460472
64523.52,1.43462388
64499.41,0.20207379
64505.81,0.06168922
64510.06,0.63479853
64526.85,0.30151095
64542.91,0.23983773
64520.54,0.30313986
64515.47,0.36617728
64498.37,0.01038981
64502.61,0.05765926
64490.9,0.09612661
64490.9,0.98414991
64490.9,0.13013231
64497.6,0.01102416
64497.61,1.6868247
64498.2,0.08469413
64496.62,3.40025807
64482.95,1.20692775
64482.03,1.19795152
64508.86,1.14697906
64510.42,0.23076536
64499.44,0.41190253
64504.75,0.10534508
64511.01,0.51797928
64514.94,0.6785071
64533.41,0.88836795
64533.48,0.06860572
64527.97,0.28144467
64518.54,0.00180638
64518.54,1.5388587
64508.64,1.35504356
64489.02,0.03578432
64489.02,2.88560504
64502.99,0.4203649
64518.65,0.37384077
64526.84,0.01079078
64526.84,1.08223493
64524.67,0.4511475
64527.99,0.53542718
64541.6,1.33832802
64531.12,0.27371323
64538.42,0.12247112
64536.81,0.17148078
64539.5,0.01074015
64539.51,0.01797682
64535.77,0.01357578
64537.0,0.00049353
64537.0,0.00616216
64537.0,0.01752736
64536.33,4.66524407
64504.47,0.0536902
64500.0,0.00485425
64500.0,0.319901
64490.01,0.9476152
64479.53,2.03409804
64483.18,1.36139634
64486.93,0.15613804
64492.41,0.09556575
64517.2,0.39410138
64510.06,0.55259103
64511.68,0.60115705
64542.7,0.10137427
64532.67,0.33416194
64535.29,0.06939239
64527.46,0.00283151
64529.95,0.01632203
64529.96,0.44108378
64514.01,0.01544927
64514.0,0.53321891
64497.72,0.19170529
64498.1,0.38448044
64498.14,0.14916134
64486.35,0.85092397
64490.16,0.49264909
64497.61,0.4342327
64497.61,1.16601065
64498.24,0.05413933
64493.13,5.68309256
64476.41,0.75838942
64460.36,0.24414946
64458.0,0.06674936
64456.35,1.51832138
64497.93,0.56305555
64482.98,0.02020378
64486.65,0.48390494
64496.33,0.97168859
64513.59,1.79909694
64541.82,0.27291288
64543.78,0.00858908
64538.32,0.90393583
64546.34,0.23262262
64523.38,0.33372756
64523.37,1.12137934
64528.5,0.49237349
64541.7,0.45514075
64566.82,1.65732584
64566.85,1.04121119
64540.58,0.83081158
64522.47,0.332703
64493.82,0.29425164
64493.81,1.35322917
64493.81,1.48731287
64511.5,0.23891468
64501.51,0.00039144
64501.51,0.01114845
64493.81,0.00179479
64495.74,0.00278409
64495.74,0.00655244
64495.74,1.14164149
64496.52,0.11663056
64483.82,0.00327725
64483.82,1.30452744
64477.12,0.00234951
64477.13,0.21859741
64552.52,2.65798853
64607.45,0.23864704
64619.26,1.53013869
64570.96,4.01548157
64573.39,1.38310818
64585.24,0.35025764
64576.47,0.78405203
64584.28,0.6252141
64586.97,0.25749319
64586.57,0.20270775
64573.3,1.87814996
64576.72,0.10681981
64584.44,0.00114688
64592.08,2.91879019
64765.61,1.44380667
64753.41,0.49795333
64736.86,0.16508231
64741.86,1.21372295
64774.22,1.16398599
64747.84,0.02397701
64715.46,0.00922383
64725.54,1.73327012
64710.31,0.11412412
64710.32,2.46781329
64716.07,0.07615661
64708.03,1.09190164
64744.06,1.03347791
64798.26,0.97160203
64775.13,0.08498397
64776.66,1.34600379
64783.46,0.97194581
64799.59,0.55263721
64819.43,0.67697391
64824.24,2.04579233
64827.94,0.19709345
64842.98,1.21094175
64883.0,0.88491587
64883.6,1.57170341
64918.83,0.68247771
64910.77,0.48484367
64849.39,0.66598466
64831.83,1.73337463
64849.08,0.26660235
64835.62,0.89583289
64796.29,0.29509637
64826.27,0.21295602
64811.41,3.02417622
64870.71,0.18453849
64877.92,0.48542877
64862.83,0.66895281
64865.22,0.83607578
64837.68,1.77822034
64804.87,2.12962209
64808.23,2.94515634
64807.98,1.0014911
64785.66,2.00221139
64794.89,0.54434329
64824.52,1.26538647
64824.86,0.51360905
64835.85,0.54264196
64830.84,0.08161834
64830.85,0.03184533
64835.97,0.78193145
64784.24,0.69173599
64762.82,0.1575845
64813.14,0.24313452
64789.5,0.00292443
64780.0,0.63925199
64766.78,0.42886999
64774.64,0.41852258
64771.94,0.65794269
64782.2,0.10922112
64808.97,0.19291101
64789.45,0.24817626
64815.28,0.05853984
64810.56,0.13687869
64810.87,0.17719072
64817.84,0.38063233
64826.37,0.5247013
64826.37,1.09678431
64838.27,0.70883892
64855.55,0.54852865
64858.68,0.21881603
64847.47,2.88812348
64827.65,3.1500883
64832.4,5.56001876
64797.68,3.882267
64782.42,0.55802015
64800.4,0.25102507
64819.14,0.30007017
64842.38,2.05649594
64803.03,0.02771878
64798.69,0.04031447
64798.7,0.0345104
64779.5,0.23017359
64763.48,0.19110965
64777.56,0.56965906
64792.57,0.43387161
64762.02,0.12242847
64749.93,0.11660279
64752.59,0.02664215
64778.57,0.03143913
64770.37,0.04943769
64757.48,0.23659358
64744.3,2.00315932
64743.73,1.01378798
64751.41,0.27108462
64768.97,0.01460006
64776.47,0.47783308
64793.97,1.0509001
64777.44,0.03614181
64764.92,0.52888093
64752.65,0.49575602
64752.65,2.02603546
64735.34,0.42957775
64722.41,0.71143603
64692.75,2.09849967
64700.71,1.86318899
64653.87,0.36326819
64635.27,0.75585658
64668.19,0.70977435
64675.98,0.29169557
64646.77,0.1394517
64662.85,0.54958753
64653.05,4.91375629
64721.57,1.44368827
64844.08,0.27785055
64840.68,0.77538522
64933.91,4.5594929
64938.28,13.32825194
64946.14,2.9937661
64944.62,2.01122545
64983.3,2.3712728
65056.73,14.74164571
65046.57,2.75328703
65023.66,1.44828335
64991.48,1.11861627
64976.34,2.52702358
64933.37,0.39537081
64981.19,0.16308893
64978.83,0.15731238
64974.53,0.2704423
64968.16,0.9012691
64954.46,1.27633112
64973.27,1.27146372
64905.04,0.594246
64900.44,2.45320566
64861.35,0.64499975
64839.38,2.01436867
64769.2,0.6342874
64749.27,6.70207269
64720.07,12.11557319
64682.31,14.5471549
64705.38,9.73656242
64662.11,2.82215537
64696.73,0.62489423
64687.14,0.34061046
64671.42,0.35568918
64663.1,0.4575501
64673.82,0.04032242
64705.53,0.79109735
64649.45,0.48503166
64578.15,0.1875781
64584.88,1.57324964
64580.05,0.64139818
64577.34,1.65187829
64649.58,0.02784362
64663.84,0.11647727
64693.74,0.0242137
64697.37,0.21177987
64727.36,0.62647115
64736.03,0.37208444
64747.9,9.68871072
64708.98,0.03355447
64739.4,3.66879386
64784.39,7.63833909
64764.93,0.22194379
64738.65,0.57602552
64738.39,1.6066183
64660.01,1.85065202
64744.33,0.40000526
64768.1,0.39853086
64717.37,0.067726
64746.91,1.23860891
64761.37,0.08230156
64758.24,1.20947538
64738.3,0.94577052
64756.28,0.4842327
64735.95,0.53673156
64718.62,0.12796093
64702.86,2.43793776
64704.87,0.36260846
64686.38,1.30287669
64728.23,1.98936926
64738.02,1.63775524
64723.48,0.20780672
64748.4,0.17659339
64740.55,0.0945967
64662.18,0.18096432
64625.85,0.68513345
64607.35,1.00946625
64580.32,0.03594115
64605.63,0.28119766
64610.93,0.54699034
64572.42,0.03344491
64564.13,0.02623065
64638.29,1.13758809
64666.73,0.63479426
64682.37,0.57457784
64693.97,0.27290512
64672.13,0.25936628
64649.2,0.36149431
64696.95,0.21277477
64757.26,0.10334299
64657.2,0.62631494
64631.73,0.34039135
64642.23,0.01927364
64642.21,0.73855267
64659.5,6.55087751
64670.18,0.13716818
64671.56,1.65165258
64657.72,0.41169191
64705.06,0.127189
64709.15,0.60664566
64728.86,0.41429571
64815.0,0.33339409
64798.48,0.47477918
64728.62,0.96090693
64725.47,0.42191143
64676.2,1.04410026
64683.09,0.26323415
64659.87,0.63412869
64629.33,1.85913455
64620.95,1.62847583
64600.0,2.90160924
64575.51,3.37547958
64585.54,1.2765146
64604.0,1.3601053
64613.62,1.18532003
64617.96,1.1142635
64657.62,0.64200893
64617.23,0.88505743
64628.68,1.36933511
64652.31,1.70683489
64646.11,1.19114507
64658.82,0.87380684
64662.53,0.96090992
64690.83,0.5601121
64698.31,0.54588229
64703.0,1.10354478
64726.67,0.62033211
64682.78,1.11452581
64677.72,1.57467021
64706.77,1.38576191
64669.09,2.59958648
64653.05,1.33147788
64642.97,5.02733638
64637.09,0.55163027
64662.06,0.29707212
64650.54,0.84774642
64638.86,1.61771088
64638.87,1.49987217
64656.27,0.96124632
64659.04,1.05069172
64674.73,2.41026969
64683.99,1.17016341
64700.58,1.01917353
64750.2,0.09874778
64758.71,1.05531758
64785.27,0.72133864
64794.49,1.14221261
64792.0,0.8533342
64784.04,0.29873068
64777.07,0.29649374
64776.75,0.82449063
64817.87,1.63318198
64852.49,1.06381017
64878.13,3.27010186
64870.82,8.75096504
64840.87,1.56537497
64826.4,1.07964737
64853.0,0.72096984
64852.63,0.96484938
64831.69,1.2211312
64812.18,0.8994576
64805.29,1.17021717
64783.59,1.35766393
64793.04,1.55291196
64782.97,1.14651235
64800.56,1.17759078
64804.1,1.41594396
64808.99,1.43304818
64826.97,1.57121823
64820.4,0.74902004
64774.38,0.5439225
64779.57,0.64495225
64796.72,1.81699342
64808.02,1.47530387
64808.35,1.2042965
64791.36,1.29875528
64833.57,1.49307313
64811.71,1.2119649
64796.23,0.93165745
64797.4,0.65344934
64729.03,0.6436029
64729.03,0.90804287
64722.25,0.75999117
64704.69,0.75705751
64704.15,0.88072201
64726.98,0.894033
64737.05,1.22177371
64731.01,1.51620622
64741.19,1.12456113
64741.2,0.97775015
64727.54,0.91921303
64747.94,0.85702391
64766.72,1.26876418
64758.94,1.3315816
64766.0,0.51293894
64775.99,1.30442727
64767.65,1.03517335
64758.94,0.93727713
64752.6,0.99911573
64752.25,4.06691429
64759.17,0.93354964
64802.63,0.94129663
64776.37,1.30266183
64772.76,1.06046383
64774.04,1.31107885
64779.67,0.61224629
64788.69,0.50910231
64760.81,1.15321642
64772.76,4.00447472
64762.57,0.95878772
64784.13,0.97187973
64732.85,3.61916585
64705.8,0.94094231
64717.46,1.51431281
64735.28,0.54352184
64727.64,0.80104849
64734.48,0.70039611
64778.17,1.11632715
64775.05,1.02574801
64826.64,0.87970763
64866.0,0.62201505
64856.64,0.82996569
64838.89,0.8993797
64893.71,0.58298574
64878.91,0.72150179
64853.7,0.70984704
64851.15,0.71159036
64874.76,0.64957288
64889.17,1.18179357
64881.23,0.84532296
64882.54,1.53967142
64851.84,0.68595789
64845.19,0.77357636
64830.76,20.61538937
64797.89,3.01290871
64826.64,2.29897541
64849.56,1.92736431
64814.74,1.8635862
64800.0,0.79706877
64811.06,0.31863939
64826.84,0.00314399
64857.87,1.43716273
64881.93,0.2681477
64907.89,0.45485536
64891.16,0.11303717
64883.28,0.20221084
64890.78,0.09300151
64872.39,0.20162926
64873.65,0.06027495
64845.4,0.42305138
64830.68,0.8296377
64851.64,0.22182639
64827.06,0.55013148
64812.08,0.12292289
64807.21,0.71131642
64807.21,1.1148072
64792.84,1.89653046
64807.21,1.39865112
64804.16,0.02862916
64804.97,0.89812181
64804.98,0.62807556
64801.67,1.60038505
64799.09,1.24909157
64805.76,0.9216497
64802.05,1.2917844
64810.4,1.86791973
64835.11,0.56711135
64804.08,1.99449643
64791.8,1.342128
64779.97,1.1025383
64769.21,1.01085044
64768.02,0.98953756
64760.54,0.52734092
64754.65,0.52349453
64755.71,3.37750221
64721.36,0.89751961
64713.19,0.86736137
64696.66,2.66817511
64721.13,0.85859512
64717.79,1.22521229
64718.68,0.36865025
64726.21,1.32198209
64725.12,2.6615956
64726.0,1.74589582
64733.54,1.14405852
64739.97,1.74234213
64734.75,1.12843486
64744.96,0.82321504
64749.39,6.57220717
64731.35,3.97738726
64736.43,6.18753279
64742.92,1.42375807
64720.01,1.55556076
64712.66,0.95603983
64704.85,2.10447178
64709.99,0.95216411
64695.79,0.36729563
64648.37,0.11282109
64661.87,0.79734875
64650.11,0.41655273
64661.53,0.66677519
64664.75,0.49006011
64661.38,0.33882121
64660.49,0.45253602
64660.49,3.11449983
64660.48,0.36575759
64670.33,0.61240627
64668.63,1.55860293
64640.2,1.47833708
64640.18,0.06647321
64640.19,0.01461278
64640.19,1.3235557
64633.5,1.55688205
64630.0,0.18846448
64622.68,0.29904911
64623.08,0.45452451
64625.17,0.01622711
64629.94,4.12030788
64635.47,3.70586156
64632.94,0.8856158
64643.07,0.8967858
64653.65,1.04768212
64663.28,1.83272801
64712.54,0.02499579
64712.53,0.00844581
64703.19,0.43776656
64773.86,0.69173396
64751.72,0.04283575
64767.46,0.0492556
64765.22,3.97308632
64776.88,1.32594086
64792.42,1.55163571
64789.83,2.72307846
64776.94,3.38722699
64764.62,0.12793033
64746.63,0.41783122
64755.59,0.52158181
64770.49,1.82101695
64790.28,2.14295005
64769.0,1.80049346
64767.8,0.87637373
64787.86,1.07492176
64754.59,0.45582372
64764.5,0.40867745
64779.2,0.59645444
64802.48,4.33776193
64829.78,0.7115778
64829.99,1.13508818
64818.64,0.235282
64819.21,0.50784293
64817.85,1.60660031
64777.02,1.21761347
64758.51,0.1243627
64772.84,0.26828111
64790.05,0.88242444
64805.02,2.92375157
64790.98,1.80414834
64777.47,0.4765603
64781.81,2.8626569
64788.94,1.21804277
64792.23,2.11498305
64780.03,3.86949333
64762.98,0.06799933
64776.48,0.58751539
64768.35,0.38405277
64763.05,2.01398313
64739.84,1.8771168
64730.02,0.73817161
64725.49,0.86519615
64716.34,3.98221945
64764.92,0.12279169
64791.98,0.42254488
64765.57,0.29261798
64761.11,1.64791792
64754.43,0.15342716
64739.47,3.84935681
64734.36,0.34354826
64715.77,0.55780436
64725.89,3.56050991
64739.0,1.87462183
64718.73,6.34836623
64871.07,1.58722523
64851.77,0.24431384
64844.39,1.05819348
64838.68,1.86830943
64837.96,0.72463825
64792.79,2.4114567
64792.81,0.14073899
64759.32,0.02617168
64753.14,2.95527899
64746.27,0.82956976
64726.95,0.81282414
64730.96,1.29815254
64725.27,0.00099475
64725.26,0.26570836
64717.74,0.037248
64709.29,0.02846726
64709.3,1.53187249
64737.3,1.13536156
64752.38,2.1337626
64774.84,0.05111896
64772.69,0.57798321
64808.71,0.00775347
64804.83,0.11059273
64800.95,0.07405203
64779.26,0.53329958
64772.91,0.19439041
64767.13,0.37954282
64754.77,8.04185094
64722.95,6.37107465
64708.41,0.45232308
64691.59,0.01075461
64723.74,0.00613847
64723.74,0.00637738
64735.28,0.51995974
64726.01,0.40920489
64717.86,0.13323937
64724.08,0.00602365
64735.27,0.00378398
64724.07,0.76442998
64771.67,0.05880622
64791.98,0.05710393
64814.25,0.13845589
64778.87,0.01054224
64805.73,0.31175788
64786.12,0.37587003
64764.75,0.18151928
64764.74,0.0332034
64796.53,0.90230085
64792.66,0.02796781
64773.6,0.00343806
64773.09,0.64007237
64757.87,0.01165477
64759.81,0.01150198
64759.8,0.01413833
64758.79,2.13769819
64741.88,0.11080922
64718.71,0.81478616
64713.95,0.18224872
64709.65,0.6743042
64717.87,0.79964741
64729.99,0.7630469
64726.07,1.1821654
64740.27,0.25727816
64735.51,1.02368433
64713.02,0.05371664
64700.1,0.42073187
64709.37,0.01914012
64709.38,0.03962281
64709.37,0.00461405
64709.37,0.05873813
64709.38,0.00328654
64700.1,0.39438528
64667.17,0.49039201
64682.98,0.00219961
64682.92,0.00528576
64682.91,0.00090904
64682.91,0.03352752
64682.92,0.17250643
64682.91,0.03221647
64682.92,0.28986317
64682.92,0.3582405
64691.99,0.00343581
64691.99,0.00695258
64684.6,0.05513501
64684.61,0.00182682
64684.6,0.01732689
64684.61,0.13947621
64684.61,0.03137916
64684.6,0.00823779
64684.61,0.00652983
64684.6,0.02417516
64684.61,0.02523415
64684.6,0.02438863
64684.6,3.77828878
64685.74,0.03380125
64685.73,0.00424279
64685.74,1.82574658
64697.06,0.05390708
64705.86,0.6281407
64710.82,0.4895464
64720.13,0.01407349
64717.79,0.0455603
64710.82,0.54227431
64694.78,0.59508377
64692.77,1.7218634
64706.4,0.40844791
64686.85,0.17133453
64680.13,0.1895322
64672.2,0.02349388
64673.16,0.00310945
64673.15,0.07425969
64664.61,0.00796954
64663.97,0.00264288
64662.28,0.18225171
64667.46,1.49002798
64645.0,0.34974414
64672.28,0.04408687
64676.17,0.00143903
64664.02,0.49066101
64641.76,0.82921087
64694.38,0.11710694
64704.69,31.59838763
64741.55,0.53375366
64734.63,1.17009509
64768.61,1.07457318
64793.02,1.68262866
64816.02,3.46283621
64870.47,1.53313384
64875.71,0.76088017
64906.25,1.13503608
64898.89,1.38807481
64861.57,0.07999534
64841.37,1.25415775
64863.96,0.33419232
64873.79,0.24346182
64885.53,0.28748186
64873.65,0.18827522
64837.9,0.04352634
64837.9,0.09677596
64835.88,0.28307976
64838.05,0.78160016
64865.66,0.2760363
64842.31,1.89794321
64846.27,1.26096548
64855.28,0.17066416
64880.45,0.70716109
64887.59,1.90809673
64926.89,1.44952852
64933.25,0.60346425
64927.18,1.2515802
64877.88,0.16871133
64862.04,0.04989299
64862.04,0.16357861
64876.13,0.69973704
64868.67,0.0628871
64857.97,0.34730703
64867.82,0.01551033
64845.23,0.54874144
64840.0,0.42015453
64823.73,0.18645697
64840.01,0.04745003
64836.62,0.21900049
64849.11,0.33874889
64852.86,0.01926719
64852.85,0.0297071
64835.66,0.04679158
64815.01,0.11807657
64810.94,0.07730784
64816.9,0.01592713
64816.9,0.47961178
64813.21,0.68542704
64815.51,0.00418716
64815.51,1.48462619
64812.08,0.05370375
64800.01,0.03711452
64800.02,0.22987534
64788.2,0.16263409
64779.53,3.04471649
64783.06,0.62620589
64764.9,0.50421539
64801.01,0.25349971
64783.51,3.628037
64806.0,0.07096905
64796.6,0.19904545
64818.04,0.01666063
64840.35,0.071743
64857.4,0.1185642
64844.57,0.0987945
64836.65,0.54483067
64824.12,0.44881035
64854.92,0.20764411
64866.81,0.10490638
64858.19,0.08507549
64872.31,0.01819576
64872.31,0.08050272
64874.13,0.00247197
64854.97,0.21182421
64869.63,0.27743319
64861.92,0.11056351
64847.58,0.00947831
64847.59,0.01400805
64852.52,0.0075659
64841.45,0.1788778
64861.94,0.10494212
64861.94,0.04502495
64845.82,0.00705216
64842.43,0.0353028
64842.42,0.12005125
64866.44,0.00358464
64863.51,0.74788587
64883.57,0.74226118
64918.68,0.18791731
64961.93,2.65228524
64999.93,0.17533225
65016.78,0.04469675
65026.43,1.00346054
65020.32,0.06898264
65020.31,0.00343945
65021.27,0.57997265
64930.89,0.61679872
64903.9,0.46019789
64848.44,0.8910289
64821.29,6.25160012
64752.23,1.38089599
64782.35,0.00100676
64798.85,0.02037573
64813.46,0.00342797
64821.26,0.00071893
64821.42,1.25708315
64685.0,0.78161064
64746.03,0.51904645
64747.98,1.07723966
64707.47,0.00210457
64717.78,0.00059139
64730.09,0.00551324
64733.02,0.00522738
64715.05,1.53231368
64712.84,0.07723182
64716.76,0.19914053
64761.91,0.00241296
64749.68,0.01900522
64763.09,0.03144924
64799.79,0.00150782
64808.32,0.99736145
64817.21,0.11822722
64794.27,0.08452228
64776.32,0.14215467
64761.83,0.72353274
64725.5,0.24938463
64719.11,0.08351291
64723.06,0.06787869
64727.39,0.00371805
64727.4,1.96468952
64754.35,0.00877068
64760.7,0.20652739
64749.55,0.0592505
64730.01,0.04142108
64720.31,0.00374667
64713.42,0.15617666
64715.28,0.32930412
64697.72,0.00143152
64697.72,0.00261445
64735.97,0.65817353
64702.95,0.21823508
64701.94,0.13847503
64696.39,0.01029433
64677.89,0.23448391
64681.28,4.57935131
64711.76,0.29801301
64738.49,0.08366363
64728.38,0.13516723
64693.62,0.00282226
64696.42,2.69769177
64716.79,0.2523905
64721.03,0.22325827
64709.29,0.00224546
64723.94,0.56494784
64754.6,3.00224454
64706.49,0.01890122
64698.58,0.06688508
64699.18,0.03249801
64720.77,0.04416605
64734.05,0.54000904
64735.34,0.15113603
64735.34,0.175179
64693.04,1.11967814
64713.39,0.37593999
64712.98,0.28438778
64686.68,0.46193706
64693.39,0.22582127
64655.01,0.01889483
64642.67,0.44502425
64645.23,0.32373794
64633.0,1.48667946
64661.56,0.3826358
64646.46,0.00367783
64629.64,0.16532621
64632.07,0.37697727
64662.53,10.5803887
64763.38,0.97569093
64809.31,0.93176909
64873.44,0.27968333
64856.46,0.61719302
64888.52,0.20101549
64900.85,0.22612311
64914.21,1.36559013
64943.85,1.75295538
65050.01,5.55480554
65267.65,3.82935445
65292.12,3.62266951
65221.0,2.24079403
65241.02,1.99839225
65127.25,0.9929541
65124.45,1.1435834
65077.88,1.22372219
65046.09,1.80972593
65077.89,1.15859016
65075.0,1.66773752
64992.95,0.81871559
65006.55,0.30895023
64985.95,0.18145142
65005.32,1.94265121
65020.66,0.90435397
65039.0,2.43863775
65089.99,0.50586796
65111.17,0.45326257
65092.33,0.65143452
65119.45,1.57891019
65114.61,0.29943477
65077.26,0.11734471
65038.67,0.48967219
65003.35,0.00040301
65003.36,0.03885745
64985.32,0.00213939
64939.95,0.90863471
64909.11,0.56038687
64859.97,0.00046709
64886.84,2.0309802
64856.19,0.00326926
64854.01,0.00344491
64855.06,4.62275361
64842.14,0.30915803
64783.55,0.10493114
64763.01,2.88927217
64770.89,0.30585165
64700.0,1.74919644
64567.28,0.7153283
64551.84,1.25341139
64545.85,0.96397177
64505.62,0.75110985
64540.73,6.94113173
64561.49,0.55747909
64544.01,0.68310451
64491.34,2.06697491
64483.99,1.26561586
64513.33,0.00617021
64528.92,0.10456145
64479.36,0.00099805
64498.29,0.23045293
64483.07,0.06145125
64465.28,0.4387955
64420.41,0.07750987
64398.12,0.01169569
64449.27,0.08616768
64496.8,0.93677053
64498.79,1.16323468
64516.04,0.44755162
64526.28,0.50546434
64538.29,1.2036028
64486.12,3.19248593
64491.84,1.38398885
64491.84,0.59212049
64467.74,0.01992569
64420.95,0.81428106
64377.84,0.58614655
64353.63,2.00228003
64333.07,0.19123377
64368.19,0.03621113
64344.07,0.12629765
64337.45,0.00575746
64360.33,0.06281315
64332.99,0.01170991
64336.86,0.11265669
64321.17,0.10611002
64321.16,0.001406
64318.37,1.04713315
64347.19,0.10309591
64349.0,2.63325836
64281.53,2.77826732
64316.18,1.19390347
64328.06,1.47747875
64334.3,0.0007869
64324.7,0.08524847
64300.0,0.01978289
64245.42,0.0795862
64250.0,0.77894363
64232.92,0.5085844
64245.41,0.08674419
64224.41,0.87365605
64219.59,1.01899743
64200.0,0.77327158
64154.2,0.27175073
64181.34,1.83700806
64160.31,0.18695298
64179.93,1.82708643
64239.99,1.42789071
64286.78,0.00454358
64267.02,0.46921141
64247.27,0.02173089
64241.94,0.21880604
64219.07,1.44620536
64243.47,1.02631556
64266.93,0.05174159
64249.99,2.44029534
64194.62,0.16284814
64201.12,0.26684132
64210.0,0.25059031
64217.88,0.00581587
64222.35,0.08860922
64210.0,0.23114135
64167.58,0.68699752
64181.25,0.35628848
64199.48,0.43407521
64189.17,2.36973539
64138.91,0.44279818
64158.63,0.39379379
64171.69,0.00026699
64171.7,0.19261732
64176.64,0.52983369
64150.5,0.01645455
64151.85,1.98752364
64182.89,0.82955481
64155.77,0.73913393
64187.15,1.52027446
64187.77,0.03395829
64229.89,0.68585984
64245.2,0.00517416
64245.2,0.02358109
64268.03,0.8548189
64278.64,0.60967682
64312.94,0.35208442
64302.01,0.52589376
64327.48,1.38361277
64333.76,0.69936488
64334.38,0.00041055
64334.39,0.27327335
64290.7,0.1225066
64309.67,0.0009611
64309.68,0.56489652
64327.47,1.02008931
64327.28,0.0016223
64296.7,0.30577747
64280.09,0.42556809
64290.01,0.24648657
64293.09,0.00032955
64298.25,0.88016465
64262.99,0.28597111
64226.38,0.53505288
64242.91,0.94924754
64258.31,0.27878021
64259.56,1.82093711
64316.24,0.0578271
64309.62,0.25087571
64317.9,0.83201197
64322.58,0.06686111
64311.41,0.16112459
64301.01,1.39261962
64294.48,0.1270704
64277.05,0.00452273
64279.09,0.20875119
64300.27,0.46275585
64321.99,4.40161072
64360.99,0.47779817
64372.05,1.71987218
64323.04,2.73685935
64328.28,2.89599105
64325.14,0.51300613
64296.23,0.43582892
64293.76,1.52935406
64313.43,1.03239896
64305.28,0.70784592
64319.84,0.76831785
64342.61,0.55393361
64355.06,0.17285922
64355.06,0.01498199
64335.09,0.0524093
64288.64,0.02855019
64331.36,0.32615156
64332.67,0.05859551
64320.11,0.26439707
64296.26,1.0455539
64322.72,0.01404429
64292.13,0.42234218
64295.78,0.41858848
64295.79,0.13143296
64295.78,1.46164316
64233.0,0.82699635
64222.0,0.04090867
64232.55,0.15583539
64216.01,0.15858613
64203.88,0.00074582
64196.08,0.73540052
64170.18,0.00605481
64170.18,0.97328286
64190.56,0.31985922
64225.12,0.10274192
64246.94,1.37822843
64246.91,0.10234141
64258.02,1.65406691
64283.14,1.29005281
64246.82,0.00023591
64242.62,0.13618962
64263.64,0.03378299
64260.26,0.01047332
64262.57,0.00347271
64269.99,0.31730139
64244.23,0.00933908
64251.16,0.10866462
64244.25,0.01088695
64226.66,0.00056547
64222.12,0.04542697
64237.01,0.01186219
64237.22,0.00112728
64237.23,0.15328689
64255.7,0.28743252
64253.14,0.0003338
64253.14,0.02759893
64235.0,0.11136525
64227.55,0.01128641
64227.56,0.01268488
64227.56,0.01324482
64227.56,0.22332407
64242.62,1.51876669
64245.24,0.94937107
64260.19,0.01406711
64244.36,0.02500953
64244.71,0.00904155
64245.99,0.12187826
64240.01,0.68138914
64291.24,0.43597384
64300.32,0.03263388
64323.7,0.43120498
64329.16,0.04891563
64335.96,0.06055687
64335.97,0.56050478
64294.81,0.98946668
64315.65,0.28999087
64307.37,0.06430869
64311.55,0.59697095
64316.32,0.00971753
64324.0,0.01456161
64331.66,0.0048219
64345.93,0.01298676
64348.93,1.04413787
64331.66,0.55886538
64331.66,0.42120556
64339.28,0.18364628
64339.27,0.00709383
64316.63,0.19715976
64348.18,0.39855243
64314.2,0.12380791
64313.1,0.01901212
64323.67,0.00123307
64318.0,0.12797779
64307.3,2.16471287
64269.3,0.03690984
64269.3,0.0522248
64278.38,0.34779524
64255.01,0.04551825
64267.2,0.14512766
64266.62,0.64932346
64285.97,0.20015794
64286.47,0.01940309
64251.43,0.13655308
64238.94,0.17099559
64236.93,0.001869
64238.94,0.51182127
64248.44,0.05348022
64262.13,0.00128122
64258.47,0.1027133
64240.57,0.02371764
64258.79,0.16857607
64256.13,1.48242117
64223.02,0.56941077
64218.41,0.22820943
64213.08,0.01476161
64212.95,0.00739039
64228.17,0.38006399
64212.84,0.15249603
64212.85,0.12073613
64232.55,0.02654792
64252.91,0.08579803
64262.65,0.08268425
64262.65,0.61000277
64267.37,1.14365098
64268.97,1.5945696
64287.48,1.21738321
64295.39,0.60415777
64295.13,0.56293503
64273.75,0.4598356
64267.14,1.52242695
64265.34,0.28959171
64278.58,0.00173339
64278.58,0.16626869
64286.14,0.36175247
64305.53,0.72130681
64307.99,0.53359364
64307.99,0.15830032
64317.99,0.15812918
64317.98,0.00737675
64313.96,0.00023554
64313.06,0.01083545
64313.07,0.00023554
64313.07,0.61844706
64313.07,0.10497186
64302.66,0.17162119
64297.13,0.01057212
64303.59,2.16638049
64315.65,0.11139603
64325.69,1.06735926
64315.65,0.00140555
64318.28,0.1590602
64309.86,0.00296831
64309.86,0.12102866
64309.83,0.00218385
64309.83,0.18929378
64302.53,4.39282338
64337.01,1.4250895
64396.18,0.58179993
64376.08,0.2723488
64382.13,1.28946932
64426.3,0.37015815
64363.73,0.29330925
64398.2,0.17194723
64337.72,1.01926838
64327.64,0.71282309
64334.81,0.02199205
64322.57,0.19106579
64303.81,1.11172465
64303.8,0.08147422
64271.06,0.06728241
64226.53,0.02888352
64230.18,0.11926723
64217.03,0.33551172
64169.33,0.16709881
64150.01,0.65226892
64150.01,0.06489103
64162.45,1.41201145
64193.0,0.59180089
64183.01,0.00779188
64174.24,0.16167451
64182.46,1.0541656
64200.13,0.05621364
64175.15,0.9846023
64192.99,0.03542862
64193.39,0.14527269
64196.23,0.00746763
64203.21,1.07148749
64172.78,0.56886922
64149.2,0.50851388
64159.02,0.03150517
64120.22,1.11470864
64076.49,0.24277119
64053.07,0.02255954
64037.95,0.41319558
63990.73,0.99296763
64071.07,0.76907617
64090.06,0.1055578
64060.82,0.00874468
64046.96,0.03426431
63997.57,0.0865093
64005.84,0.04453379
64006.48,0.55694484
63996.92,3.36045853
63983.45,0.32738416
63978.86,0.31279543
63983.9,0.75989659
63979.04,0.22730374
64015.16,0.09464166
63986.84,0.20045912
63957.34,0.45651019
63943.0,0.40368153
63933.0,0.43420902
63925.16,4.05236248
63935.97,0.15374894
63935.98,0.55476147
63935.88,0.00592252
63937.96,0.01254653
63930.95,1.05802068
63916.58,0.32960927
63931.69,1.29375198
63927.16,0.9205343
63933.0,0.94383847
63923.68,0.87857481
63936.15,0.76691058
63886.68,0.05828409
63876.44,0.21536196
63907.03,0.30589691
63925.29,0.82119441
63910.37,0.19809688
63898.33,0.11387449
63893.02,0.7867912
63815.59,0.69488932
63856.33,0.44639172
63884.7,0.97752267
63903.03,1.96164644
63887.57,0.07857625
63892.96,0.53152001
63898.63,0.67670566
63894.53,0.09857398
63895.31,0.56662379
63922.21,0.33914932
63947.7,0.00292171
63913.86,0.0003403
63909.51,0.00054104
63909.52,0.01279611
63906.07,2.35254097
63894.48,0.72270756
63880.0,2.04407306
63886.28,0.10570864
63864.16,0.61680496
63862.04,0.12310285
63886.41,0.01030476
63885.07,0.05836549
63864.11,0.0012912
63851.3,0.01030653
63839.67,0.7505419
63814.27,0.80278115
63792.01,1.15233903
63830.44,0.172518
63844.5,2.40726768
63841.92,0.50218918
63896.31,0.01241103
63877.52,0.69359504
63850.0,0.02764768
63820.15,0.0007356
63815.28,0.06073304
63828.0,0.00437274
63828.41,0.00906721
63826.57,0.33391449
63805.71,0.00400486
63822.63,0.33031796
63800.0,0.42013114
63802.18,0.39952739
63850.67,2.15809532
63854.64,0.05977719
63907.83,5.90643483
63905.79,0.06390692
63893.68,0.11663088
63866.82,0.0006359
63862.54,0.79710796
63863.41,0.19300174
63854.79,0.12159908
63869.68,0.00594885
63869.67,0.22600478
63857.61,0.13983576
63843.23,0.14360719
63820.25,0.43198821
63801.43,1.3507474
63757.15,0.00880964
63763.84,0.54819557
63768.43,0.74691306
63791.6,1.25292845
63781.43,0.02926661
63805.68,0.04297656
63806.38,0.12867368
63819.19,0.35052361
63819.2,0.00224039
63819.2,0.59581208
